region,country,iso_code,year,population,co2_per_capita,oil_co2_per_capita
Asia,Afghanistan,AFG,1990,12045664.0,0.168,0.106
Asia,Afghanistan,AFG,1991,12238879.0,0.156,0.098
Asia,Afghanistan,AFG,1992,13278983.0,0.112,0.078
Asia,Afghanistan,AFG,1993,14943175.0,0.1,0.07
Asia,Afghanistan,AFG,1994,16250800.0,0.089,0.064
Asia,Afghanistan,AFG,1995,17065837.0,0.083,0.059
Asia,Afghanistan,AFG,1996,17763266.0,0.077,0.055
Asia,Afghanistan,AFG,1997,18452100.0,0.071,0.051
Asia,Afghanistan,AFG,1998,19159996.0,0.067,0.049
Asia,Afghanistan,AFG,1999,19887792.0,0.055,0.039
Asia,Afghanistan,AFG,2000,20130334.0,0.052,0.039
Asia,Afghanistan,AFG,2001,20284303.0,0.053,0.038
Asia,Afghanistan,AFG,2002,21378123.0,0.063,0.034
Asia,Afghanistan,AFG,2003,22733053.0,0.069,0.044
Asia,Afghanistan,AFG,2004,23560656.0,0.053,0.039
Asia,Afghanistan,AFG,2005,24404575.0,0.077,0.059
Asia,Afghanistan,AFG,2006,25424100.0,0.085,0.065
Asia,Afghanistan,AFG,2007,25909852.0,0.108,0.067
Asia,Afghanistan,AFG,2008,26482631.0,0.161,0.108
Asia,Afghanistan,AFG,2009,27466102.0,0.233,0.167
Asia,Afghanistan,AFG,2010,28284088.0,0.296,0.206
Asia,Afghanistan,AFG,2011,29347708.0,0.389,0.25
Asia,Afghanistan,AFG,2012,30560036.0,0.318,0.215
Asia,Afghanistan,AFG,2013,31622709.0,0.281,0.177
Asia,Afghanistan,AFG,2014,32792528.0,0.265,0.157
Asia,Afghanistan,AFG,2015,33831767.0,0.277,0.196
Asia,Afghanistan,AFG,2016,34700613.0,0.248,0.167
Asia,Afghanistan,AFG,2017,35688941.0,0.261,0.17
Asia,Afghanistan,AFG,2018,36743040.0,0.277,0.18
Asia,Afghanistan,AFG,2019,37856125.0,0.275,0.181
Asia,Afghanistan,AFG,2020,39068977.0,0.285,0.186
Asia,Afghanistan,AFG,2021,40000410.0,0.247,0.168
Asia,Afghanistan,AFG,2022,40578847.0,0.251,0.161
Asia,Afghanistan,AFG,2023,41454762.0,0.254,0.157
Europe,Albania,ALB,1990,3277965.0,1.684,0.663
Europe,Albania,ALB,1991,3282608.0,1.307,0.679
Europe,Albania,ALB,1992,3282506.0,0.767,0.431
Europe,Albania,ALB,1993,3277831.0,0.713,0.451
Europe,Albania,ALB,1994,3269417.0,0.588,0.491
Europe,Albania,ALB,1995,3258573.0,0.641,0.544
Europe,Albania,ALB,1996,3245680.0,0.622,0.541
Europe,Albania,ALB,1997,3229665.0,0.478,0.437
Europe,Albania,ALB,1998,3210134.0,0.547,0.506
Europe,Albania,ALB,1999,3188598.0,0.937,0.876
Europe,Albania,ALB,2000,3166147.0,0.955,0.897
Europe,Albania,ALB,2001,3147943.0,1.023,0.993
Europe,Albania,ALB,2002,3134095.0,1.196,1.161
Europe,Albania,ALB,2003,3118093.0,1.38,1.248
Europe,Albania,ALB,2004,3098662.0,1.348,1.213
Europe,Albania,ALB,2005,3076156.0,1.385,1.271
Europe,Albania,ALB,2006,3050805.0,1.282,1.16
Europe,Albania,ALB,2007,3022887.0,1.324,1.135
Europe,Albania,ALB,2008,2992933.0,1.486,1.285
Europe,Albania,ALB,2009,2961487.0,1.476,1.135
Europe,Albania,ALB,2010,2928731.0,1.645,1.197
Europe,Albania,ALB,2011,2911499.0,1.778,1.231
Europe,Albania,ALB,2012,2910003.0,1.694,1.091
Europe,Albania,ALB,2013,2907571.0,1.839,1.148
Europe,Albania,ALB,2014,2903748.0,2.091,1.33
Europe,Albania,ALB,2015,2898634.0,1.626,1.152
Europe,Albania,ALB,2016,2897868.0,1.572,1.161
Europe,Albania,ALB,2017,2898245.0,1.844,1.303
Europe,Albania,ALB,2018,2894229.0,1.795,1.152
Europe,Albania,ALB,2019,2885011.0,1.712,1.187
Europe,Albania,ALB,2020,2871950.0,1.694,1.001
Europe,Albania,ALB,2021,2849641.0,1.803,1.004
Europe,Albania,ALB,2022,2827614.0,1.591,1.042
Europe,Albania,ALB,2023,2811660.0,1.571,1.034
Africa,Algeria,DZA,1990,25375815.0,2.991,0.914
Africa,Algeria,DZA,1991,25987937.0,3.0,1.003
Africa,Algeria,DZA,1992,26628570.0,2.977,1.077
Africa,Algeria,DZA,1993,27277042.0,2.981,1.026
Africa,Algeria,DZA,1994,27887277.0,3.15,1.092
Africa,Algeria,DZA,1995,28470194.0,3.369,0.951
Africa,Algeria,DZA,1996,29033045.0,3.429,0.944
Africa,Algeria,DZA,1997,29579299.0,2.959,1.015
Africa,Algeria,DZA,1998,30054135.0,3.518,1.101
Africa,Algeria,DZA,1999,30474360.0,2.973,0.728
Africa,Algeria,DZA,2000,30903894.0,2.736,0.868
Africa,Algeria,DZA,2001,31331226.0,2.745,0.908
Africa,Algeria,DZA,2002,31750832.0,2.824,0.929
Africa,Algeria,DZA,2003,32175813.0,2.924,0.993
Africa,Algeria,DZA,2004,32628286.0,2.784,1.006
Africa,Algeria,DZA,2005,33109258.0,3.309,0.938
Africa,Algeria,DZA,2006,33623505.0,3.087,1.048
Africa,Algeria,DZA,2007,34189420.0,3.146,1.121
Africa,Algeria,DZA,2008,34816963.0,3.119,1.073
Africa,Algeria,DZA,2009,35490442.0,3.278,1.265
Africa,Algeria,DZA,2010,36188237.0,3.257,1.254
Africa,Algeria,DZA,2011,36903374.0,3.38,1.271
Africa,Algeria,DZA,2012,37646165.0,3.602,1.289
Africa,Algeria,DZA,2013,38414176.0,3.684,1.354
Africa,Algeria,DZA,2014,39205035.0,3.888,1.367
Africa,Algeria,DZA,2015,40019528.0,4.006,1.389
Africa,Algeria,DZA,2016,40850719.0,3.875,1.337
Africa,Algeria,DZA,2017,41689302.0,3.964,1.327
Africa,Algeria,DZA,2018,42505033.0,4.104,1.323
Africa,Algeria,DZA,2019,43294551.0,4.214,1.377
Africa,Algeria,DZA,2020,44042094.0,3.886,1.229
Africa,Algeria,DZA,2021,44761099.0,4.067,1.281
Africa,Algeria,DZA,2022,45477391.0,4.239,1.355
Africa,Algeria,DZA,2023,46164222.0,4.394,1.401
Europe,Andorra,AND,1990,52616.0,7.66,7.66
Europe,Andorra,AND,1991,56691.0,7.109,7.109
Europe,Andorra,AND,1992,60217.0,6.693,6.693
Europe,Andorra,AND,1993,63293.0,6.426,6.426
Europe,Andorra,AND,1994,64631.0,6.236,6.236
Europe,Andorra,AND,1995,63936.0,6.648,6.648
Europe,Andorra,AND,1996,64006.0,7.098,7.098
Europe,Andorra,AND,1997,64722.0,7.19,7.19
Europe,Andorra,AND,1998,65400.0,7.507,7.507
Europe,Andorra,AND,1999,65732.0,7.804,7.804
Europe,Andorra,AND,2000,65703.0,7.975,7.975
Europe,Andorra,AND,2001,65874.0,7.954,7.954
Europe,Andorra,AND,2002,66528.0,7.986,7.986
Europe,Andorra,AND,2003,69507.0,7.696,7.696
Europe,Andorra,AND,2004,74342.0,7.59,7.59
Europe,Andorra,AND,2005,77436.0,7.476,7.476
Europe,Andorra,AND,2006,79609.0,6.858,6.858
Europe,Andorra,AND,2007,81901.0,6.576,6.576
Europe,Andorra,AND,2008,83513.0,6.449,6.449
Europe,Andorra,AND,2009,83907.0,6.157,6.157
Europe,Andorra,AND,2010,80727.0,6.4,6.4
Europe,Andorra,AND,2011,77801.0,6.311,6.311
Europe,Andorra,AND,2012,76858.0,6.34,6.34
Europe,Andorra,AND,2013,75220.0,6.332,6.332
Europe,Andorra,AND,2014,73755.0,6.259,6.259
Europe,Andorra,AND,2015,72195.0,6.445,6.445
Europe,Andorra,AND,2016,72197.0,6.547,6.547
Europe,Andorra,AND,2017,73780.0,6.406,6.357
Europe,Andorra,AND,2018,75181.0,6.628,6.579
Europe,Andorra,AND,2019,76492.0,6.419,6.37
Europe,Andorra,AND,2020,77397.0,4.876,4.828
Europe,Andorra,AND,2021,78379.0,5.282,5.189
Europe,Andorra,AND,2022,79722.0,5.311,5.219
Europe,Andorra,AND,2023,80869.0,5.17,5.079
Africa,Angola,AGO,1990,11626361.0,0.438,0.213
Africa,Angola,AGO,1991,12023532.0,0.421,0.19
Africa,Angola,AGO,1992,12423717.0,0.416,0.184
Africa,Angola,AGO,1993,12827136.0,0.448,0.231
Africa,Angola,AGO,1994,13249763.0,0.857,0.261
Africa,Angola,AGO,1995,13699780.0,0.921,0.22
Africa,Angola,AGO,1996,14170973.0,1.076,0.231
Africa,Angola,AGO,1997,14660419.0,1.083,0.227
Africa,Angola,AGO,1998,15159378.0,1.089,0.182
Africa,Angola,AGO,1999,15667235.0,1.102,0.237
Africa,Angola,AGO,2000,16194873.0,0.988,0.226
Africa,Angola,AGO,2001,16747204.0,0.95,0.257
Africa,Angola,AGO,2002,17327701.0,0.928,0.29
Africa,Angola,AGO,2003,17943718.0,0.974,0.381
Africa,Angola,AGO,2004,18600426.0,0.915,0.328
Africa,Angola,AGO,2005,19291160.0,0.798,0.245
Africa,Angola,AGO,2006,20015281.0,0.857,0.388
Africa,Angola,AGO,2007,20778570.0,0.846,0.424
Africa,Angola,AGO,2008,21578656.0,0.869,0.474
Africa,Angola,AGO,2009,22414775.0,0.922,0.549
Africa,Angola,AGO,2010,23294822.0,0.987,0.574
Africa,Angola,AGO,2011,24218358.0,0.966,0.592
Africa,Angola,AGO,2012,25177398.0,1.03,0.686
Africa,Angola,AGO,2013,26165616.0,0.983,0.667
Africa,Angola,AGO,2014,27160767.0,0.961,0.625
Africa,Angola,AGO,2015,28157802.0,0.977,0.574
Africa,Angola,AGO,2016,29183072.0,0.873,0.486
Africa,Angola,AGO,2017,30234836.0,0.781,0.459
Africa,Angola,AGO,2018,31297160.0,0.744,0.492
Africa,Angola,AGO,2019,32375633.0,0.686,0.441
Africa,Angola,AGO,2020,33451139.0,0.495,0.283
Africa,Angola,AGO,2021,34532427.0,0.557,0.356
Africa,Angola,AGO,2022,35635028.0,0.592,0.418
Africa,Angola,AGO,2023,36749909.0,0.59,0.418
North America,Anguilla,AIA,1990,8422.0,5.221,5.221
North America,Anguilla,AIA,1991,8728.0,5.038,5.038
North America,Anguilla,AIA,1992,9005.0,5.29,5.29
North America,Anguilla,AIA,1993,9252.0,5.94,5.94
North America,Anguilla,AIA,1994,9489.0,5.792,5.792
North America,Anguilla,AIA,1995,9738.0,5.644,5.644
North America,Anguilla,AIA,1996,10000.0,5.862,5.862
North America,Anguilla,AIA,1997,10278.0,5.704,5.704
North America,Anguilla,AIA,1998,10557.0,6.247,6.247
North America,Anguilla,AIA,1999,10864.0,6.408,6.408
North America,Anguilla,AIA,2000,11196.0,7.2,7.2
North America,Anguilla,AIA,2001,11497.0,7.33,7.33
North America,Anguilla,AIA,2002,11714.0,7.194,7.194
North America,Anguilla,AIA,2003,11903.0,7.388,7.388
North America,Anguilla,AIA,2004,12092.0,8.181,8.181
North America,Anguilla,AIA,2005,12290.0,8.944,8.944
North America,Anguilla,AIA,2006,12493.0,9.678,9.678
North America,Anguilla,AIA,2007,12697.0,9.811,9.811
North America,Anguilla,AIA,2008,12911.0,9.649,9.649
North America,Anguilla,AIA,2009,13138.0,9.482,9.482
North America,Anguilla,AIA,2010,13372.0,9.59,9.59
North America,Anguilla,AIA,2011,13593.0,9.165,9.165
North America,Anguilla,AIA,2012,13401.0,9.023,9.023
North America,Anguilla,AIA,2013,13272.0,8.558,8.558
North America,Anguilla,AIA,2014,13748.0,8.795,8.795
North America,Anguilla,AIA,2015,14235.0,9.524,9.524
North America,Anguilla,AIA,2016,14344.0,9.707,9.707
North America,Anguilla,AIA,2017,14450.0,8.875,8.875
North America,Anguilla,AIA,2018,14747.0,8.944,8.944
North America,Anguilla,AIA,2019,14845.0,9.626,9.626
North America,Anguilla,AIA,2020,14864.0,9.121,9.121
North America,Anguilla,AIA,2021,14503.0,9.6,9.6
North America,Anguilla,AIA,2022,14202.0,10.062,10.062
North America,Anguilla,AIA,2023,14435.0,9.879,9.879
North America,Antigua and Barbuda,ATG,1990,63087.0,3.833,3.833
North America,Antigua and Barbuda,ATG,1991,63406.0,3.929,3.929
North America,Antigua and Barbuda,ATG,1992,64422.0,3.867,3.867
North America,Antigua and Barbuda,ATG,1993,65601.0,3.91,3.91
North America,Antigua and Barbuda,ATG,1994,66860.0,4.0,4.0
North America,Antigua and Barbuda,ATG,1995,68210.0,3.975,3.975
North America,Antigua and Barbuda,ATG,1996,69629.0,4.104,4.104
North America,Antigua and Barbuda,ATG,1997,71071.0,4.331,4.331
North America,Antigua and Barbuda,ATG,1998,72430.0,4.452,4.452
North America,Antigua and Barbuda,ATG,1999,73681.0,4.674,4.674
North America,Antigua and Barbuda,ATG,2000,74929.0,4.743,4.743
North America,Antigua and Barbuda,ATG,2001,76082.0,4.912,4.912
North America,Antigua and Barbuda,ATG,2002,77049.0,5.231,5.231
North America,Antigua and Barbuda,ATG,2003,77896.0,5.55,5.55
North America,Antigua and Barbuda,ATG,2004,78734.0,5.724,5.724
North America,Antigua and Barbuda,ATG,2005,79628.0,6.028,6.028
North America,Antigua and Barbuda,ATG,2006,80619.0,6.408,6.408
North America,Antigua and Barbuda,ATG,2007,81716.0,6.546,6.546
North America,Antigua and Barbuda,ATG,2008,82926.0,6.495,6.495
North America,Antigua and Barbuda,ATG,2009,84193.0,6.615,6.615
North America,Antigua and Barbuda,ATG,2010,85337.0,6.44,6.44
North America,Antigua and Barbuda,ATG,2011,86350.0,6.322,6.322
North America,Antigua and Barbuda,ATG,2012,87275.0,6.381,6.381
North America,Antigua and Barbuda,ATG,2013,88074.0,6.323,6.323
North America,Antigua and Barbuda,ATG,2014,88784.0,6.397,6.397
North America,Antigua and Barbuda,ATG,2015,89421.0,6.474,6.474
North America,Antigua and Barbuda,ATG,2016,89980.0,6.597,6.597
North America,Antigua and Barbuda,ATG,2017,90483.0,6.641,6.641
North America,Antigua and Barbuda,ATG,2018,90942.0,6.769,6.769
North America,Antigua and Barbuda,ATG,2019,91377.0,6.977,6.977
North America,Antigua and Barbuda,ATG,2020,91864.0,6.701,6.701
North America,Antigua and Barbuda,ATG,2021,92358.0,6.863,6.863
North America,Antigua and Barbuda,ATG,2022,92850.0,6.913,6.913
North America,Antigua and Barbuda,ATG,2023,93331.0,6.863,6.863
South America,Argentina,ARG,1990,32755907.0,3.425,1.807
South America,Argentina,ARG,1991,33230293.0,3.543,1.843
South America,Argentina,ARG,1992,33693532.0,3.606,1.889
South America,Argentina,ARG,1993,34152719.0,3.456,1.966
South America,Argentina,ARG,1994,34613492.0,3.424,1.942
South America,Argentina,ARG,1995,35070016.0,3.576,1.792
South America,Argentina,ARG,1996,35513795.0,3.701,1.856
South America,Argentina,ARG,1997,35947790.0,3.8,1.86
South America,Argentina,ARG,1998,36372862.0,3.835,1.913
South America,Argentina,ARG,1999,36794687.0,4.032,1.976
South America,Argentina,ARG,2000,37213986.0,3.852,1.812
South America,Argentina,ARG,2001,37624817.0,3.588,1.71
South America,Argentina,ARG,2002,38029345.0,3.285,1.512
South America,Argentina,ARG,2003,38424283.0,3.498,1.545
South America,Argentina,ARG,2004,38815915.0,4.051,1.747
South America,Argentina,ARG,2005,39216786.0,4.124,1.831
South America,Argentina,ARG,2006,39622113.0,4.4,2.067
South America,Argentina,ARG,2007,40016767.0,4.342,1.948
South America,Argentina,ARG,2008,40424151.0,4.641,2.193
South America,Argentina,ARG,2009,40854832.0,4.366,2.016
South America,Argentina,ARG,2010,41288694.0,4.508,2.183
South America,Argentina,ARG,2011,41730655.0,4.55,2.083
South America,Argentina,ARG,2012,42161718.0,4.547,2.03
South America,Argentina,ARG,2013,42582453.0,4.451,2.055
South America,Argentina,ARG,2014,43024071.0,4.382,1.959
South America,Argentina,ARG,2015,43477011.0,4.412,2.0
South America,Argentina,ARG,2016,43900312.0,4.328,1.926
South America,Argentina,ARG,2017,44288898.0,4.224,1.826
South America,Argentina,ARG,2018,44654876.0,4.087,1.704
South America,Argentina,ARG,2019,44973469.0,4.012,1.703
South America,Argentina,ARG,2020,45191960.0,3.643,1.475
South America,Argentina,ARG,2021,45312282.0,4.197,1.886
South America,Argentina,ARG,2022,45407904.0,4.047,1.805
South America,Argentina,ARG,2023,45538402.0,3.918,1.74
Asia,Armenia,ARM,1990,3552130.0,2.535,1.023
Asia,Armenia,ARM,1991,3613978.0,2.043,0.779
Asia,Armenia,ARM,1992,3571870.0,1.602,0.496
Asia,Armenia,ARM,1993,3453339.0,0.727,0.272
Asia,Armenia,ARM,1994,3364620.0,0.798,0.28
Asia,Armenia,ARM,1995,3307586.0,1.017,0.203
Asia,Armenia,ARM,1996,3278738.0,0.763,0.112
Asia,Armenia,ARM,1997,3246292.0,1.002,0.121
Asia,Armenia,ARM,1998,3208399.0,1.066,0.127
Asia,Armenia,ARM,1999,3167282.0,0.96,0.185
Asia,Armenia,ARM,2000,3125630.0,1.117,0.252
Asia,Armenia,ARM,2001,3084350.0,1.145,0.252
Asia,Armenia,ARM,2002,3055636.0,1.007,0.267
Asia,Armenia,ARM,2003,3038976.0,1.137,0.307
Asia,Armenia,ARM,2004,3022544.0,1.221,0.304
Asia,Armenia,ARM,2005,3006360.0,1.456,0.327
Asia,Armenia,ARM,2006,2990371.0,1.472,0.308
Asia,Armenia,ARM,2007,2974825.0,1.714,0.311
Asia,Armenia,ARM,2008,2959996.0,1.883,0.349
Asia,Armenia,ARM,2009,2945518.0,1.481,0.323
Asia,Armenia,ARM,2010,2931083.0,1.452,0.344
Asia,Armenia,ARM,2011,2923269.0,1.7,0.322
Asia,Armenia,ARM,2012,2922529.0,1.967,0.307
Asia,Armenia,ARM,2013,2922526.0,1.894,0.293
Asia,Armenia,ARM,2014,2922433.0,1.918,0.296
Asia,Armenia,ARM,2015,2921179.0,1.872,0.272
Asia,Armenia,ARM,2016,2918796.0,1.784,0.278
Asia,Armenia,ARM,2017,2914966.0,1.899,0.298
Asia,Armenia,ARM,2018,2909971.0,2.001,0.283
Asia,Armenia,ARM,2019,2903975.0,2.164,0.36
Asia,Armenia,ARM,2020,2890893.0,2.351,0.502
Asia,Armenia,ARM,2021,2870339.0,2.561,0.531
Asia,Armenia,ARM,2022,2880880.0,2.672,0.528
Asia,Armenia,ARM,2023,2943398.0,2.524,0.531
North America,Aruba,ABW,1990,64452.0,7.561,7.561
North America,Aruba,ABW,1991,66564.0,7.981,7.981
North America,Aruba,ABW,1992,68889.0,7.818,7.818
North America,Aruba,ABW,1993,71091.0,9.123,9.123
North America,Aruba,ABW,1994,73475.0,8.976,8.976
North America,Aruba,ABW,1995,75930.0,9.361,9.361
North America,Aruba,ABW,1996,78497.0,9.195,9.195
North America,Aruba,ABW,1997,81123.0,9.349,9.349
North America,Aruba,ABW,1998,83788.0,9.62,9.62
North America,Aruba,ABW,1999,86483.0,9.363,9.363
North America,Aruba,ABW,2000,88772.0,26.787,26.787
North America,Aruba,ABW,2001,90320.0,26.652,26.652
North America,Aruba,ABW,2002,91393.0,26.66,26.66
North America,Aruba,ABW,2003,92324.0,27.741,27.741
North America,Aruba,ABW,2004,93223.0,28.063,28.063
North America,Aruba,ABW,2005,94239.0,28.81,28.81
North America,Aruba,ABW,2006,95403.0,28.42,28.42
North America,Aruba,ABW,2007,96604.0,29.205,29.205
North America,Aruba,ABW,2008,97815.0,27.157,27.157
North America,Aruba,ABW,2009,99040.0,26.526,26.526
North America,Aruba,ABW,2010,100127.0,25.03,25.03
North America,Aruba,ABW,2011,100995.0,24.706,24.706
North America,Aruba,ABW,2012,101774.0,13.212,13.212
North America,Aruba,ABW,2013,102570.0,8.395,8.395
North America,Aruba,ABW,2014,103381.0,8.435,8.435
North America,Aruba,ABW,2015,104200.0,8.615,8.615
North America,Aruba,ABW,2016,104989.0,8.411,8.411
North America,Aruba,ABW,2017,105737.0,8.42,8.42
North America,Aruba,ABW,2018,106447.0,8.158,8.158
North America,Aruba,ABW,2019,107089.0,7.767,7.767
North America,Aruba,ABW,2020,107411.0,7.641,7.641
North America,Aruba,ABW,2021,107565.0,8.005,8.005
North America,Aruba,ABW,2022,107792.0,8.242,8.242
North America,Aruba,ABW,2023,107946.0,8.213,8.213
Oceania,Australia,AUS,1990,17126304.0,16.236,5.188
Oceania,Australia,AUS,1991,17353191.0,16.103,5.086
Oceania,Australia,AUS,1992,17549286.0,16.208,5.01
Oceania,Australia,AUS,1993,17722905.0,16.294,5.1
Oceania,Australia,AUS,1994,17897433.0,16.405,5.136
Oceania,Australia,AUS,1995,18095340.0,16.853,5.313
Oceania,Australia,AUS,1996,18305305.0,17.036,5.393
Oceania,Australia,AUS,1997,18504911.0,17.306,5.318
Oceania,Australia,AUS,1998,18701710.0,17.861,5.303
Oceania,Australia,AUS,1999,18909980.0,18.185,5.333
Oceania,Australia,AUS,2000,19132472.0,18.288,5.367
Oceania,Australia,AUS,2001,19365438.0,18.469,5.329
Oceania,Australia,AUS,2002,19595356.0,18.495,5.383
Oceania,Australia,AUS,2003,19819449.0,18.708,5.598
Oceania,Australia,AUS,2004,20046679.0,19.056,5.691
Oceania,Australia,AUS,2005,20294490.0,18.975,5.748
Oceania,Australia,AUS,2006,20590566.0,19.007,5.702
Oceania,Australia,AUS,2007,20954545.0,19.036,5.672
Oceania,Australia,AUS,2008,21370595.0,18.918,5.731
Oceania,Australia,AUS,2009,21783014.0,18.683,5.617
Oceania,Australia,AUS,2010,22141583.0,18.293,5.623
Oceania,Australia,AUS,2011,22479779.0,17.966,5.776
Oceania,Australia,AUS,2012,22852648.0,17.722,5.797
Oceania,Australia,AUS,2013,23236271.0,17.122,5.843
Oceania,Australia,AUS,2014,23595599.0,16.639,5.812
Oceania,Australia,AUS,2015,23947997.0,16.727,5.715
Oceania,Australia,AUS,2016,24329963.0,16.838,5.621
Oceania,Australia,AUS,2017,24731044.0,16.716,5.629
Oceania,Australia,AUS,2018,25119700.0,16.512,5.709
Oceania,Australia,AUS,2019,25482714.0,16.283,5.6
Oceania,Australia,AUS,2020,25743787.0,15.481,5.235
Oceania,Australia,AUS,2021,25956417.0,14.966,5.169
Oceania,Australia,AUS,2022,26200987.0,14.659,5.108
Oceania,Australia,AUS,2023,26451126.0,14.529,5.354
Europe,Austria,AUT,1990,7679627.0,8.098,3.763
Europe,Austria,AUT,1991,7757140.0,8.481,4.049
Europe,Austria,AUT,1992,7842715.0,7.688,3.845
Europe,Austria,AUT,1993,7907492.0,7.678,3.954
Europe,Austria,AUT,1994,7938157.0,7.694,3.869
Europe,Austria,AUT,1995,7950322.0,8.058,3.881
Europe,Austria,AUT,1996,7960917.0,8.468,4.243
Europe,Austria,AUT,1997,7969804.0,8.445,4.122
Europe,Austria,AUT,1998,7978465.0,8.39,4.343
Europe,Austria,AUT,1999,7993894.0,8.215,4.104
Europe,Austria,AUT,2000,8012929.0,8.262,4.016
Europe,Austria,AUT,2001,8042233.0,8.728,4.28
Europe,Austria,AUT,2002,8081640.0,8.908,4.463
Europe,Austria,AUT,2003,8122604.0,9.53,4.812
Europe,Austria,AUT,2004,8173496.0,9.508,4.786
Europe,Austria,AUT,2005,8229204.0,9.612,4.787
Europe,Austria,AUT,2006,8269901.0,9.286,4.609
Europe,Austria,AUT,2007,8296948.0,8.93,4.412
Europe,Austria,AUT,2008,8323250.0,8.827,4.26
Europe,Austria,AUT,2009,8345073.0,8.065,4.123
Europe,Austria,AUT,2010,8365087.0,8.607,4.158
Europe,Austria,AUT,2011,8393272.0,8.327,3.964
Europe,Austria,AUT,2012,8431599.0,7.977,3.87
Europe,Austria,AUT,2013,8481411.0,7.989,3.944
Europe,Austria,AUT,2014,8547812.0,7.506,3.792
Europe,Austria,AUT,2015,8644037.0,7.677,3.817
Europe,Austria,AUT,2016,8737920.0,7.693,3.903
Europe,Austria,AUT,2017,8798779.0,7.91,3.926
Europe,Austria,AUT,2018,8841653.0,7.529,3.855
Europe,Austria,AUT,2019,8880876.0,7.651,3.838
Europe,Austria,AUT,2020,8921402.0,6.97,3.45
Europe,Austria,AUT,2021,8967053.0,7.333,3.588
Europe,Austria,AUT,2022,9064678.0,6.78,3.387
Europe,Austria,AUT,2023,9130434.0,6.233,3.217
Asia,Azerbaijan,AZE,1990,7231084.0,7.101,3.111
Asia,Azerbaijan,AZE,1991,7314317.0,6.846,3.082
Asia,Azerbaijan,AZE,1992,7405781.0,7.585,4.216
Asia,Azerbaijan,AZE,1993,7504119.0,6.451,4.107
Asia,Azerbaijan,AZE,1994,7608894.0,5.513,3.29
Asia,Azerbaijan,AZE,1995,7719283.0,4.315,2.576
Asia,Azerbaijan,AZE,1996,7830981.0,3.99,2.474
Asia,Azerbaijan,AZE,1997,7936220.0,3.76,2.337
Asia,Azerbaijan,AZE,1998,8025808.0,3.96,2.61
Asia,Azerbaijan,AZE,1999,8100472.0,3.558,2.071
Asia,Azerbaijan,AZE,2000,8174784.0,3.641,2.198
Asia,Azerbaijan,AZE,2001,8251776.0,3.444,1.367
Asia,Azerbaijan,AZE,2002,8326141.0,3.431,1.356
Asia,Azerbaijan,AZE,2003,8400528.0,3.629,1.511
Asia,Azerbaijan,AZE,2004,8489874.0,3.799,1.5
Asia,Azerbaijan,AZE,2005,8597248.0,3.977,1.703
Asia,Azerbaijan,AZE,2006,8711380.0,3.963,1.49
Asia,Azerbaijan,AZE,2007,8828313.0,3.402,1.298
Asia,Azerbaijan,AZE,2008,8942637.0,3.694,1.186
Asia,Azerbaijan,AZE,2009,9046336.0,3.217,1.021
Asia,Azerbaijan,AZE,2010,9146852.0,3.012,0.951
Asia,Azerbaijan,AZE,2011,9256156.0,3.264,1.109
Asia,Azerbaijan,AZE,2012,9376179.0,3.495,1.241
Asia,Azerbaijan,AZE,2013,9504417.0,3.531,1.27
Asia,Azerbaijan,AZE,2014,9631136.0,3.566,1.207
Asia,Azerbaijan,AZE,2015,9752859.0,3.556,1.183
Asia,Azerbaijan,AZE,2016,9868434.0,3.519,1.23
Asia,Azerbaijan,AZE,2017,9968510.0,3.481,1.263
Asia,Azerbaijan,AZE,2018,10039782.0,3.444,1.179
Asia,Azerbaijan,AZE,2019,10110483.0,3.734,1.198
Asia,Azerbaijan,AZE,2020,10181736.0,3.559,1.044
Asia,Azerbaijan,AZE,2021,10234372.0,3.742,1.148
Asia,Azerbaijan,AZE,2022,10295307.0,3.999,1.248
Asia,Azerbaijan,AZE,2023,10318209.0,4.143,1.296
North America,Bahamas,BHS,1990,275954.0,7.329,7.316
North America,Bahamas,BHS,1991,280745.0,7.113,7.1
North America,Bahamas,BHS,1992,285938.0,6.535,6.522
North America,Bahamas,BHS,1993,291350.0,5.986,5.974
North America,Bahamas,BHS,1994,296519.0,5.968,5.956
North America,Bahamas,BHS,1995,301471.0,6.101,6.089
North America,Bahamas,BHS,1996,306281.0,5.922,5.91
North America,Bahamas,BHS,1997,310914.0,5.173,5.162
North America,Bahamas,BHS,1998,315376.0,6.309,6.297
North America,Bahamas,BHS,1999,319623.0,6.362,6.351
North America,Bahamas,BHS,2000,323846.0,6.257,6.245
North America,Bahamas,BHS,2001,327847.0,5.934,5.923
North America,Bahamas,BHS,2002,331625.0,6.132,6.121
North America,Bahamas,BHS,2003,335625.0,6.168,6.146
North America,Bahamas,BHS,2004,339794.0,6.028,6.006
North America,Bahamas,BHS,2005,343905.0,5.54,5.519
North America,Bahamas,BHS,2006,348386.0,5.322,5.301
North America,Bahamas,BHS,2007,353343.0,5.299,5.288
North America,Bahamas,BHS,2008,358133.0,5.361,5.351
North America,Bahamas,BHS,2009,362806.0,5.938,5.928
North America,Bahamas,BHS,2010,367482.0,6.072,6.062
North America,Bahamas,BHS,2011,371738.0,5.677,5.667
North America,Bahamas,BHS,2012,375474.0,5.455,5.445
North America,Bahamas,BHS,2013,378957.0,5.26,5.25
North America,Bahamas,BHS,2014,382312.0,5.396,5.386
North America,Bahamas,BHS,2015,385355.0,5.79,5.781
North America,Bahamas,BHS,2016,388060.0,5.788,5.778
North America,Bahamas,BHS,2017,390496.0,6.455,6.446
North America,Bahamas,BHS,2018,392718.0,6.251,6.242
North America,Bahamas,BHS,2019,394684.0,6.387,6.378
North America,Bahamas,BHS,2020,395874.0,5.183,5.174
North America,Bahamas,BHS,2021,396381.0,6.877,6.868
North America,Bahamas,BHS,2022,397542.0,7.451,7.442
North America,Bahamas,BHS,2023,399452.0,7.4,7.391
Asia,Bahrain,BHR,1990,514799.0,22.327,2.021
Asia,Bahrain,BHR,1991,531883.0,21.3,2.618
Asia,Bahrain,BHR,1992,547753.0,18.99,0.843
Asia,Bahrain,BHR,1993,562820.0,29.758,7.532
Asia,Bahrain,BHR,1994,577960.0,24.832,3.633
Asia,Bahrain,BHR,1995,593230.0,24.854,2.866
Asia,Bahrain,BHR,1996,608593.0,26.195,4.088
Asia,Bahrain,BHR,1997,624019.0,27.597,4.369
Asia,Bahrain,BHR,1998,639391.0,28.583,4.693
Asia,Bahrain,BHR,1999,654622.0,27.885,3.705
Asia,Bahrain,BHR,2000,669589.0,28.673,4.564
Asia,Bahrain,BHR,2001,699964.0,28.115,4.847
Asia,Bahrain,BHR,2002,752205.0,26.737,4.335
Asia,Bahrain,BHR,2003,811276.0,25.856,4.616
Asia,Bahrain,BHR,2004,871446.0,24.331,4.873
Asia,Bahrain,BHR,2005,932618.0,26.256,5.76
Asia,Bahrain,BHR,2006,994626.0,24.166,3.754
Asia,Bahrain,BHR,2007,1057419.0,25.18,5.447
Asia,Bahrain,BHR,2008,1120718.0,26.344,5.849
Asia,Bahrain,BHR,2009,1183616.0,23.773,3.102
Asia,Bahrain,BHR,2010,1213248.0,24.02,3.391
Asia,Bahrain,BHR,2011,1206733.0,23.654,3.085
Asia,Bahrain,BHR,2012,1216307.0,22.365,1.774
Asia,Bahrain,BHR,2013,1257206.0,24.839,3.474
Asia,Bahrain,BHR,2014,1312857.0,23.59,1.532
Asia,Bahrain,BHR,2015,1369656.0,23.744,2.758
Asia,Bahrain,BHR,2016,1429609.0,22.129,2.596
Asia,Bahrain,BHR,2017,1482003.0,22.211,2.752
Asia,Bahrain,BHR,2018,1497634.0,21.833,2.456
Asia,Bahrain,BHR,2019,1485675.0,25.319,2.523
Asia,Bahrain,BHR,2020,1483081.0,25.238,2.433
Asia,Bahrain,BHR,2021,1501762.0,24.148,2.169
Asia,Bahrain,BHR,2022,1533460.0,24.668,3.037
Asia,Bahrain,BHR,2023,1569674.0,24.71,3.0
Asia,Bangladesh,BGD,1990,111633722.0,0.126,0.048
Asia,Bangladesh,BGD,1991,113787112.0,0.13,0.046
Asia,Bangladesh,BGD,1992,115952198.0,0.133,0.046
Asia,Bangladesh,BGD,1993,118132363.0,0.136,0.046
Asia,Bangladesh,BGD,1994,120343183.0,0.146,0.049
Asia,Bangladesh,BGD,1995,122600372.0,0.172,0.055
Asia,Bangladesh,BGD,1996,124862185.0,0.172,0.057
Asia,Bangladesh,BGD,1997,127198070.0,0.182,0.066
Asia,Bangladesh,BGD,1998,129622332.0,0.179,0.064
Asia,Bangladesh,BGD,1999,132108065.0,0.19,0.067
Asia,Bangladesh,BGD,2000,134544303.0,0.197,0.057
Asia,Bangladesh,BGD,2001,136805810.0,0.227,0.072
Asia,Bangladesh,BGD,2002,138933659.0,0.23,0.071
Asia,Bangladesh,BGD,2003,140970355.0,0.238,0.07
Asia,Bangladesh,BGD,2004,142902857.0,0.252,0.075
Asia,Bangladesh,BGD,2005,144715789.0,0.261,0.073
Asia,Bangladesh,BGD,2006,146405983.0,0.285,0.075
Asia,Bangladesh,BGD,2007,147989282.0,0.288,0.069
Asia,Bangladesh,BGD,2008,149474264.0,0.303,0.067
Asia,Bangladesh,BGD,2009,150873716.0,0.326,0.066
Asia,Bangladesh,BGD,2010,152201978.0,0.355,0.072
Asia,Bangladesh,BGD,2011,153591074.0,0.362,0.09
Asia,Bangladesh,BGD,2012,155070110.0,0.385,0.1
Asia,Bangladesh,BGD,2013,156532134.0,0.414,0.104
Asia,Bangladesh,BGD,2014,157964931.0,0.428,0.116
Asia,Bangladesh,BGD,2015,159383179.0,0.483,0.117
Asia,Bangladesh,BGD,2016,160811934.0,0.508,0.135
Asia,Bangladesh,BGD,2017,162186146.0,0.534,0.157
Asia,Bangladesh,BGD,2018,163523109.0,0.53,0.149
Asia,Bangladesh,BGD,2019,164913060.0,0.575,0.153
Asia,Bangladesh,BGD,2020,166298024.0,0.576,0.142
Asia,Bangladesh,BGD,2021,167658855.0,0.588,0.135
Asia,Bangladesh,BGD,2022,169384891.0,0.603,0.152
Asia,Bangladesh,BGD,2023,171466986.0,0.61,0.126
North America,Barbados,BRB,1990,258583.0,4.011,3.415
North America,Barbados,BRB,1991,259382.0,4.563,3.998
North America,Barbados,BRB,1992,260272.0,4.473,3.985
North America,Barbados,BRB,1993,261036.0,3.584,3.312
North America,Barbados,BRB,1994,261625.0,3.593,3.291
North America,Barbados,BRB,1995,262046.0,3.903,3.621
North America,Barbados,BRB,1996,262290.0,4.002,3.674
North America,Barbados,BRB,1997,262405.0,4.404,3.924
North America,Barbados,BRB,1998,262434.0,4.678,4.049
North America,Barbados,BRB,1999,262521.0,4.958,4.299
North America,Barbados,BRB,2000,262071.0,4.995,4.334
North America,Barbados,BRB,2001,262429.0,4.982,4.384
North America,Barbados,BRB,2002,264155.0,4.985,4.3
North America,Barbados,BRB,2003,265789.0,5.111,4.411
North America,Barbados,BRB,2004,267297.0,5.188,4.496
North America,Barbados,BRB,2005,268717.0,5.318,4.622
North America,Barbados,BRB,2006,270011.0,5.448,4.736
North America,Barbados,BRB,2007,271298.0,5.415,4.727
North America,Barbados,BRB,2008,272719.0,6.356,5.698
North America,Barbados,BRB,2009,274137.0,6.2,5.655
North America,Barbados,BRB,2010,275251.0,5.692,5.205
North America,Barbados,BRB,2011,276150.0,5.889,5.4
North America,Barbados,BRB,2012,276949.0,5.612,5.186
North America,Barbados,BRB,2013,277669.0,5.546,5.12
North America,Barbados,BRB,2014,278355.0,4.913,4.502
North America,Barbados,BRB,2015,278999.0,4.784,4.386
North America,Barbados,BRB,2016,279604.0,4.905,4.509
North America,Barbados,BRB,2017,280177.0,4.994,4.472
North America,Barbados,BRB,2018,280719.0,5.154,4.594
North America,Barbados,BRB,2019,281216.0,4.95,4.404
North America,Barbados,BRB,2020,281706.0,4.457,4.058
North America,Barbados,BRB,2021,282157.0,4.218,3.752
North America,Barbados,BRB,2022,282324.0,4.658,4.179
North America,Barbados,BRB,2023,282347.0,4.664,4.17
Europe,Belarus,BLR,1990,10186258.0,10.648,6.572
Europe,Belarus,BLR,1991,10193889.0,10.22,6.332
Europe,Belarus,BLR,1992,10217561.0,9.16,4.67
Europe,Belarus,BLR,1993,10241320.0,7.877,3.852
Europe,Belarus,BLR,1994,10230193.0,6.646,3.185
Europe,Belarus,BLR,1995,10197466.0,5.983,2.805
Europe,Belarus,BLR,1996,10164025.0,6.085,2.707
Europe,Belarus,BLR,1997,10122365.0,6.095,2.344
Europe,Belarus,BLR,1998,10080579.0,5.97,2.284
Europe,Belarus,BLR,1999,10039221.0,5.785,2.074
Europe,Belarus,BLR,2000,9991310.0,5.506,1.722
Europe,Belarus,BLR,2001,9938068.0,5.444,1.654
Europe,Belarus,BLR,2002,9873451.0,5.464,1.634
Europe,Belarus,BLR,2003,9803175.0,5.635,1.586
Europe,Belarus,BLR,2004,9735089.0,5.996,1.631
Europe,Belarus,BLR,2005,9667833.0,6.144,1.65
Europe,Belarus,BLR,2006,9608041.0,6.433,1.867
Europe,Belarus,BLR,2007,9563135.0,6.303,1.674
Europe,Belarus,BLR,2008,9529357.0,6.604,1.88
Europe,Belarus,BLR,2009,9507334.0,6.377,2.365
Europe,Belarus,BLR,2010,9490752.0,6.587,1.72
Europe,Belarus,BLR,2011,9472738.0,6.477,1.839
Europe,Belarus,BLR,2012,9463075.0,6.614,1.806
Europe,Belarus,BLR,2013,9464454.0,6.778,1.976
Europe,Belarus,BLR,2014,9472704.0,6.725,1.941
Europe,Belarus,BLR,2015,9487289.0,6.201,1.811
Europe,Belarus,BLR,2016,9499066.0,6.126,1.823
Europe,Belarus,BLR,2017,9495793.0,6.26,1.827
Europe,Belarus,BLR,2018,9480031.0,6.558,1.913
Europe,Belarus,BLR,2019,9435415.0,6.589,1.905
Europe,Belarus,BLR,2020,9350943.0,6.323,1.915
Europe,Belarus,BLR,2021,9251368.0,6.579,1.916
Europe,Belarus,BLR,2022,9173240.0,6.227,1.768
Europe,Belarus,BLR,2023,9115679.0,6.114,2.013
Europe,Belgium,BEL,1990,9960968.0,12.081,5.346
Europe,Belgium,BEL,1991,9998962.0,12.341,5.594
Europe,Belgium,BEL,1992,10045988.0,12.196,5.61
Europe,Belgium,BEL,1993,10084932.0,12.043,5.538
Europe,Belgium,BEL,1994,10116005.0,12.34,5.658
Europe,Belgium,BEL,1995,10137264.0,12.426,5.585
Europe,Belgium,BEL,1996,10156972.0,12.75,5.948
Europe,Belgium,BEL,1997,10181465.0,12.181,5.744
Europe,Belgium,BEL,1998,10203185.0,12.766,5.903
Europe,Belgium,BEL,1999,10226681.0,12.195,5.564
Europe,Belgium,BEL,2000,10251719.0,12.366,5.423
Europe,Belgium,BEL,2001,10287005.0,12.257,5.724
Europe,Belgium,BEL,2002,10332975.0,12.279,5.681
Europe,Belgium,BEL,2003,10376262.0,12.364,5.724
Europe,Belgium,BEL,2004,10421298.0,12.36,5.691
Europe,Belgium,BEL,2005,10478883.0,11.992,5.495
Europe,Belgium,BEL,2006,10548445.0,11.746,5.36
Europe,Belgium,BEL,2007,10625488.0,11.34,5.184
Europe,Belgium,BEL,2008,10709711.0,11.224,5.108
Europe,Belgium,BEL,2009,10812936.0,9.97,4.689
Europe,Belgium,BEL,2010,10936619.0,10.475,4.677
Europe,Belgium,BEL,2011,11038624.0,9.526,4.368
Europe,Belgium,BEL,2012,11107522.0,9.227,4.243
Europe,Belgium,BEL,2013,11160277.0,9.213,4.232
Europe,Belgium,BEL,2014,11210113.0,8.66,4.131
Europe,Belgium,BEL,2015,11275332.0,8.987,4.278
Europe,Belgium,BEL,2016,11332707.0,8.808,4.158
Europe,Belgium,BEL,2017,11376583.0,8.727,4.066
Europe,Belgium,BEL,2018,11428608.0,8.772,4.014
Europe,Belgium,BEL,2019,11490623.0,8.685,3.946
Europe,Belgium,BEL,2020,11540102.0,7.908,3.475
Europe,Belgium,BEL,2021,11570843.0,8.204,3.643
Europe,Belgium,BEL,2022,11641814.0,7.638,3.562
Europe,Belgium,BEL,2023,11712891.0,7.232,3.516
North America,Belize,BLZ,1990,183090.0,1.701,1.701
North America,Belize,BLZ,1991,187056.0,2.174,2.174
North America,Belize,BLZ,1992,190995.0,1.861,1.861
North America,Belize,BLZ,1993,194916.0,1.936,1.936
North America,Belize,BLZ,1994,199101.0,1.877,1.877
North America,Belize,BLZ,1995,204165.0,1.848,1.848
North America,Belize,BLZ,1996,210321.0,1.463,1.463
North America,Belize,BLZ,1997,217459.0,1.786,1.786
North America,Belize,BLZ,1998,225186.0,1.643,1.643
North America,Belize,BLZ,1999,233066.0,1.493,1.493
North America,Belize,BLZ,2000,240809.0,1.643,1.643
North America,Belize,BLZ,2001,248393.0,1.8,1.8
North America,Belize,BLZ,2002,256019.0,1.689,1.689
North America,Belize,BLZ,2003,263794.0,1.639,1.639
North America,Belize,BLZ,2004,271695.0,1.443,1.443
North America,Belize,BLZ,2005,279747.0,1.493,1.493
North America,Belize,BLZ,2006,287889.0,1.54,1.54
North America,Belize,BLZ,2007,296117.0,1.596,1.596
North America,Belize,BLZ,2008,304373.0,1.42,1.42
North America,Belize,BLZ,2009,312619.0,1.641,1.641
North America,Belize,BLZ,2010,320256.0,1.682,1.647
North America,Belize,BLZ,2011,327306.0,1.746,1.713
North America,Belize,BLZ,2012,334421.0,1.413,1.391
North America,Belize,BLZ,2013,341635.0,1.384,1.373
North America,Belize,BLZ,2014,348934.0,1.439,1.428
North America,Belize,BLZ,2015,356341.0,1.923,1.913
North America,Belize,BLZ,2016,364717.0,1.848,1.838
North America,Belize,BLZ,2017,373215.0,1.787,1.777
North America,Belize,BLZ,2018,380232.0,1.735,1.725
North America,Belize,BLZ,2019,385833.0,1.994,1.994
North America,Belize,BLZ,2020,390819.0,1.672,1.669
North America,Belize,BLZ,2021,395355.0,1.754,1.742
North America,Belize,BLZ,2022,402741.0,1.797,1.783
North America,Belize,BLZ,2023,411112.0,1.864,1.852
Africa,Benin,BEN,1990,5281482.0,0.11,0.096
Africa,Benin,BEN,1991,5446935.0,0.114,0.1
Africa,Benin,BEN,1992,5617847.0,0.119,0.106
Africa,Benin,BEN,1993,5872707.0,0.137,0.124
Africa,Benin,BEN,1994,6096510.0,0.15,0.139
Africa,Benin,BEN,1995,6226775.0,0.154,0.141
Africa,Benin,BEN,1996,6391861.0,0.185,0.175
Africa,Benin,BEN,1997,6583375.0,0.186,0.174
Africa,Benin,BEN,1998,6789492.0,0.164,0.164
Africa,Benin,BEN,1999,7002818.0,0.209,0.209
Africa,Benin,BEN,2000,7221618.0,0.204,0.204
Africa,Benin,BEN,2001,7445599.0,0.227,0.227
Africa,Benin,BEN,2002,7675430.0,0.275,0.254
Africa,Benin,BEN,2003,7913074.0,0.303,0.282
Africa,Benin,BEN,2004,8159098.0,0.318,0.292
Africa,Benin,BEN,2005,8426145.0,0.295,0.269
Africa,Benin,BEN,2006,8693243.0,0.385,0.36
Africa,Benin,BEN,2007,8953973.0,0.439,0.415
Africa,Benin,BEN,2008,9228468.0,0.425,0.405
Africa,Benin,BEN,2009,9509431.0,0.444,0.421
Africa,Benin,BEN,2010,9797488.0,0.478,0.453
Africa,Benin,BEN,2011,10093626.0,0.444,0.421
Africa,Benin,BEN,2012,10397659.0,0.423,0.401
Africa,Benin,BEN,2013,10708831.0,0.426,0.404
Africa,Benin,BEN,2014,11030008.0,0.433,0.393
Africa,Benin,BEN,2015,11360681.0,0.468,0.435
Africa,Benin,BEN,2016,11697845.0,0.454,0.42
Africa,Benin,BEN,2017,12039777.0,0.461,0.42
Africa,Benin,BEN,2018,12383349.0,0.458,0.423
Africa,Benin,BEN,2019,12726760.0,0.414,0.356
Africa,Benin,BEN,2020,13070169.0,0.424,0.348
Africa,Benin,BEN,2021,13413423.0,0.433,0.351
Africa,Benin,BEN,2022,13759507.0,0.443,0.362
Africa,Benin,BEN,2023,14111035.0,0.42,0.337
North America,Bermuda,BMU,1990,57584.0,8.717,8.717
North America,Bermuda,BMU,1991,58007.0,9.285,9.285
North America,Bermuda,BMU,1992,58430.0,7.901,7.901
North America,Bermuda,BMU,1993,58834.0,9.155,9.155
North America,Bermuda,BMU,1994,59214.0,8.972,8.972
North America,Bermuda,BMU,1995,59549.0,8.922,8.922
North America,Bermuda,BMU,1996,59836.0,8.818,8.818
North America,Bermuda,BMU,1997,60194.0,8.704,8.704
North America,Bermuda,BMU,1998,60659.0,8.577,8.577
North America,Bermuda,BMU,1999,61142.0,8.39,8.39
North America,Bermuda,BMU,2000,61569.0,8.391,8.391
North America,Bermuda,BMU,2001,61887.0,8.525,8.525
North America,Bermuda,BMU,2002,62163.0,8.959,8.959
North America,Bermuda,BMU,2003,62405.0,8.983,8.983
North America,Bermuda,BMU,2004,62576.0,9.31,9.31
North America,Bermuda,BMU,2005,62730.0,9.287,9.287
North America,Bermuda,BMU,2006,62855.0,10.434,10.434
North America,Bermuda,BMU,2007,63030.0,11.568,11.568
North America,Bermuda,BMU,2008,63319.0,10.184,10.184
North America,Bermuda,BMU,2009,63587.0,7.433,7.433
North America,Bermuda,BMU,2010,63748.0,9.484,9.484
North America,Bermuda,BMU,2011,63753.0,6.954,6.954
North America,Bermuda,BMU,2012,63665.0,5.755,5.755
North America,Bermuda,BMU,2013,63593.0,8.412,8.412
North America,Bermuda,BMU,2014,63551.0,10.493,10.493
North America,Bermuda,BMU,2015,63482.0,8.542,8.542
North America,Bermuda,BMU,2016,63466.0,9.699,9.699
North America,Bermuda,BMU,2017,63603.0,10.081,10.081
North America,Bermuda,BMU,2018,63852.0,10.903,10.903
North America,Bermuda,BMU,2019,64130.0,9.256,9.256
North America,Bermuda,BMU,2020,64404.0,6.77,6.77
North America,Bermuda,BMU,2021,64672.0,7.988,7.988
North America,Bermuda,BMU,2022,64772.0,8.194,8.194
North America,Bermuda,BMU,2023,64721.0,8.184,8.184
Asia,Bhutan,BTN,1990,589295.0,0.315,0.137
Asia,Bhutan,BTN,1991,599789.0,0.31,0.134
Asia,Bhutan,BTN,1992,577780.0,0.372,0.133
Asia,Bhutan,BTN,1993,554680.0,0.328,0.152
Asia,Bhutan,BTN,1994,554509.0,0.383,0.161
Asia,Bhutan,BTN,1995,547995.0,0.454,0.187
Asia,Bhutan,BTN,1996,548792.0,0.544,0.23
Asia,Bhutan,BTN,1997,558698.0,0.698,0.218
Asia,Bhutan,BTN,1998,569439.0,0.676,0.227
Asia,Bhutan,BTN,1999,582589.0,0.662,0.233
Asia,Bhutan,BTN,2000,596871.0,0.665,0.246
Asia,Bhutan,BTN,2001,610801.0,0.759,0.26
Asia,Bhutan,BTN,2002,624417.0,0.791,0.268
Asia,Bhutan,BTN,2003,637667.0,0.775,0.291
Asia,Bhutan,BTN,2004,650559.0,0.67,0.299
Asia,Bhutan,BTN,2005,661875.0,0.825,0.316
Asia,Bhutan,BTN,2006,670803.0,0.613,0.325
Asia,Bhutan,BTN,2007,678643.0,0.585,0.329
Asia,Bhutan,BTN,2008,686359.0,0.942,0.32
Asia,Bhutan,BTN,2009,693994.0,0.984,0.354
Asia,Bhutan,BTN,2010,701638.0,1.291,0.444
Asia,Bhutan,BTN,2011,709387.0,1.419,0.517
Asia,Bhutan,BTN,2012,717288.0,1.603,0.616
Asia,Bhutan,BTN,2013,725282.0,1.75,0.611
Asia,Bhutan,BTN,2014,733151.0,1.817,0.59
Asia,Bhutan,BTN,2015,740623.0,1.936,0.609
Asia,Bhutan,BTN,2016,747878.0,2.086,0.64
Asia,Bhutan,BTN,2017,754343.0,2.186,0.685
Asia,Bhutan,BTN,2018,759766.0,2.214,0.743
Asia,Bhutan,BTN,2019,764830.0,2.046,0.752
Asia,Bhutan,BTN,2020,770013.0,1.576,0.526
Asia,Bhutan,BTN,2021,775450.0,1.876,0.529
Asia,Bhutan,BTN,2022,780921.0,1.984,0.611
Asia,Bhutan,BTN,2023,786386.0,2.072,0.604
South America,Bolivia,BOL,1990,7130143.0,1.405,0.458
South America,Bolivia,BOL,1991,7280294.0,1.443,0.451
South America,Bolivia,BOL,1992,7430337.0,1.484,0.459
South America,Bolivia,BOL,1993,7579196.0,1.525,0.488
South America,Bolivia,BOL,1994,7727320.0,1.249,0.54
South America,Bolivia,BOL,1995,7874676.0,1.147,0.638
South America,Bolivia,BOL,1996,8021742.0,1.25,0.682
South America,Bolivia,BOL,1997,8167911.0,1.436,0.709
South America,Bolivia,BOL,1998,8313400.0,1.355,0.793
South America,Bolivia,BOL,1999,8459810.0,1.294,0.714
South America,Bolivia,BOL,2000,8606330.0,0.981,0.562
South America,Bolivia,BOL,2001,8752740.0,1.0,0.595
South America,Bolivia,BOL,2002,8900358.0,1.17,0.569
South America,Bolivia,BOL,2003,9050703.0,1.214,0.663
South America,Bolivia,BOL,2004,9204297.0,1.201,0.674
South America,Bolivia,BOL,2005,9360758.0,1.318,0.746
South America,Bolivia,BOL,2006,9521685.0,1.299,0.714
South America,Bolivia,BOL,2007,9685960.0,1.315,0.788
South America,Bolivia,BOL,2008,9850859.0,1.322,0.766
South America,Bolivia,BOL,2009,10016279.0,1.361,0.745
South America,Bolivia,BOL,2010,10182345.0,1.454,0.78
South America,Bolivia,BOL,2011,10348931.0,1.551,0.811
South America,Bolivia,BOL,2012,10515814.0,1.671,0.923
South America,Bolivia,BOL,2013,10682612.0,1.664,0.908
South America,Bolivia,BOL,2014,10848889.0,1.834,1.002
South America,Bolivia,BOL,2015,11014707.0,1.807,0.977
South America,Bolivia,BOL,2016,11180020.0,1.901,1.004
South America,Bolivia,BOL,2017,11344591.0,1.955,1.062
South America,Bolivia,BOL,2018,11508370.0,1.956,1.064
South America,Bolivia,BOL,2019,11671386.0,1.937,1.102
South America,Bolivia,BOL,2020,11816301.0,1.55,0.875
South America,Bolivia,BOL,2021,11937369.0,1.823,1.066
South America,Bolivia,BOL,2022,12077156.0,1.945,1.139
South America,Bolivia,BOL,2023,12244161.0,2.011,1.141
North America,Bonaire Sint Eustatius and Saba,BES,1990,12958.0,6.906,6.906
North America,Bonaire Sint Eustatius and Saba,BES,1991,13070.0,5.464,5.464
North America,Bonaire Sint Eustatius and Saba,BES,1992,13186.0,4.462,4.462
North America,Bonaire Sint Eustatius and Saba,BES,1993,13297.0,6.83,6.83
North America,Bonaire Sint Eustatius and Saba,BES,1994,13407.0,6.495,6.495
North America,Bonaire Sint Eustatius and Saba,BES,1995,13531.0,6.368,6.368
North America,Bonaire Sint Eustatius and Saba,BES,1996,13670.0,5.896,5.896
North America,Bonaire Sint Eustatius and Saba,BES,1997,13812.0,6.107,6.107
North America,Bonaire Sint Eustatius and Saba,BES,1998,13959.0,0.334,0.334
North America,Bonaire Sint Eustatius and Saba,BES,1999,14101.0,2.474,2.474
North America,Bonaire Sint Eustatius and Saba,BES,2000,14256.0,6.494,6.494
North America,Bonaire Sint Eustatius and Saba,BES,2001,14526.0,6.49,6.49
North America,Bonaire Sint Eustatius and Saba,BES,2002,15033.0,6.046,6.046
North America,Bonaire Sint Eustatius and Saba,BES,2003,15666.0,5.805,5.805
North America,Bonaire Sint Eustatius and Saba,BES,2004,16330.0,5.843,5.843
North America,Bonaire Sint Eustatius and Saba,BES,2005,17002.0,5.562,5.562
North America,Bonaire Sint Eustatius and Saba,BES,2006,17701.0,5.568,5.568
North America,Bonaire Sint Eustatius and Saba,BES,2007,18408.0,6.028,6.028
North America,Bonaire Sint Eustatius and Saba,BES,2008,19118.0,5.583,5.583
North America,Bonaire Sint Eustatius and Saba,BES,2009,19847.0,5.502,5.502
North America,Bonaire Sint Eustatius and Saba,BES,2010,20583.0,3.655,3.655
North America,Bonaire Sint Eustatius and Saba,BES,2011,21650.0,4.432,4.432
North America,Bonaire Sint Eustatius and Saba,BES,2012,22847.0,5.132,5.132
North America,Bonaire Sint Eustatius and Saba,BES,2013,23835.0,4.765,4.765
North America,Bonaire Sint Eustatius and Saba,BES,2014,24491.0,4.787,4.787
North America,Bonaire Sint Eustatius and Saba,BES,2015,24638.0,5.205,5.205
North America,Bonaire Sint Eustatius and Saba,BES,2016,24567.0,5.369,5.369
North America,Bonaire Sint Eustatius and Saba,BES,2017,24821.0,5.609,5.609
North America,Bonaire Sint Eustatius and Saba,BES,2018,25184.0,5.238,5.238
North America,Bonaire Sint Eustatius and Saba,BES,2019,25652.0,5.428,5.428
North America,Bonaire Sint Eustatius and Saba,BES,2020,26476.0,4.982,4.982
North America,Bonaire Sint Eustatius and Saba,BES,2021,27347.0,5.091,5.091
North America,Bonaire Sint Eustatius and Saba,BES,2022,28654.0,5.115,5.115
North America,Bonaire Sint Eustatius and Saba,BES,2023,29920.0,4.889,4.889
Europe,Bosnia and Herzegovina,BIH,1990,4448658.0,4.467,0.679
Europe,Bosnia and Herzegovina,BIH,1991,4458350.0,3.154,0.626
Europe,Bosnia and Herzegovina,BIH,1992,4234620.0,3.549,0.376
Europe,Bosnia and Herzegovina,BIH,1993,3904484.0,3.222,0.344
Europe,Bosnia and Herzegovina,BIH,1994,3725412.0,0.86,0.432
Europe,Bosnia and Herzegovina,BIH,1995,3715565.0,0.917,0.446
Europe,Bosnia and Herzegovina,BIH,1996,3875246.0,1.094,0.441
Europe,Bosnia and Herzegovina,BIH,1997,4018228.0,2.082,0.439
Europe,Bosnia and Herzegovina,BIH,1998,4089357.0,2.58,0.527
Europe,Bosnia and Herzegovina,BIH,1999,4130312.0,2.502,0.516
Europe,Bosnia and Herzegovina,BIH,2000,4159785.0,3.294,0.794
Europe,Bosnia and Herzegovina,BIH,2001,4179446.0,3.173,0.777
Europe,Bosnia and Herzegovina,BIH,2002,4188006.0,3.384,0.74
Europe,Bosnia and Herzegovina,BIH,2003,4178523.0,3.436,0.682
Europe,Bosnia and Herzegovina,BIH,2004,4140990.0,3.734,0.822
Europe,Bosnia and Herzegovina,BIH,2005,4096493.0,3.917,0.765
Europe,Bosnia and Herzegovina,BIH,2006,4063269.0,4.279,0.816
Europe,Bosnia and Herzegovina,BIH,2007,4013420.0,4.354,0.883
Europe,Bosnia and Herzegovina,BIH,2008,3947545.0,5.055,1.038
Europe,Bosnia and Herzegovina,BIH,2009,3879798.0,5.293,1.133
Europe,Bosnia and Herzegovina,BIH,2010,3811480.0,5.548,1.17
Europe,Bosnia and Herzegovina,BIH,2011,3741799.0,6.351,1.181
Europe,Bosnia and Herzegovina,BIH,2012,3670109.0,6.032,1.119
Europe,Bosnia and Herzegovina,BIH,2013,3610857.0,6.038,1.109
Europe,Bosnia and Herzegovina,BIH,2014,3564831.0,5.417,1.148
Europe,Bosnia and Herzegovina,BIH,2015,3518541.0,5.247,1.209
Europe,Bosnia and Herzegovina,BIH,2016,3472997.0,6.258,1.393
Europe,Bosnia and Herzegovina,BIH,2017,3428684.0,6.461,1.427
Europe,Bosnia and Herzegovina,BIH,2018,3386999.0,6.519,1.37
Europe,Bosnia and Herzegovina,BIH,2019,3345532.0,6.22,1.4
Europe,Bosnia and Herzegovina,BIH,2020,3299352.0,6.314,1.299
Europe,Bosnia and Herzegovina,BIH,2021,3244912.0,6.554,1.483
Europe,Bosnia and Herzegovina,BIH,2022,3204802.0,6.472,1.469
Europe,Bosnia and Herzegovina,BIH,2023,3185072.0,6.242,1.459
Africa,Botswana,BWA,1990,1305699.0,2.068,0.73
Africa,Botswana,BWA,1991,1341767.0,1.963,0.683
Africa,Botswana,BWA,1992,1380038.0,2.012,0.605
Africa,Botswana,BWA,1993,1420120.0,2.25,0.895
Africa,Botswana,BWA,1994,1460030.0,2.075,0.738
Africa,Botswana,BWA,1995,1498842.0,2.031,0.714
Africa,Botswana,BWA,1996,1535917.0,1.794,0.761
Africa,Botswana,BWA,1997,1571700.0,1.781,0.699
Africa,Botswana,BWA,1998,1606906.0,2.08,0.821
Africa,Botswana,BWA,1999,1642006.0,1.923,0.953
Africa,Botswana,BWA,2000,1677384.0,2.252,1.029
Africa,Botswana,BWA,2001,1712264.0,2.247,1.076
Africa,Botswana,BWA,2002,1744765.0,2.278,1.081
Africa,Botswana,BWA,2003,1775744.0,2.154,1.139
Africa,Botswana,BWA,2004,1807153.0,2.155,1.058
Africa,Botswana,BWA,2005,1839881.0,2.226,1.062
Africa,Botswana,BWA,2006,1874526.0,2.205,1.09
Africa,Botswana,BWA,2007,1911200.0,2.212,1.2
Africa,Botswana,BWA,2008,1949973.0,2.309,1.308
Africa,Botswana,BWA,2009,1990671.0,1.937,1.096
Africa,Botswana,BWA,2010,2033110.0,2.232,1.203
Africa,Botswana,BWA,2011,2073538.0,1.943,1.25
Africa,Botswana,BWA,2012,2108617.0,2.408,1.301
Africa,Botswana,BWA,2013,2140687.0,2.645,1.347
Africa,Botswana,BWA,2014,2172053.0,3.154,1.382
Africa,Botswana,BWA,2015,2203276.0,2.459,1.139
Africa,Botswana,BWA,2016,2234784.0,2.837,1.237
Africa,Botswana,BWA,2017,2266749.0,3.117,1.239
Africa,Botswana,BWA,2018,2299149.0,3.324,1.313
Africa,Botswana,BWA,2019,2332082.0,3.21,1.555
Africa,Botswana,BWA,2020,2365895.0,2.617,1.379
Africa,Botswana,BWA,2021,2401448.0,2.783,1.413
Africa,Botswana,BWA,2022,2439895.0,3.031,1.246
Africa,Botswana,BWA,2023,2480242.0,2.923,1.238
South America,Brazil,BRA,1990,149143223.0,1.466,1.018
South America,Brazil,BRA,1991,151724253.0,1.512,1.033
South America,Brazil,BRA,1992,154275077.0,1.514,1.058
South America,Brazil,BRA,1993,156794574.0,1.558,1.092
South America,Brazil,BRA,1994,159265011.0,1.595,1.125
South America,Brazil,BRA,1995,161735079.0,1.661,1.177
South America,Brazil,BRA,1996,164202549.0,1.762,1.256
South America,Brazil,BRA,1997,166661662.0,1.842,1.319
South America,Brazil,BRA,1998,169159651.0,1.876,1.357
South America,Brazil,BRA,1999,171641544.0,1.907,1.372
South America,Brazil,BRA,2000,174018278.0,1.955,1.376
South America,Brazil,BRA,2001,176301201.0,1.963,1.371
South America,Brazil,BRA,2002,178503485.0,1.948,1.34
South America,Brazil,BRA,2003,180622688.0,1.908,1.287
South America,Brazil,BRA,2004,182675144.0,1.979,1.313
South America,Brazil,BRA,2005,184688101.0,1.973,1.301
South America,Brazil,BRA,2006,186653099.0,1.976,1.298
South America,Brazil,BRA,2007,188552311.0,2.071,1.358
South America,Brazil,BRA,2008,190367297.0,2.168,1.404
South America,Brazil,BRA,2009,192079958.0,2.029,1.368
South America,Brazil,BRA,2010,193701931.0,2.273,1.477
South America,Brazil,BRA,2011,195284736.0,2.365,1.556
South America,Brazil,BRA,2012,196876113.0,2.527,1.665
South America,Brazil,BRA,2013,198478290.0,2.678,1.725
South America,Brazil,BRA,2014,200085126.0,2.781,1.783
South America,Brazil,BRA,2015,201675534.0,2.619,1.638
South America,Brazil,BRA,2016,203218108.0,2.42,1.54
South America,Brazil,BRA,2017,204703440.0,2.429,1.539
South America,Brazil,BRA,2018,206107265.0,2.312,1.45
South America,Brazil,BRA,2019,207455459.0,2.298,1.46
South America,Brazil,BRA,2020,208660845.0,2.147,1.367
South America,Brazil,BRA,2021,209550291.0,2.37,1.448
South America,Brazil,BRA,2022,210306411.0,2.283,1.499
South America,Brazil,BRA,2023,211140731.0,2.292,1.531
North America,British Virgin Islands,VGB,1990,15727.0,4.194,4.194
North America,British Virgin Islands,VGB,1991,16208.0,4.521,4.521
North America,British Virgin Islands,VGB,1992,16615.0,4.852,4.852
North America,British Virgin Islands,VGB,1993,17008.0,4.955,4.955
North America,British Virgin Islands,VGB,1994,17430.0,5.045,5.045
North America,British Virgin Islands,VGB,1995,17863.0,4.923,4.923
North America,British Virgin Islands,VGB,1996,18308.0,5.404,5.404
North America,British Virgin Islands,VGB,1997,18783.0,5.462,5.462
North America,British Virgin Islands,VGB,1998,19262.0,5.326,5.326
North America,British Virgin Islands,VGB,1999,19755.0,5.75,5.75
North America,British Virgin Islands,VGB,2000,20266.0,5.785,5.785
North America,British Virgin Islands,VGB,2001,20825.0,6.158,6.158
North America,British Virgin Islands,VGB,2002,21454.0,6.49,6.49
North America,British Virgin Islands,VGB,2003,22155.0,6.615,6.615
North America,British Virgin Islands,VGB,2004,22905.0,6.719,6.719
North America,British Virgin Islands,VGB,2005,23693.0,6.959,6.959
North America,British Virgin Islands,VGB,2006,24519.0,7.322,7.322
North America,British Virgin Islands,VGB,2007,25391.0,7.215,7.215
North America,British Virgin Islands,VGB,2008,26308.0,7.242,7.242
North America,British Virgin Islands,VGB,2009,27240.0,7.129,7.129
North America,British Virgin Islands,VGB,2010,27698.0,7.672,7.672
North America,British Virgin Islands,VGB,2011,28733.0,7.269,7.269
North America,British Virgin Islands,VGB,2012,30369.0,6.877,6.877
North America,British Virgin Islands,VGB,2013,31727.0,6.698,6.698
North America,British Virgin Islands,VGB,2014,32988.0,6.553,6.553
North America,British Virgin Islands,VGB,2015,34523.0,6.474,6.474
North America,British Virgin Islands,VGB,2016,33904.0,6.7,6.7
North America,British Virgin Islands,VGB,2017,32724.0,5.486,5.486
North America,British Virgin Islands,VGB,2018,34682.0,4.543,4.543
North America,British Virgin Islands,VGB,2019,36423.0,5.03,5.03
North America,British Virgin Islands,VGB,2020,37161.0,4.831,4.831
North America,British Virgin Islands,VGB,2021,37833.0,4.842,4.842
North America,British Virgin Islands,VGB,2022,38346.0,4.844,4.844
North America,British Virgin Islands,VGB,2023,39009.0,4.752,4.752
Asia,Brunei,BRN,1990,255307.0,19.618,4.291
Asia,Brunei,BRN,1991,262604.0,25.994,4.772
Asia,Brunei,BRN,1992,269848.0,24.712,3.883
Asia,Brunei,BRN,1993,276978.0,21.126,3.969
Asia,Brunei,BRN,1994,284098.0,18.63,3.843
Asia,Brunei,BRN,1995,291207.0,20.207,3.951
Asia,Brunei,BRN,1996,298283.0,19.989,4.275
Asia,Brunei,BRN,1997,305357.0,20.235,4.488
Asia,Brunei,BRN,1998,312398.0,17.911,4.551
Asia,Brunei,BRN,1999,319412.0,18.716,4.841
Asia,Brunei,BRN,2000,326429.0,18.032,4.288
Asia,Brunei,BRN,2001,333353.0,17.273,4.416
Asia,Brunei,BRN,2002,340108.0,15.54,3.921
Asia,Brunei,BRN,2003,346650.0,17.711,3.974
Asia,Brunei,BRN,2004,352921.0,16.907,3.779
Asia,Brunei,BRN,2005,358930.0,15.124,2.95
Asia,Brunei,BRN,2006,364670.0,19.589,2.663
Asia,Brunei,BRN,2007,370883.0,21.777,4.979
Asia,Brunei,BRN,2008,377800.0,24.26,5.441
Asia,Brunei,BRN,2009,384965.0,20.119,4.557
Asia,Brunei,BRN,2010,392340.0,20.435,4.053
Asia,Brunei,BRN,2011,399395.0,23.925,4.899
Asia,Brunei,BRN,2012,405564.0,23.424,5.093
Asia,Brunei,BRN,2013,411205.0,18.546,4.027
Asia,Brunei,BRN,2014,416757.0,21.19,4.053
Asia,Brunei,BRN,2015,422223.0,16.421,3.896
Asia,Brunei,BRN,2016,427571.0,17.852,4.218
Asia,Brunei,BRN,2017,432787.0,21.51,4.453
Asia,Brunei,BRN,2018,437811.0,21.336,4.352
Asia,Brunei,BRN,2019,442690.0,21.605,5.446
Asia,Brunei,BRN,2020,447411.0,24.937,7.622
Asia,Brunei,BRN,2021,451722.0,25.92,7.146
Asia,Brunei,BRN,2022,455374.0,26.872,7.99
Asia,Brunei,BRN,2023,458959.0,27.241,7.89
Europe,Bulgaria,BGR,1990,8822366.0,8.687,2.987
Europe,Bulgaria,BGR,1991,8695798.0,7.075,1.996
Europe,Bulgaria,BGR,1992,8559091.0,6.701,1.764
Europe,Bulgaria,BGR,1993,8466533.0,6.896,1.797
Europe,Bulgaria,BGR,1994,8416924.0,6.699,1.734
Europe,Bulgaria,BGR,1995,8357576.0,6.93,1.636
Europe,Bulgaria,BGR,1996,8291402.0,7.051,1.678
Europe,Bulgaria,BGR,1997,8217101.0,6.791,1.369
Europe,Bulgaria,BGR,1998,8138193.0,6.526,1.487
Europe,Bulgaria,BGR,1999,8067464.0,5.748,1.478
Europe,Bulgaria,BGR,2000,8000519.0,5.687,1.314
Europe,Bulgaria,BGR,2001,7928455.0,6.183,1.365
Europe,Bulgaria,BGR,2002,7861949.0,5.869,1.376
Europe,Bulgaria,BGR,2003,7804405.0,6.47,1.478
Europe,Bulgaria,BGR,2004,7749430.0,6.392,1.492
Europe,Bulgaria,BGR,2005,7695047.0,6.576,1.578
Europe,Bulgaria,BGR,2006,7640292.0,6.785,1.646
Europe,Bulgaria,BGR,2007,7586896.0,7.338,1.635
Europe,Bulgaria,BGR,2008,7535589.0,7.169,1.563
Europe,Bulgaria,BGR,2009,7488016.0,6.11,1.509
Europe,Bulgaria,BGR,2010,7437594.0,6.429,1.467
Europe,Bulgaria,BGR,2011,7380023.0,7.198,1.369
Europe,Bulgaria,BGR,2012,7317020.0,6.598,1.452
Europe,Bulgaria,BGR,2013,7264605.0,5.862,1.316
Europe,Bulgaria,BGR,2014,7223450.0,6.253,1.462
Europe,Bulgaria,BGR,2015,7177515.0,6.705,1.601
Europe,Bulgaria,BGR,2016,7127436.0,6.362,1.668
Europe,Bulgaria,BGR,2017,7075642.0,6.706,1.719
Europe,Bulgaria,BGR,2018,7024745.0,6.193,1.761
Europe,Bulgaria,BGR,2019,6975466.0,6.049,1.849
Europe,Bulgaria,BGR,2020,6933656.0,5.274,1.723
Europe,Bulgaria,BGR,2021,6877222.0,6.16,1.853
Europe,Bulgaria,BGR,2022,6825862.0,6.876,1.961
Europe,Bulgaria,BGR,2023,6795805.0,5.077,1.938
Africa,Burkina Faso,BFA,1990,9159358.0,0.065,0.065
Africa,Burkina Faso,BFA,1991,9394631.0,0.068,0.068
Africa,Burkina Faso,BFA,1992,9629280.0,0.066,0.066
Africa,Burkina Faso,BFA,1993,9871715.0,0.064,0.064
Africa,Burkina Faso,BFA,1994,10123807.0,0.065,0.065
Africa,Burkina Faso,BFA,1995,10386723.0,0.064,0.062
Africa,Burkina Faso,BFA,1996,10655943.0,0.068,0.067
Africa,Burkina Faso,BFA,1997,10934222.0,0.07,0.068
Africa,Burkina Faso,BFA,1998,11240668.0,0.075,0.074
Africa,Burkina Faso,BFA,1999,11574930.0,0.09,0.084
Africa,Burkina Faso,BFA,2000,11925548.0,0.078,0.075
Africa,Burkina Faso,BFA,2001,12294996.0,0.087,0.085
Africa,Burkina Faso,BFA,2002,12680904.0,0.084,0.083
Africa,Burkina Faso,BFA,2003,13082530.0,0.091,0.09
Africa,Burkina Faso,BFA,2004,13500536.0,0.082,0.081
Africa,Burkina Faso,BFA,2005,13932127.0,0.079,0.078
Africa,Burkina Faso,BFA,2006,14373713.0,0.085,0.084
Africa,Burkina Faso,BFA,2007,14816313.0,0.109,0.108
Africa,Burkina Faso,BFA,2008,15258103.0,0.119,0.107
Africa,Burkina Faso,BFA,2009,15710067.0,0.117,0.103
Africa,Burkina Faso,BFA,2010,16176503.0,0.123,0.109
Africa,Burkina Faso,BFA,2011,16661907.0,0.129,0.115
Africa,Burkina Faso,BFA,2012,17172284.0,0.152,0.137
Africa,Burkina Faso,BFA,2013,17695411.0,0.159,0.146
Africa,Burkina Faso,BFA,2014,18229466.0,0.157,0.149
Africa,Burkina Faso,BFA,2015,18777488.0,0.199,0.172
Africa,Burkina Faso,BFA,2016,19334854.0,0.206,0.173
Africa,Burkina Faso,BFA,2017,19894413.0,0.232,0.197
Africa,Burkina Faso,BFA,2018,20438289.0,0.256,0.215
Africa,Burkina Faso,BFA,2019,20961956.0,0.268,0.217
Africa,Burkina Faso,BFA,2020,21478691.0,0.262,0.211
Africa,Burkina Faso,BFA,2021,21995249.0,0.288,0.235
Africa,Burkina Faso,BFA,2022,22509038.0,0.291,0.237
Africa,Burkina Faso,BFA,2023,23025777.0,0.274,0.222
Africa,Burundi,BDI,1990,5587051.0,0.037,0.035
Africa,Burundi,BDI,1991,5703860.0,0.042,0.039
Africa,Burundi,BDI,1992,5858405.0,0.037,0.034
Africa,Burundi,BDI,1993,5676847.0,0.04,0.037
Africa,Burundi,BDI,1994,5713856.0,0.041,0.038
Africa,Burundi,BDI,1995,6066319.0,0.039,0.036
Africa,Burundi,BDI,1996,6070510.0,0.04,0.037
Africa,Burundi,BDI,1997,6070038.0,0.041,0.038
Africa,Burundi,BDI,1998,6187114.0,0.04,0.037
Africa,Burundi,BDI,1999,6337155.0,0.04,0.039
Africa,Burundi,BDI,2000,6470196.0,0.042,0.041
Africa,Burundi,BDI,2001,6634368.0,0.031,0.029
Africa,Burundi,BDI,2002,6824139.0,0.031,0.03
Africa,Burundi,BDI,2003,7043158.0,0.024,0.023
Africa,Burundi,BDI,2004,7310656.0,0.027,0.026
Africa,Burundi,BDI,2005,7587303.0,0.021,0.02
Africa,Burundi,BDI,2006,7865545.0,0.024,0.022
Africa,Burundi,BDI,2007,8161879.0,0.023,0.022
Africa,Burundi,BDI,2008,8505643.0,0.024,0.022
Africa,Burundi,BDI,2009,8947653.0,0.024,0.022
Africa,Burundi,BDI,2010,9376448.0,0.036,0.034
Africa,Burundi,BDI,2011,9717980.0,0.043,0.041
Africa,Burundi,BDI,2012,10071033.0,0.039,0.036
Africa,Burundi,BDI,2013,10439346.0,0.042,0.04
Africa,Burundi,BDI,2014,10799789.0,0.033,0.032
Africa,Burundi,BDI,2015,11047581.0,0.032,0.032
Africa,Burundi,BDI,2016,11239459.0,0.038,0.035
Africa,Burundi,BDI,2017,11506764.0,0.045,0.043
Africa,Burundi,BDI,2018,11859444.0,0.054,0.053
Africa,Burundi,BDI,2019,12255339.0,0.056,0.052
Africa,Burundi,BDI,2020,12617041.0,0.059,0.056
Africa,Burundi,BDI,2021,12965487.0,0.06,0.056
Africa,Burundi,BDI,2022,13321102.0,0.066,0.062
Africa,Burundi,BDI,2023,13689455.0,0.066,0.062
Asia,Cambodia,KHM,1990,7374754.0,0.171,0.171
Asia,Cambodia,KHM,1991,7686857.0,0.17,0.17
Asia,Cambodia,KHM,1992,8113085.0,0.166,0.166
Asia,Cambodia,KHM,1993,8616383.0,0.161,0.161
Asia,Cambodia,KHM,1994,9239160.0,0.154,0.154
Asia,Cambodia,KHM,1995,10018500.0,0.15,0.15
Asia,Cambodia,KHM,1996,10801268.0,0.14,0.14
Asia,Cambodia,KHM,1997,11570986.0,0.127,0.127
Asia,Cambodia,KHM,1998,12058180.0,0.156,0.156
Asia,Cambodia,KHM,1999,12265734.0,0.154,0.154
Asia,Cambodia,KHM,2000,12462343.0,0.16,0.16
Asia,Cambodia,KHM,2001,12658486.0,0.177,0.177
Asia,Cambodia,KHM,2002,12855249.0,0.168,0.168
Asia,Cambodia,KHM,2003,13050977.0,0.173,0.173
Asia,Cambodia,KHM,2004,13244737.0,0.169,0.169
Asia,Cambodia,KHM,2005,13439203.0,0.164,0.164
Asia,Cambodia,KHM,2006,13639032.0,0.209,0.209
Asia,Cambodia,KHM,2007,13841773.0,0.252,0.248
Asia,Cambodia,KHM,2008,14053479.0,0.28,0.25
Asia,Cambodia,KHM,2009,14276819.0,0.321,0.292
Asia,Cambodia,KHM,2010,14500730.0,0.349,0.318
Asia,Cambodia,KHM,2011,14722587.0,0.358,0.322
Asia,Cambodia,KHM,2012,14945090.0,0.373,0.331
Asia,Cambodia,KHM,2013,15170210.0,0.371,0.324
Asia,Cambodia,KHM,2014,15396771.0,0.435,0.331
Asia,Cambodia,KHM,2015,15623253.0,0.524,0.359
Asia,Cambodia,KHM,2016,15852802.0,0.671,0.413
Asia,Cambodia,KHM,2017,16073374.0,0.752,0.412
Asia,Cambodia,KHM,2018,16274522.0,0.856,0.446
Asia,Cambodia,KHM,2019,16481305.0,1.13,0.554
Asia,Cambodia,KHM,2020,16725484.0,1.255,0.55
Asia,Cambodia,KHM,2021,16974309.0,1.224,0.54
Asia,Cambodia,KHM,2022,17201721.0,1.213,0.546
Asia,Cambodia,KHM,2023,17423884.0,1.229,0.537
Africa,Cameroon,CMR,1990,11331827.0,0.23,0.207
Africa,Cameroon,CMR,1991,11667186.0,0.229,0.21
Africa,Cameroon,CMR,1992,12006362.0,0.226,0.204
Africa,Cameroon,CMR,1993,12353131.0,0.232,0.211
Africa,Cameroon,CMR,1994,12704900.0,0.384,0.208
Africa,Cameroon,CMR,1995,13058517.0,0.412,0.228
Africa,Cameroon,CMR,1996,13414761.0,0.445,0.258
Africa,Cameroon,CMR,1997,13775216.0,0.39,0.211
Africa,Cameroon,CMR,1998,14144857.0,0.38,0.2
Africa,Cameroon,CMR,1999,14525145.0,0.359,0.183
Africa,Cameroon,CMR,2000,14912632.0,0.375,0.2
Africa,Cameroon,CMR,2001,15309489.0,0.363,0.191
Africa,Cameroon,CMR,2002,15725534.0,0.34,0.188
Africa,Cameroon,CMR,2003,16160340.0,0.353,0.205
Africa,Cameroon,CMR,2004,16610485.0,0.343,0.207
Africa,Cameroon,CMR,2005,17074599.0,0.318,0.187
Africa,Cameroon,CMR,2006,17550403.0,0.313,0.191
Africa,Cameroon,CMR,2007,18049897.0,0.41,0.253
Africa,Cameroon,CMR,2008,18574052.0,0.394,0.233
Africa,Cameroon,CMR,2009,19113978.0,0.448,0.292
Africa,Cameroon,CMR,2010,19668063.0,0.426,0.289
Africa,Cameroon,CMR,2011,20232312.0,0.401,0.28
Africa,Cameroon,CMR,2012,20809530.0,0.366,0.248
Africa,Cameroon,CMR,2013,21402379.0,0.367,0.241
Africa,Cameroon,CMR,2014,22059894.0,0.398,0.26
Africa,Cameroon,CMR,2015,22763418.0,0.433,0.273
Africa,Cameroon,CMR,2016,23454165.0,0.425,0.257
Africa,Cameroon,CMR,2017,24128609.0,0.397,0.228
Africa,Cameroon,CMR,2018,24806377.0,0.397,0.213
Africa,Cameroon,CMR,2019,25506095.0,0.377,0.205
Africa,Cameroon,CMR,2020,26210566.0,0.371,0.19
Africa,Cameroon,CMR,2021,26915765.0,0.362,0.191
Africa,Cameroon,CMR,2022,27632770.0,0.354,0.194
Africa,Cameroon,CMR,2023,28372690.0,0.342,0.195
North America,Canada,CAN,1990,27789437.0,16.482,7.636
North America,Canada,CAN,1991,28157154.0,15.974,7.102
North America,Canada,CAN,1992,28500066.0,16.259,7.118
North America,Canada,CAN,1993,28830635.0,16.096,7.151
North America,Canada,CAN,1994,29147383.0,16.415,7.245
North America,Canada,CAN,1995,29459138.0,16.678,7.26
North America,Canada,CAN,1996,29767210.0,17.058,7.418
North America,Canada,CAN,1997,30059088.0,17.366,7.61
North America,Canada,CAN,1998,30329971.0,17.462,7.637
North America,Canada,CAN,1999,30599458.0,17.774,7.666
North America,Canada,CAN,2000,30891800.0,18.344,7.68
North America,Canada,CAN,2001,31213578.0,17.908,7.73
North America,Canada,CAN,2002,31535579.0,17.893,7.68
North America,Canada,CAN,2003,31836483.0,18.255,8.101
North America,Canada,CAN,2004,32132680.0,17.935,8.206
North America,Canada,CAN,2005,32440172.0,17.583,7.956
North America,Canada,CAN,2006,32759174.0,17.287,7.843
North America,Canada,CAN,2007,33092171.0,17.828,7.966
North America,Canada,CAN,2008,33449088.0,17.167,7.63
North America,Canada,CAN,2009,33826370.0,15.997,7.434
North America,Canada,CAN,2010,34196900.0,16.209,7.521
North America,Canada,CAN,2011,34555449.0,16.288,7.485
North America,Canada,CAN,2012,34922513.0,16.086,7.395
North America,Canada,CAN,2013,35293421.0,16.11,7.363
North America,Canada,CAN,2014,35634265.0,15.854,7.075
North America,Canada,CAN,2015,35962236.0,15.655,7.007
North America,Canada,CAN,2016,36353345.0,15.231,6.818
North America,Canada,CAN,2017,36808498.0,15.395,6.856
North America,Canada,CAN,2018,37294996.0,15.42,6.924
North America,Canada,CAN,2019,37782934.0,15.325,6.906
North America,Canada,CAN,2020,38171903.0,13.733,5.915
North America,Canada,CAN,2021,38454058.0,13.977,6.075
North America,Canada,CAN,2022,38821259.0,14.107,6.241
North America,Canada,CAN,2023,39299098.0,13.88,6.146
Africa,Cape Verde,CPV,1990,375437.0,0.478,0.478
Africa,Cape Verde,CPV,1991,384603.0,0.429,0.429
Africa,Cape Verde,CPV,1992,393426.0,0.456,0.456
Africa,Cape Verde,CPV,1993,401977.0,0.419,0.419
Africa,Cape Verde,CPV,1994,410230.0,0.429,0.429
Africa,Cape Verde,CPV,1995,418116.0,0.473,0.473
Africa,Cape Verde,CPV,1996,425592.0,0.517,0.517
Africa,Cape Verde,CPV,1997,432803.0,0.525,0.525
Africa,Cape Verde,CPV,1998,439789.0,0.55,0.55
Africa,Cape Verde,CPV,1999,446528.0,0.64,0.64
Africa,Cape Verde,CPV,2000,453335.0,0.655,0.655
Africa,Cape Verde,CPV,2001,460300.0,0.756,0.756
Africa,Cape Verde,CPV,2002,467056.0,0.824,0.824
Africa,Cape Verde,CPV,2003,473384.0,0.875,0.875
Africa,Cape Verde,CPV,2004,479377.0,0.894,0.894
Africa,Cape Verde,CPV,2005,485128.0,0.921,0.921
Africa,Cape Verde,CPV,2006,490728.0,1.008,1.008
Africa,Cape Verde,CPV,2007,496196.0,1.019,1.019
Africa,Cape Verde,CPV,2008,501362.0,0.943,0.943
Africa,Cape Verde,CPV,2009,506148.0,1.035,1.035
Africa,Cape Verde,CPV,2010,509793.0,1.092,1.092
Africa,Cape Verde,CPV,2011,511453.0,1.204,1.204
Africa,Cape Verde,CPV,2012,511966.0,0.98,0.98
Africa,Cape Verde,CPV,2013,512231.0,0.966,0.966
Africa,Cape Verde,CPV,2014,512334.0,0.958,0.958
Africa,Cape Verde,CPV,2015,512405.0,0.965,0.965
Africa,Cape Verde,CPV,2016,512556.0,1.037,1.037
Africa,Cape Verde,CPV,2017,512899.0,1.114,1.114
Africa,Cape Verde,CPV,2018,513418.0,1.113,1.113
Africa,Cape Verde,CPV,2019,514116.0,1.226,1.226
Africa,Cape Verde,CPV,2020,514683.0,1.011,1.011
Africa,Cape Verde,CPV,2021,516655.0,1.142,1.142
Africa,Cape Verde,CPV,2022,519750.0,1.15,1.15
Africa,Cape Verde,CPV,2023,522335.0,1.094,1.094
Africa,Central African Republic,CAF,1990,2871915.0,0.064,0.064
Africa,Central African Republic,CAF,1991,2963195.0,0.064,0.064
Africa,Central African Republic,CAF,1992,3058837.0,0.063,0.063
Africa,Central African Republic,CAF,1993,3157842.0,0.063,0.063
Africa,Central African Republic,CAF,1994,3257956.0,0.064,0.064
Africa,Central African Republic,CAF,1995,3348062.0,0.062,0.062
Africa,Central African Republic,CAF,1996,3435973.0,0.062,0.062
Africa,Central African Republic,CAF,1997,3531700.0,0.061,0.061
Africa,Central African Republic,CAF,1998,3628833.0,0.061,0.061
Africa,Central African Republic,CAF,1999,3729452.0,0.062,0.062
Africa,Central African Republic,CAF,2000,3833421.0,0.032,0.032
Africa,Central African Republic,CAF,2001,3919498.0,0.036,0.036
Africa,Central African Republic,CAF,2002,4006079.0,0.029,0.029
Africa,Central African Republic,CAF,2003,4103092.0,0.028,0.028
Africa,Central African Republic,CAF,2004,4192828.0,0.03,0.03
Africa,Central African Republic,CAF,2005,4288814.0,0.03,0.03
Africa,Central African Republic,CAF,2006,4377582.0,0.032,0.032
Africa,Central African Republic,CAF,2007,4462777.0,0.034,0.034
Africa,Central African Republic,CAF,2008,4558989.0,0.033,0.033
Africa,Central African Republic,CAF,2009,4529051.0,0.034,0.034
Africa,Central African Republic,CAF,2010,4493003.0,0.038,0.038
Africa,Central African Republic,CAF,2011,4565023.0,0.034,0.034
Africa,Central African Republic,CAF,2012,4610848.0,0.04,0.04
Africa,Central African Republic,CAF,2013,4642423.0,0.022,0.022
Africa,Central African Republic,CAF,2014,4623187.0,0.029,0.029
Africa,Central African Republic,CAF,2015,4629322.0,0.042,0.042
Africa,Central African Republic,CAF,2016,4713663.0,0.051,0.051
Africa,Central African Republic,CAF,2017,4793512.0,0.06,0.06
Africa,Central African Republic,CAF,2018,4878663.0,0.056,0.056
Africa,Central African Republic,CAF,2019,4944708.0,0.063,0.063
Africa,Central African Republic,CAF,2020,5026629.0,0.066,0.066
Africa,Central African Republic,CAF,2021,5112103.0,0.072,0.072
Africa,Central African Republic,CAF,2022,5098038.0,0.074,0.074
Africa,Central African Republic,CAF,2023,5152415.0,0.076,0.076
Africa,Chad,TCD,1990,5982838.0,0.063,0.063
Africa,Chad,TCD,1991,6205688.0,0.063,0.063
Africa,Chad,TCD,1992,6474651.0,0.062,0.062
Africa,Chad,TCD,1993,6629147.0,0.06,0.06
Africa,Chad,TCD,1994,6783456.0,0.061,0.06
Africa,Chad,TCD,1995,7089063.0,0.06,0.059
Africa,Chad,TCD,1996,7410107.0,0.06,0.059
Africa,Chad,TCD,1997,7670371.0,0.059,0.059
Africa,Chad,TCD,1998,7938841.0,0.058,0.058
Africa,Chad,TCD,1999,8222710.0,0.058,0.057
Africa,Chad,TCD,2000,8512092.0,0.057,0.057
Africa,Chad,TCD,2001,8804122.0,0.057,0.057
Africa,Chad,TCD,2002,9116195.0,0.058,0.056
Africa,Chad,TCD,2003,9487830.0,0.093,0.078
Africa,Chad,TCD,2004,9920036.0,0.091,0.076
Africa,Chad,TCD,2005,10328094.0,0.09,0.074
Africa,Chad,TCD,2006,10706426.0,0.089,0.074
Africa,Chad,TCD,2007,11081667.0,0.098,0.079
Africa,Chad,TCD,2008,11476299.0,0.076,0.065
Africa,Chad,TCD,2009,11893753.0,0.103,0.093
Africa,Chad,TCD,2010,12312580.0,0.1,0.092
Africa,Chad,TCD,2011,12755004.0,0.1,0.088
Africa,Chad,TCD,2012,13211006.0,0.132,0.113
Africa,Chad,TCD,2013,13691081.0,0.152,0.128
Africa,Chad,TCD,2014,14188680.0,0.154,0.127
Africa,Chad,TCD,2015,14647626.0,0.161,0.124
Africa,Chad,TCD,2016,15114652.0,0.158,0.118
Africa,Chad,TCD,2017,15622756.0,0.15,0.113
Africa,Chad,TCD,2018,16156535.0,0.148,0.114
Africa,Chad,TCD,2019,16685223.0,0.138,0.109
Africa,Chad,TCD,2020,17224686.0,0.137,0.112
Africa,Chad,TCD,2021,17828274.0,0.15,0.12
Africa,Chad,TCD,2022,18455319.0,0.152,0.117
Africa,Chad,TCD,2023,19319075.0,0.147,0.115
South America,Chile,CHL,1990,13437181.0,2.449,1.379
South America,Chile,CHL,1991,13662482.0,2.261,1.399
South America,Chile,CHL,1992,13884579.0,2.305,1.499
South America,Chile,CHL,1993,14102276.0,2.418,1.618
South America,Chile,CHL,1994,14316263.0,2.653,1.693
South America,Chile,CHL,1995,14527382.0,2.861,1.847
South America,Chile,CHL,1996,14734049.0,3.273,1.986
South America,Chile,CHL,1997,14932436.0,3.746,2.08
South America,Chile,CHL,1998,15127799.0,3.785,2.063
South America,Chile,CHL,1999,15319311.0,4.009,2.099
South America,Chile,CHL,2000,15503638.0,3.773,1.975
South America,Chile,CHL,2001,15683852.0,3.374,1.815
South America,Chile,CHL,2002,15857926.0,3.458,1.912
South America,Chile,CHL,2003,16024755.0,3.438,1.846
South America,Chile,CHL,2004,16187324.0,3.658,1.935
South America,Chile,CHL,2005,16348780.0,3.738,2.069
South America,Chile,CHL,2006,16509195.0,3.88,2.165
South America,Chile,CHL,2007,16671571.0,4.227,2.833
South America,Chile,CHL,2008,16838987.0,4.19,2.824
South America,Chile,CHL,2009,17009730.0,3.878,2.642
South America,Chile,CHL,2010,17181463.0,4.153,2.53
South America,Chile,CHL,2011,17351810.0,4.499,2.63
South America,Chile,CHL,2012,17519116.0,4.545,2.578
South America,Chile,CHL,2013,17687006.0,4.621,2.596
South America,Chile,CHL,2014,17864192.0,4.343,2.453
South America,Chile,CHL,2015,18047630.0,4.531,2.458
South America,Chile,CHL,2016,18267225.0,4.612,2.522
South America,Chile,CHL,2017,18558868.0,4.533,2.45
South America,Chile,CHL,2018,18893185.0,4.469,2.465
South America,Chile,CHL,2019,19197748.0,4.791,2.501
South America,Chile,CHL,2020,19370621.0,4.139,2.222
South America,Chile,CHL,2021,19456323.0,4.298,2.389
South America,Chile,CHL,2022,19553033.0,4.385,2.668
South America,Chile,CHL,2023,19658833.0,3.948,2.623
Asia,China,CHN,1990,1153582725.0,2.153,0.286
Asia,China,CHN,1991,1170788533.0,2.237,0.304
Asia,China,CHN,1992,1184574236.0,2.306,0.326
Asia,China,CHN,1993,1197308574.0,2.434,0.358
Asia,China,CHN,1994,1209003099.0,2.559,0.35
Asia,China,CHN,1995,1220133929.0,2.747,0.384
Asia,China,CHN,1996,1230944809.0,2.843,0.415
Asia,China,CHN,1997,1241139623.0,2.83,0.45
Asia,China,CHN,1998,1250847122.0,2.682,0.447
Asia,China,CHN,1999,1260176650.0,2.817,0.474
Asia,China,CHN,2000,1269581174.0,2.87,0.511
Asia,China,CHN,2001,1278725061.0,2.912,0.516
Asia,China,CHN,2002,1286866835.0,3.185,0.508
Asia,China,CHN,2003,1294517323.0,3.735,0.562
Asia,China,CHN,2004,1302100316.0,4.002,0.644
Asia,China,CHN,2005,1310027135.0,4.49,0.649
Asia,China,CHN,2006,1318054030.0,4.921,0.682
Asia,China,CHN,2007,1325813576.0,5.261,0.699
Asia,China,CHN,2008,1333821011.0,5.617,0.727
Asia,China,CHN,2009,1342522717.0,5.871,0.732
Asia,China,CHN,2010,1351561505.0,6.37,0.808
Asia,China,CHN,2011,1360250658.0,6.999,0.826
Asia,China,CHN,2012,1369520866.0,7.132,0.859
Asia,China,CHN,2013,1379008040.0,7.21,0.895
Asia,China,CHN,2014,1387951970.0,7.188,0.905
Asia,China,CHN,2015,1396134171.0,7.061,0.952
Asia,China,CHN,2016,1404052628.0,6.943,0.967
Asia,China,CHN,2017,1412354730.0,7.08,1.013
Asia,China,CHN,2018,1419008954.0,7.292,1.057
Asia,China,CHN,2019,1423520357.0,7.526,1.096
Asia,China,CHN,2020,1426106093.0,7.641,1.068
Asia,China,CHN,2021,1426437269.0,7.911,1.066
Asia,China,CHN,2022,1425179562.0,8.218,1.094
Asia,China,CHN,2023,1422584930.0,8.556,1.216
South America,Colombia,COL,1990,32440064.0,1.753,0.959
South America,Colombia,COL,1991,33098373.0,1.71,0.967
South America,Colombia,COL,1992,33760571.0,1.817,1.056
South America,Colombia,COL,1993,34441479.0,1.837,1.046
South America,Colombia,COL,1994,35127408.0,1.907,1.126
South America,Colombia,COL,1995,35804670.0,1.658,0.888
South America,Colombia,COL,1996,36462740.0,1.635,0.893
South America,Colombia,COL,1997,37121155.0,1.754,0.937
South America,Colombia,COL,1998,37792169.0,1.735,0.936
South America,Colombia,COL,1999,38454861.0,1.438,0.79
South America,Colombia,COL,2000,39089939.0,1.438,0.75
South America,Colombia,COL,2001,39709263.0,1.422,0.719
South America,Colombia,COL,2002,40324684.0,1.374,0.712
South America,Colombia,COL,2003,40937426.0,1.393,0.724
South America,Colombia,COL,2004,41543177.0,1.308,0.711
South America,Colombia,COL,2005,42128978.0,1.43,0.734
South America,Colombia,COL,2006,42691081.0,1.463,0.796
South America,Colombia,COL,2007,43235374.0,1.403,0.764
South America,Colombia,COL,2008,43758805.0,1.531,0.764
South America,Colombia,COL,2009,44271543.0,1.621,0.807
South America,Colombia,COL,2010,44777325.0,1.685,0.797
South America,Colombia,COL,2011,45259614.0,1.661,0.781
South America,Colombia,COL,2012,45715807.0,1.721,0.851
South America,Colombia,COL,2013,46151583.0,1.873,0.899
South America,Colombia,COL,2014,46565426.0,1.977,0.971
South America,Colombia,COL,2015,46969938.0,1.938,0.913
South America,Colombia,COL,2016,47437513.0,1.931,0.958
South America,Colombia,COL,2017,48131076.0,1.734,0.891
South America,Colombia,COL,2018,49024463.0,1.852,1.034
South America,Colombia,COL,2019,49907987.0,1.983,0.913
South America,Colombia,COL,2020,50629997.0,1.823,0.854
South America,Colombia,COL,2021,51188174.0,2.027,1.11
South America,Colombia,COL,2022,51737944.0,1.729,0.859
South America,Colombia,COL,2023,52321152.0,1.72,0.811
Africa,Comoros,COM,1990,444601.0,0.14,0.14
Africa,Comoros,COM,1991,455563.0,0.145,0.145
Africa,Comoros,COM,1992,465118.0,0.15,0.15
Africa,Comoros,COM,1993,473681.0,0.147,0.147
Africa,Comoros,COM,1994,482148.0,0.152,0.152
Africa,Comoros,COM,1995,490594.0,0.157,0.157
Africa,Comoros,COM,1996,499113.0,0.154,0.154
Africa,Comoros,COM,1997,507779.0,0.159,0.159
Africa,Comoros,COM,1998,516606.0,0.17,0.17
Africa,Comoros,COM,1999,525894.0,0.181,0.181
Africa,Comoros,COM,2000,536084.0,0.191,0.191
Africa,Comoros,COM,2001,547221.0,0.194,0.194
Africa,Comoros,COM,2002,558927.0,0.19,0.19
Africa,Comoros,COM,2003,569808.0,0.238,0.238
Africa,Comoros,COM,2004,580711.0,0.259,0.259
Africa,Comoros,COM,2005,592679.0,0.241,0.241
Africa,Comoros,COM,2006,604752.0,0.279,0.279
Africa,Comoros,COM,2007,616935.0,0.172,0.172
Africa,Comoros,COM,2008,629314.0,0.175,0.175
Africa,Comoros,COM,2009,641949.0,0.211,0.211
Africa,Comoros,COM,2010,654846.0,0.246,0.246
Africa,Comoros,COM,2011,668064.0,0.214,0.214
Africa,Comoros,COM,2012,681637.0,0.226,0.226
Africa,Comoros,COM,2013,696203.0,0.263,0.263
Africa,Comoros,COM,2014,711512.0,0.232,0.232
Africa,Comoros,COM,2015,726685.0,0.247,0.247
Africa,Comoros,COM,2016,741745.0,0.277,0.277
Africa,Comoros,COM,2017,756672.0,0.349,0.349
Africa,Comoros,COM,2018,771597.0,0.37,0.37
Africa,Comoros,COM,2019,786582.0,0.396,0.396
Africa,Comoros,COM,2020,802172.0,0.461,0.461
Africa,Comoros,COM,2021,818178.0,0.609,0.609
Africa,Comoros,COM,2022,834191.0,0.637,0.637
Africa,Comoros,COM,2023,850390.0,0.638,0.638
Africa,Congo,COG,1990,2380562.0,0.423,0.408
Africa,Congo,COG,1991,2449235.0,0.442,0.425
Africa,Congo,COG,1992,2519467.0,0.512,0.493
Africa,Congo,COG,1993,2595127.0,0.447,0.429
Africa,Congo,COG,1994,2673147.0,1.266,0.648
Africa,Congo,COG,1995,2749464.0,1.173,0.417
Africa,Congo,COG,1996,2826786.0,1.428,0.467
Africa,Congo,COG,1997,2887862.0,1.673,0.662
Africa,Congo,COG,1998,2952062.0,1.311,0.12
Africa,Congo,COG,1999,3032876.0,1.291,0.12
Africa,Congo,COG,2000,3151349.0,1.359,0.15
Africa,Congo,COG,2001,3272542.0,1.277,0.185
Africa,Congo,COG,2002,3350770.0,0.812,0.147
Africa,Congo,COG,2003,3445758.0,0.946,0.225
Africa,Congo,COG,2004,3565565.0,0.995,0.23
Africa,Congo,COG,2005,3696399.0,1.177,0.247
Africa,Congo,COG,2006,3837411.0,1.247,0.272
Africa,Congo,COG,2007,3980430.0,1.07,0.284
Africa,Congo,COG,2008,4113514.0,1.038,0.302
Africa,Congo,COG,2009,4281218.0,1.155,0.368
Africa,Congo,COG,2010,4462304.0,1.233,0.389
Africa,Congo,COG,2011,4609728.0,1.095,0.419
Africa,Congo,COG,2012,4740457.0,1.059,0.523
Africa,Congo,COG,2013,4857104.0,1.213,0.521
Africa,Congo,COG,2014,4975887.0,1.1,0.483
Africa,Congo,COG,2015,5097583.0,1.106,0.426
Africa,Congo,COG,2016,5222545.0,1.097,0.407
Africa,Congo,COG,2017,5351013.0,1.056,0.359
Africa,Congo,COG,2018,5483128.0,1.194,0.356
Africa,Congo,COG,2019,5616656.0,1.299,0.352
Africa,Congo,COG,2020,5752792.0,1.335,0.367
Africa,Congo,COG,2021,5892187.0,1.255,0.375
Africa,Congo,COG,2022,6035104.0,1.446,0.394
Africa,Congo,COG,2023,6182890.0,1.338,0.397
Oceania,Cook Islands,COK,1990,17146.0,2.351,2.351
Oceania,Cook Islands,COK,1991,17329.0,2.326,2.326
Oceania,Cook Islands,COK,1992,17495.0,2.304,2.304
Oceania,Cook Islands,COK,1993,17615.0,2.496,2.496
Oceania,Cook Islands,COK,1994,17710.0,2.483,2.483
Oceania,Cook Islands,COK,1995,17801.0,2.47,2.47
Oceania,Cook Islands,COK,1996,17880.0,2.869,2.869
Oceania,Cook Islands,COK,1997,17648.0,2.907,2.907
Oceania,Cook Islands,COK,1998,17102.0,2.999,2.999
Oceania,Cook Islands,COK,1999,16508.0,3.107,3.107
Oceania,Cook Islands,COK,2000,15876.0,3.231,3.231
Oceania,Cook Islands,COK,2001,15259.0,3.602,3.602
Oceania,Cook Islands,COK,2002,14994.0,2.932,2.932
Oceania,Cook Islands,COK,2003,15049.0,3.165,3.165
Oceania,Cook Islands,COK,2004,15103.0,3.396,3.396
Oceania,Cook Islands,COK,2005,15153.0,3.869,3.869
Oceania,Cook Islands,COK,2006,15233.0,4.33,4.33
Oceania,Cook Islands,COK,2007,15519.0,4.25,4.25
Oceania,Cook Islands,COK,2008,16003.0,4.121,4.121
Oceania,Cook Islands,COK,2009,16497.0,3.776,3.776
Oceania,Cook Islands,COK,2010,17000.0,4.095,4.095
Oceania,Cook Islands,COK,2011,17480.0,4.402,4.402
Oceania,Cook Islands,COK,2012,17690.0,4.557,4.557
Oceania,Cook Islands,COK,2013,17629.0,4.572,4.572
Oceania,Cook Islands,COK,2014,17556.0,4.591,4.591
Oceania,Cook Islands,COK,2015,17471.0,4.404,4.404
Oceania,Cook Islands,COK,2016,17360.0,4.432,4.432
Oceania,Cook Islands,COK,2017,17066.0,4.509,4.509
Oceania,Cook Islands,COK,2018,16623.0,4.629,4.629
Oceania,Cook Islands,COK,2019,16151.0,4.991,4.991
Oceania,Cook Islands,COK,2020,15664.0,4.21,4.21
Oceania,Cook Islands,COK,2021,15205.0,4.819,4.819
Oceania,Cook Islands,COK,2022,14747.0,5.218,5.218
Oceania,Cook Islands,COK,2023,14244.0,5.376,5.376
North America,Costa Rica,CRI,1990,3121707.0,0.932,0.847
North America,Costa Rica,CRI,1991,3202182.0,1.025,0.933
North America,Costa Rica,CRI,1992,3284261.0,1.137,1.048
North America,Costa Rica,CRI,1993,3367436.0,1.153,1.046
North America,Costa Rica,CRI,1994,3451122.0,1.503,1.39
North America,Costa Rica,CRI,1995,3535179.0,1.355,1.253
North America,Costa Rica,CRI,1996,3619012.0,1.291,1.197
North America,Costa Rica,CRI,1997,3701713.0,1.324,1.219
North America,Costa Rica,CRI,1998,3782840.0,1.378,1.261
North America,Costa Rica,CRI,1999,3862103.0,1.402,1.286
North America,Costa Rica,CRI,2000,3937737.0,1.363,1.255
North America,Costa Rica,CRI,2001,4008951.0,1.406,1.258
North America,Costa Rica,CRI,2002,4075710.0,1.525,1.375
North America,Costa Rica,CRI,2003,4138791.0,1.583,1.43
North America,Costa Rica,CRI,2004,4200079.0,1.618,1.444
North America,Costa Rica,CRI,2005,4261240.0,1.563,1.384
North America,Costa Rica,CRI,2006,4321337.0,1.614,1.489
North America,Costa Rica,CRI,2007,4380250.0,1.805,1.592
North America,Costa Rica,CRI,2008,4440058.0,1.787,1.61
North America,Costa Rica,CRI,2009,4499788.0,1.71,1.534
North America,Costa Rica,CRI,2010,4555965.0,1.638,1.534
North America,Costa Rica,CRI,2011,4609834.0,1.578,1.463
North America,Costa Rica,CRI,2012,4663930.0,1.547,1.437
North America,Costa Rica,CRI,2013,4716153.0,1.608,1.493
North America,Costa Rica,CRI,2014,4767126.0,1.616,1.499
North America,Costa Rica,CRI,2015,4818045.0,1.526,1.408
North America,Costa Rica,CRI,2016,4867003.0,1.609,1.519
North America,Costa Rica,CRI,2017,4913177.0,1.626,1.523
North America,Costa Rica,CRI,2018,4957813.0,1.607,1.511
North America,Costa Rica,CRI,2019,4999549.0,1.532,1.445
North America,Costa Rica,CRI,2020,5034323.0,1.342,1.271
North America,Costa Rica,CRI,2021,5059991.0,1.515,1.427
North America,Costa Rica,CRI,2022,5081764.0,1.576,1.48
North America,Costa Rica,CRI,2023,5105526.0,1.659,1.562
Africa,Cote d'Ivoire,CIV,1990,12189780.0,0.392,0.392
Africa,Cote d'Ivoire,CIV,1991,12683875.0,0.34,0.34
Africa,Cote d'Ivoire,CIV,1992,13200313.0,0.291,0.291
Africa,Cote d'Ivoire,CIV,1993,13735955.0,0.371,0.371
Africa,Cote d'Ivoire,CIV,1994,14287211.0,0.289,0.289
Africa,Cote d'Ivoire,CIV,1995,14855566.0,0.419,0.405
Africa,Cote d'Ivoire,CIV,1996,15442322.0,0.487,0.419
Africa,Cote d'Ivoire,CIV,1997,16047178.0,0.449,0.35
Africa,Cote d'Ivoire,CIV,1998,16663948.0,0.405,0.296
Africa,Cote d'Ivoire,CIV,1999,17215937.0,0.354,0.206
Africa,Cote d'Ivoire,CIV,2000,17699007.0,0.375,0.228
Africa,Cote d'Ivoire,CIV,2001,18178920.0,0.421,0.263
Africa,Cote d'Ivoire,CIV,2002,18654772.0,0.399,0.23
Africa,Cote d'Ivoire,CIV,2003,19125546.0,0.277,0.146
Africa,Cote d'Ivoire,CIV,2004,19594997.0,0.377,0.222
Africa,Cote d'Ivoire,CIV,2005,20068468.0,0.377,0.208
Africa,Cote d'Ivoire,CIV,2006,20546808.0,0.335,0.179
Africa,Cote d'Ivoire,CIV,2007,21030558.0,0.316,0.174
Africa,Cote d'Ivoire,CIV,2008,21514446.0,0.312,0.165
Africa,Cote d'Ivoire,CIV,2009,21997936.0,0.257,0.124
Africa,Cote d'Ivoire,CIV,2010,22488068.0,0.277,0.135
Africa,Cote d'Ivoire,CIV,2011,22982003.0,0.284,0.146
Africa,Cote d'Ivoire,CIV,2012,23467083.0,0.364,0.216
Africa,Cote d'Ivoire,CIV,2013,23939775.0,0.404,0.241
Africa,Cote d'Ivoire,CIV,2014,24527393.0,0.404,0.243
Africa,Cote d'Ivoire,CIV,2015,25246347.0,0.378,0.22
Africa,Cote d'Ivoire,CIV,2016,25989404.0,0.461,0.27
Africa,Cote d'Ivoire,CIV,2017,26733376.0,0.449,0.282
Africa,Cote d'Ivoire,CIV,2018,27464175.0,0.379,0.23
Africa,Cote d'Ivoire,CIV,2019,28193014.0,0.374,0.22
Africa,Cote d'Ivoire,CIV,2020,28915452.0,0.381,0.227
Africa,Cote d'Ivoire,CIV,2021,29639737.0,0.461,0.306
Africa,Cote d'Ivoire,CIV,2022,30395004.0,0.477,0.312
Africa,Cote d'Ivoire,CIV,2023,31165653.0,0.451,0.291
Europe,Croatia,HRV,1990,4835067.0,4.733,2.72
Europe,Croatia,HRV,1991,4825159.0,3.523,1.983
Europe,Croatia,HRV,1992,4782235.0,3.425,1.894
Europe,Croatia,HRV,1993,4729734.0,3.554,1.964
Europe,Croatia,HRV,1994,4675517.0,3.434,1.968
Europe,Croatia,HRV,1995,4619362.0,3.64,2.281
Europe,Croatia,HRV,1996,4562290.0,3.8,2.347
Europe,Croatia,HRV,1997,4504627.0,4.122,2.495
Europe,Croatia,HRV,1998,4445669.0,4.283,2.705
Europe,Croatia,HRV,1999,4385823.0,4.579,2.915
Europe,Croatia,HRV,2000,4326105.0,4.543,2.578
Europe,Croatia,HRV,2001,4301079.0,4.83,2.698
Europe,Croatia,HRV,2002,4305783.0,5.09,2.821
Europe,Croatia,HRV,2003,4306683.0,5.393,3.098
Europe,Croatia,HRV,2004,4310050.0,5.302,2.854
Europe,Croatia,HRV,2005,4313946.0,5.4,2.979
Europe,Croatia,HRV,2006,4315802.0,5.444,3.049
Europe,Croatia,HRV,2007,4315959.0,5.747,3.115
Europe,Croatia,HRV,2008,4314635.0,5.45,2.885
Europe,Croatia,HRV,2009,4310537.0,5.046,2.883
Europe,Croatia,HRV,2010,4301150.0,4.877,2.455
Europe,Croatia,HRV,2011,4280827.0,4.816,2.434
Europe,Croatia,HRV,2012,4259233.0,4.473,2.28
Europe,Croatia,HRV,2013,4242403.0,4.337,2.139
Europe,Croatia,HRV,2014,4219485.0,4.183,2.123
Europe,Croatia,HRV,2015,4183732.0,4.253,2.244
Europe,Croatia,HRV,2016,4136438.0,4.371,2.258
Europe,Croatia,HRV,2017,4079198.0,4.587,2.447
Europe,Croatia,HRV,2018,4024868.0,4.396,2.374
Europe,Croatia,HRV,2019,3986338.0,4.47,2.33
Europe,Croatia,HRV,2020,3953956.0,4.267,2.092
Europe,Croatia,HRV,2021,3924607.0,4.434,2.223
Europe,Croatia,HRV,2022,3907031.0,4.501,2.424
Europe,Croatia,HRV,2023,3896023.0,4.74,2.645
North America,Cuba,CUB,1990,10631796.0,2.788,2.588
North America,Cuba,CUB,1991,10717640.0,2.516,2.414
North America,Cuba,CUB,1992,10785807.0,1.924,1.84
North America,Cuba,CUB,1993,10841040.0,1.825,1.756
North America,Cuba,CUB,1994,10886022.0,1.968,1.887
North America,Cuba,CUB,1995,10925362.0,2.093,2.0
North America,Cuba,CUB,1996,10962009.0,2.126,2.051
North America,Cuba,CUB,1997,10997933.0,2.257,2.157
North America,Cuba,CUB,1998,11034716.0,2.203,2.095
North America,Cuba,CUB,1999,11072230.0,2.212,2.041
North America,Cuba,CUB,2000,11109112.0,2.277,2.098
North America,Cuba,CUB,2001,11144134.0,2.215,2.032
North America,Cuba,CUB,2002,11177422.0,2.253,2.057
North America,Cuba,CUB,2003,11209379.0,2.28,2.077
North America,Cuba,CUB,2004,11238756.0,2.183,1.971
North America,Cuba,CUB,2005,11262553.0,2.282,2.057
North America,Cuba,CUB,2006,11278550.0,2.375,2.083
North America,Cuba,CUB,2007,11287274.0,2.279,1.962
North America,Cuba,CUB,2008,11291764.0,2.456,2.156
North America,Cuba,CUB,2009,11294719.0,2.502,2.208
North America,Cuba,CUB,2010,11297414.0,2.925,2.654
North America,Cuba,CUB,2011,11301578.0,2.573,2.315
North America,Cuba,CUB,2012,11303172.0,2.608,2.338
North America,Cuba,CUB,2013,11298163.0,2.469,2.195
North America,Cuba,CUB,2014,11285780.0,2.425,2.142
North America,Cuba,CUB,2015,11275069.0,2.58,2.294
North America,Cuba,CUB,2016,11265615.0,2.465,2.196
North America,Cuba,CUB,2017,11247824.0,2.183,1.945
North America,Cuba,CUB,2018,11227116.0,2.05,1.817
North America,Cuba,CUB,2019,11202847.0,2.007,1.785
North America,Cuba,CUB,2020,11176349.0,1.904,1.707
North America,Cuba,CUB,2021,11122169.0,2.027,1.838
North America,Cuba,CUB,2022,11059822.0,2.103,1.921
North America,Cuba,CUB,2023,11019932.0,2.13,1.924
North America,Curacao,CUW,1990,155750.0,30.813,30.813
North America,Curacao,CUW,1991,155455.0,24.634,24.634
North America,Curacao,CUW,1992,155101.0,20.342,20.342
North America,Curacao,CUW,1993,154504.0,31.523,31.523
North America,Curacao,CUW,1994,153677.0,30.384,30.384
North America,Curacao,CUW,1995,152705.0,30.259,30.259
North America,Curacao,CUW,1996,151582.0,28.515,28.515
North America,Curacao,CUW,1997,150316.0,30.093,30.093
North America,Curacao,CUW,1998,148874.0,1.677,1.677
North America,Curacao,CUW,1999,147276.0,12.704,12.704
North America,Curacao,CUW,2000,145540.0,34.11,34.11
North America,Curacao,CUW,2001,144758.0,34.922,34.922
North America,Curacao,CUW,2002,145911.0,33.401,33.401
North America,Curacao,CUW,2003,147923.0,32.969,32.969
North America,Curacao,CUW,2004,149805.0,34.157,34.157
North America,Curacao,CUW,2005,151324.0,33.514,33.514
North America,Curacao,CUW,2006,152516.0,34.655,34.655
North America,Curacao,CUW,2007,153672.0,38.72,38.72
North America,Curacao,CUW,2008,154784.0,36.975,36.975
North America,Curacao,CUW,2009,155832.0,37.58,37.58
North America,Curacao,CUW,2010,156881.0,25.713,25.713
North America,Curacao,CUW,2011,158572.0,32.452,32.452
North America,Curacao,CUW,2012,160904.0,39.076,39.076
North America,Curacao,CUW,2013,163122.0,36.366,36.366
North America,Curacao,CUW,2014,165041.0,41.182,41.182
North America,Curacao,CUW,2015,166621.0,44.002,42.354
North America,Curacao,CUW,2016,167787.0,36.97,35.333
North America,Curacao,CUW,2017,168525.0,29.482,28.656
North America,Curacao,CUW,2018,181590.0,23.809,23.244
North America,Curacao,CUW,2019,189555.0,12.641,12.641
North America,Curacao,CUW,2020,185029.0,10.852,10.852
North America,Curacao,CUW,2021,185324.0,11.546,11.546
North America,Curacao,CUW,2022,185350.0,11.92,11.92
North America,Curacao,CUW,2023,185437.0,11.89,11.89
Asia,Cyprus,CYP,1990,788355.0,5.896,4.69
Asia,Cyprus,CYP,1991,798950.0,6.429,5.29
Asia,Cyprus,CYP,1992,810344.0,6.798,5.822
Asia,Cyprus,CYP,1993,826042.0,6.964,5.91
Asia,Cyprus,CYP,1994,844669.0,7.097,6.039
Asia,Cyprus,CYP,1995,862698.0,6.799,5.821
Asia,Cyprus,CYP,1996,880295.0,7.061,6.042
Asia,Cyprus,CYP,1997,897574.0,7.022,6.057
Asia,Cyprus,CYP,1998,914552.0,7.213,6.295
Asia,Cyprus,CYP,1999,931235.0,7.37,6.452
Asia,Cyprus,CYP,2000,947667.0,7.499,6.527
Asia,Cyprus,CYP,2001,964129.0,7.239,6.292
Asia,Cyprus,CYP,2002,981443.0,7.308,6.344
Asia,Cyprus,CYP,2003,999600.0,7.564,6.615
Asia,Cyprus,CYP,2004,1017875.0,7.65,6.645
Asia,Cyprus,CYP,2005,1036156.0,7.674,6.696
Asia,Cyprus,CYP,2006,1054424.0,7.761,6.761
Asia,Cyprus,CYP,2007,1072727.0,7.9,6.952
Asia,Cyprus,CYP,2008,1091029.0,7.966,7.039
Asia,Cyprus,CYP,2009,1109377.0,7.606,6.897
Asia,Cyprus,CYP,2010,1127826.0,7.157,6.57
Asia,Cyprus,CYP,2011,1146493.0,6.797,6.27
Asia,Cyprus,CYP,2012,1165403.0,6.231,5.777
Asia,Cyprus,CYP,2013,1183899.0,5.556,4.908
Asia,Cyprus,CYP,2014,1201806.0,5.766,4.938
Asia,Cyprus,CYP,2015,1219504.0,5.701,4.96
Asia,Cyprus,CYP,2016,1237114.0,5.941,5.215
Asia,Cyprus,CYP,2017,1254274.0,5.955,5.197
Asia,Cyprus,CYP,2018,1270743.0,5.764,5.038
Asia,Cyprus,CYP,2019,1286669.0,5.693,5.007
Asia,Cyprus,CYP,2020,1302250.0,5.301,4.565
Asia,Cyprus,CYP,2021,1317311.0,5.276,4.475
Asia,Cyprus,CYP,2022,1331376.0,5.311,4.542
Asia,Cyprus,CYP,2023,1344981.0,5.344,4.555
Europe,Czechia,CZE,1990,10301989.0,15.944,2.181
Europe,Czechia,CZE,1991,10304420.0,14.449,1.918
Europe,Czechia,CZE,1992,10312449.0,14.129,2.051
Europe,Czechia,CZE,1993,10320404.0,13.578,1.971
Europe,Czechia,CZE,1994,10322332.0,12.853,1.913
Europe,Czechia,CZE,1995,10312041.0,12.764,1.707
Europe,Czechia,CZE,1996,10296140.0,13.114,1.747
Europe,Czechia,CZE,1997,10280049.0,12.737,1.715
Europe,Czechia,CZE,1998,10265430.0,12.247,1.903
Europe,Czechia,CZE,1999,10251385.0,11.381,1.81
Europe,Czechia,CZE,2000,10236809.0,12.429,1.772
Europe,Czechia,CZE,2001,10231942.0,12.428,1.88
Europe,Czechia,CZE,2002,10239474.0,12.109,1.873
Europe,Czechia,CZE,2003,10248907.0,12.449,2.042
Europe,Czechia,CZE,2004,10261453.0,12.504,2.136
Europe,Czechia,CZE,2005,10280155.0,12.229,2.19
Europe,Czechia,CZE,2006,10304592.0,12.279,2.158
Europe,Czechia,CZE,2007,10337539.0,12.417,2.223
Europe,Czechia,CZE,2008,10378298.0,11.845,2.198
Europe,Czechia,CZE,2009,10420985.0,11.033,2.101
Europe,Czechia,CZE,2010,10464035.0,11.226,2.009
Europe,Czechia,CZE,2011,10495508.0,10.974,1.982
Europe,Czechia,CZE,2012,10507339.0,10.59,1.932
Europe,Czechia,CZE,2013,10511164.0,10.152,1.87
Europe,Czechia,CZE,2014,10517223.0,9.911,1.968
Europe,Czechia,CZE,2015,10524418.0,9.976,2.015
Europe,Czechia,CZE,2016,10531946.0,10.125,2.017
Europe,Czechia,CZE,2017,10541343.0,10.22,2.088
Europe,Czechia,CZE,2018,10548934.0,10.079,2.106
Europe,Czechia,CZE,2019,10554872.0,9.569,2.117
Europe,Czechia,CZE,2020,10550129.0,8.688,1.987
Europe,Czechia,CZE,2021,10530683.0,9.176,2.131
Europe,Czechia,CZE,2022,10673216.0,8.905,2.133
Europe,Czechia,CZE,2023,10809722.0,7.7,2.156
Africa,Democratic Republic of Congo,COD,1990,36684065.0,0.116,0.086
Africa,Democratic Republic of Congo,COD,1991,37925828.0,0.083,0.08
Africa,Democratic Republic of Congo,COD,1992,39228908.0,0.072,0.07
Africa,Democratic Republic of Congo,COD,1993,40656338.0,0.065,0.064
Africa,Democratic Republic of Congo,COD,1994,42626873.0,0.065,0.038
Africa,Democratic Republic of Congo,COD,1995,44433718.0,0.07,0.045
Africa,Democratic Republic of Congo,COD,1996,45296125.0,0.077,0.049
Africa,Democratic Republic of Congo,COD,1997,46029907.0,0.067,0.04
Africa,Democratic Republic of Congo,COD,1998,47297595.0,0.058,0.034
Africa,Democratic Republic of Congo,COD,1999,48912972.0,0.045,0.026
Africa,Democratic Republic of Congo,COD,2000,50507445.0,0.034,0.016
Africa,Democratic Republic of Congo,COD,2001,52132646.0,0.032,0.013
Africa,Democratic Republic of Congo,COD,2002,53750529.0,0.032,0.014
Africa,Democratic Republic of Congo,COD,2003,55343873.0,0.038,0.016
Africa,Democratic Republic of Congo,COD,2004,56997740.0,0.036,0.017
Africa,Democratic Republic of Congo,COD,2005,58775726.0,0.039,0.021
Africa,Democratic Republic of Congo,COD,2006,60615909.0,0.039,0.022
Africa,Democratic Republic of Congo,COD,2007,62477753.0,0.042,0.023
Africa,Democratic Republic of Congo,COD,2008,64390658.0,0.042,0.025
Africa,Democratic Republic of Congo,COD,2009,66412038.0,0.037,0.022
Africa,Democratic Republic of Congo,COD,2010,68563038.0,0.04,0.025
Africa,Democratic Republic of Congo,COD,2011,70849311.0,0.043,0.031
Africa,Democratic Republic of Congo,COD,2012,73254623.0,0.038,0.03
Africa,Democratic Republic of Congo,COD,2013,75789397.0,0.052,0.044
Africa,Democratic Republic of Congo,COD,2014,78403248.0,0.065,0.057
Africa,Democratic Republic of Congo,COD,2015,81035532.0,0.04,0.033
Africa,Democratic Republic of Congo,COD,2016,83956416.0,0.032,0.025
Africa,Democratic Republic of Congo,COD,2017,87083400.0,0.034,0.025
Africa,Democratic Republic of Congo,COD,2018,90047647.0,0.042,0.033
Africa,Democratic Republic of Congo,COD,2019,92947450.0,0.044,0.034
Africa,Democratic Republic of Congo,COD,2020,95990000.0,0.045,0.035
Africa,Democratic Republic of Congo,COD,2021,99148930.0,0.043,0.032
Africa,Democratic Republic of Congo,COD,2022,102396974.0,0.058,0.045
Africa,Democratic Republic of Congo,COD,2023,105789733.0,0.056,0.045
Europe,Denmark,DNK,1990,5141024.0,10.402,4.51
Europe,Denmark,DNK,1991,5154346.0,12.437,4.712
Europe,Denmark,DNK,1992,5171372.0,11.279,4.568
Europe,Denmark,DNK,1993,5188638.0,11.674,4.625
Europe,Denmark,DNK,1994,5206188.0,12.422,4.834
Europe,Denmark,DNK,1995,5233364.0,11.781,4.973
Europe,Denmark,DNK,1996,5263071.0,14.231,5.389
Europe,Denmark,DNK,1997,5285041.0,12.382,5.136
Europe,Denmark,DNK,1998,5304263.0,11.545,4.976
Europe,Denmark,DNK,1999,5321814.0,11.021,4.934
Europe,Denmark,DNK,2000,5339659.0,10.17,4.75
Europe,Denmark,DNK,2001,5358825.0,10.431,4.779
Europe,Denmark,DNK,2002,5375967.0,10.334,4.71
Europe,Denmark,DNK,2003,5390621.0,11.25,4.525
Europe,Denmark,DNK,2004,5404594.0,10.195,4.454
Europe,Denmark,DNK,2005,5419550.0,9.509,4.407
Europe,Denmark,DNK,2006,5437425.0,10.943,4.456
Europe,Denmark,DNK,2007,5461604.0,10.017,4.425
Europe,Denmark,DNK,2008,5493762.0,9.33,4.244
Europe,Denmark,DNK,2009,5523169.0,8.845,4.037
Europe,Denmark,DNK,2010,5547865.0,8.866,3.956
Europe,Denmark,DNK,2011,5570848.0,7.941,3.754
Europe,Denmark,DNK,2012,5591911.0,7.128,3.568
Europe,Denmark,DNK,2013,5615333.0,7.437,3.486
Europe,Denmark,DNK,2014,5643795.0,6.657,3.382
Europe,Denmark,DNK,2015,5683698.0,6.177,3.426
Europe,Denmark,DNK,2016,5728196.0,6.445,3.448
Europe,Denmark,DNK,2017,5765164.0,6.013,3.455
Europe,Denmark,DNK,2018,5793824.0,5.973,3.446
Europe,Denmark,DNK,2019,5814618.0,5.323,3.386
Europe,Denmark,DNK,2020,5831529.0,4.853,3.186
Europe,Denmark,DNK,2021,5856774.0,5.055,3.215
Europe,Denmark,DNK,2022,5902901.0,4.929,3.366
Europe,Denmark,DNK,2023,5948134.0,4.847,3.554
Africa,Djibouti,DJI,1990,579544.0,0.512,0.512
Africa,Djibouti,DJI,1991,631096.0,0.476,0.476
Africa,Djibouti,DJI,1992,626016.0,0.486,0.486
Africa,Djibouti,DJI,1993,614247.0,0.495,0.495
Africa,Djibouti,DJI,1994,626717.0,0.479,0.479
Africa,Djibouti,DJI,1995,633075.0,0.492,0.492
Africa,Djibouti,DJI,1996,648354.0,0.469,0.469
Africa,Djibouti,DJI,1997,671826.0,0.496,0.496
Africa,Djibouti,DJI,1998,699355.0,0.555,0.555
Africa,Djibouti,DJI,1999,724228.0,0.536,0.536
Africa,Djibouti,DJI,2000,747326.0,0.49,0.49
Africa,Djibouti,DJI,2001,771311.0,0.475,0.475
Africa,Djibouti,DJI,2002,795576.0,0.502,0.502
Africa,Djibouti,DJI,2003,813528.0,0.518,0.518
Africa,Djibouti,DJI,2004,826133.0,0.492,0.492
Africa,Djibouti,DJI,2005,839174.0,0.493,0.493
Africa,Djibouti,DJI,2006,855767.0,0.484,0.484
Africa,Djibouti,DJI,2007,874530.0,0.52,0.52
Africa,Djibouti,DJI,2008,892739.0,0.554,0.554
Africa,Djibouti,DJI,2009,911524.0,0.486,0.486
Africa,Djibouti,DJI,2010,930252.0,0.555,0.555
Africa,Djibouti,DJI,2011,948565.0,0.332,0.332
Africa,Djibouti,DJI,2012,966754.0,0.303,0.303
Africa,Djibouti,DJI,2013,984833.0,0.387,0.327
Africa,Djibouti,DJI,2014,1002720.0,0.416,0.351
Africa,Djibouti,DJI,2015,1020316.0,0.495,0.442
Africa,Djibouti,DJI,2016,1037660.0,0.412,0.364
Africa,Djibouti,DJI,2017,1054844.0,0.392,0.333
Africa,Djibouti,DJI,2018,1071886.0,0.44,0.359
Africa,Djibouti,DJI,2019,1088710.0,0.496,0.407
Africa,Djibouti,DJI,2020,1105193.0,0.419,0.335
Africa,Djibouti,DJI,2021,1121251.0,0.497,0.366
Africa,Djibouti,DJI,2022,1137101.0,0.484,0.32
Africa,Djibouti,DJI,2023,1152951.0,0.484,0.322
North America,Dominica,DMA,1990,69644.0,0.842,0.842
North America,Dominica,DMA,1991,69321.0,0.846,0.846
North America,Dominica,DMA,1992,69344.0,0.845,0.845
North America,Dominica,DMA,1993,69453.0,0.897,0.897
North America,Dominica,DMA,1994,69493.0,1.002,1.002
North America,Dominica,DMA,1995,69490.0,1.16,1.16
North America,Dominica,DMA,1996,69422.0,1.056,1.056
North America,Dominica,DMA,1997,69315.0,1.163,1.163
North America,Dominica,DMA,1998,69144.0,1.113,1.113
North America,Dominica,DMA,1999,68883.0,1.17,1.17
North America,Dominica,DMA,2000,68527.0,1.497,1.497
North America,Dominica,DMA,2001,68299.0,1.609,1.609
North America,Dominica,DMA,2002,68385.0,1.5,1.5
North America,Dominica,DMA,2003,68552.0,1.71,1.71
North America,Dominica,DMA,2004,68664.0,2.081,2.081
North America,Dominica,DMA,2005,68750.0,2.185,2.185
North America,Dominica,DMA,2006,68823.0,2.076,2.076
North America,Dominica,DMA,2007,68862.0,2.501,2.501
North America,Dominica,DMA,2008,68866.0,2.447,2.447
North America,Dominica,DMA,2009,68879.0,2.713,2.713
North America,Dominica,DMA,2010,68872.0,2.447,2.447
North America,Dominica,DMA,2011,69073.0,2.175,2.175
North America,Dominica,DMA,2012,69138.0,2.385,2.385
North America,Dominica,DMA,2013,69733.0,2.259,2.259
North America,Dominica,DMA,2014,70387.0,2.395,2.395
North America,Dominica,DMA,2015,70429.0,2.497,2.497
North America,Dominica,DMA,2016,69627.0,2.473,2.473
North America,Dominica,DMA,2017,68514.0,2.246,2.246
North America,Dominica,DMA,2018,68195.0,2.418,2.418
North America,Dominica,DMA,2019,67901.0,2.536,2.536
North America,Dominica,DMA,2020,67588.0,2.331,2.331
North America,Dominica,DMA,2021,67222.0,2.398,2.398
North America,Dominica,DMA,2022,66847.0,2.466,2.466
North America,Dominica,DMA,2023,66531.0,2.473,2.473
North America,Dominican Republic,DOM,1990,7151165.0,1.249,1.182
North America,Dominican Republic,DOM,1991,7299849.0,1.305,1.213
North America,Dominican Republic,DOM,1992,7447476.0,1.397,1.27
North America,Dominican Republic,DOM,1993,7594567.0,1.474,1.362
North America,Dominican Republic,DOM,1994,7741694.0,1.522,1.417
North America,Dominican Republic,DOM,1995,7888120.0,1.913,1.799
North America,Dominican Republic,DOM,1996,8032895.0,2.049,1.922
North America,Dominican Republic,DOM,1997,8174081.0,2.108,1.971
North America,Dominican Republic,DOM,1998,8310369.0,2.137,1.958
North America,Dominican Republic,DOM,1999,8446207.0,2.104,1.921
North America,Dominican Republic,DOM,2000,8584196.0,2.206,2.059
North America,Dominican Republic,DOM,2001,8720287.0,2.188,2.001
North America,Dominican Republic,DOM,2002,8852231.0,2.358,2.152
North America,Dominican Republic,DOM,2003,8980626.0,2.367,1.866
North America,Dominican Republic,DOM,2004,9104889.0,1.895,1.53
North America,Dominican Republic,DOM,2005,9225035.0,1.935,1.633
North America,Dominican Republic,DOM,2006,9341187.0,2.037,1.618
North America,Dominican Republic,DOM,2007,9455663.0,2.106,1.63
North America,Dominican Republic,DOM,2008,9573135.0,2.114,1.632
North America,Dominican Republic,DOM,2009,9695270.0,2.031,1.577
North America,Dominican Republic,DOM,2010,9820180.0,2.082,1.59
North America,Dominican Republic,DOM,2011,9945623.0,2.104,1.565
North America,Dominican Republic,DOM,2012,10070409.0,2.076,1.556
North America,Dominican Republic,DOM,2013,10193838.0,2.045,1.485
North America,Dominican Republic,DOM,2014,10315523.0,2.061,1.421
North America,Dominican Republic,DOM,2015,10434826.0,2.203,1.588
North America,Dominican Republic,DOM,2016,10551430.0,2.288,1.692
North America,Dominican Republic,DOM,2017,10666846.0,2.199,1.542
North America,Dominican Republic,DOM,2018,10782048.0,2.338,1.687
North America,Dominican Republic,DOM,2019,10894043.0,2.613,1.763
North America,Dominican Republic,DOM,2020,11008298.0,2.383,1.355
North America,Dominican Republic,DOM,2021,11123480.0,2.64,1.554
North America,Dominican Republic,DOM,2022,11230734.0,2.78,1.663
North America,Dominican Republic,DOM,2023,11331269.0,2.809,1.645
South America,Ecuador,ECU,1990,10473674.0,1.575,1.266
South America,Ecuador,ECU,1991,10702377.0,1.514,1.226
South America,Ecuador,ECU,1992,10930128.0,2.013,1.751
South America,Ecuador,ECU,1993,11154283.0,2.163,1.893
South America,Ecuador,ECU,1994,11372197.0,1.261,0.936
South America,Ecuador,ECU,1995,11590519.0,2.03,1.687
South America,Ecuador,ECU,1996,11810954.0,2.145,1.766
South America,Ecuador,ECU,1997,12031129.0,1.618,1.268
South America,Ecuador,ECU,1998,12251188.0,1.887,1.574
South America,Ecuador,ECU,1999,12470800.0,1.764,1.482
South America,Ecuador,ECU,2000,12689215.0,1.651,1.365
South America,Ecuador,ECU,2001,12910736.0,1.815,1.522
South America,Ecuador,ECU,2002,13138473.0,1.892,1.616
South America,Ecuador,ECU,2003,13372304.0,2.028,1.71
South America,Ecuador,ECU,2004,13608700.0,2.154,1.812
South America,Ecuador,ECU,2005,13846162.0,2.214,1.878
South America,Ecuador,ECU,2006,14086138.0,2.114,1.769
South America,Ecuador,ECU,2007,14328783.0,2.4,2.046
South America,Ecuador,ECU,2008,14575201.0,2.092,1.709
South America,Ecuador,ECU,2009,14825960.0,2.281,1.887
South America,Ecuador,ECU,2010,15076697.0,2.419,2.012
South America,Ecuador,ECU,2011,15326232.0,2.511,2.145
South America,Ecuador,ECU,2012,15572195.0,2.408,2.064
South America,Ecuador,ECU,2013,15807132.0,2.511,2.149
South America,Ecuador,ECU,2014,16035127.0,2.729,2.346
South America,Ecuador,ECU,2015,16266229.0,2.539,2.179
South America,Ecuador,ECU,2016,16505142.0,2.386,2.028
South America,Ecuador,ECU,2017,16759515.0,2.339,1.992
South America,Ecuador,ECU,2018,17049542.0,2.255,1.945
South America,Ecuador,ECU,2019,17340017.0,2.312,2.015
South America,Ecuador,ECU,2020,17546058.0,1.851,1.565
South America,Ecuador,ECU,2021,17682454.0,2.159,1.847
South America,Ecuador,ECU,2022,17823900.0,2.36,2.045
South America,Ecuador,ECU,2023,17980079.0,2.481,2.143
Africa,Egypt,EGY,1990,58396625.0,1.248,0.892
Africa,Egypt,EGY,1991,60029001.0,1.24,0.864
Africa,Egypt,EGY,1992,61480663.0,1.259,0.864
Africa,Egypt,EGY,1993,62915681.0,1.444,0.997
Africa,Egypt,EGY,1994,64285596.0,1.361,0.826
Africa,Egypt,EGY,1995,65652621.0,1.492,0.885
Africa,Egypt,EGY,1996,67028045.0,1.448,0.8
Africa,Egypt,EGY,1997,68431738.0,1.621,1.029
Africa,Egypt,EGY,1998,69943297.0,1.777,1.181
Africa,Egypt,EGY,1999,71520953.0,1.776,1.112
Africa,Egypt,EGY,2000,73083287.0,1.954,1.167
Africa,Egypt,EGY,2001,74652035.0,1.693,0.89
Africa,Egypt,EGY,2002,76239140.0,1.684,0.749
Africa,Egypt,EGY,2003,77853548.0,1.926,0.941
Africa,Egypt,EGY,2004,79477441.0,1.911,0.952
Africa,Egypt,EGY,2005,81101012.0,2.058,0.977
Africa,Egypt,EGY,2006,82700404.0,2.157,1.012
Africa,Egypt,EGY,2007,84276224.0,2.245,1.006
Africa,Egypt,EGY,2008,85864791.0,2.281,1.076
Africa,Egypt,EGY,2009,87501635.0,2.346,1.124
Africa,Egypt,EGY,2010,89196073.0,2.273,1.072
Africa,Egypt,EGY,2011,91093066.0,2.434,1.168
Africa,Egypt,EGY,2012,93161000.0,2.281,1.046
Africa,Egypt,EGY,2013,95333551.0,2.298,1.084
Africa,Egypt,EGY,2014,97528655.0,2.33,1.215
Africa,Egypt,EGY,2015,99597334.0,2.276,1.117
Africa,Egypt,EGY,2016,101644583.0,2.412,1.163
Africa,Egypt,EGY,2017,103696055.0,2.443,1.046
Africa,Egypt,EGY,2018,105682092.0,2.289,0.925
Africa,Egypt,EGY,2019,107553159.0,2.176,0.709
Africa,Egypt,EGY,2020,109315118.0,2.253,0.899
Africa,Egypt,EGY,2021,110957005.0,2.405,0.943
Africa,Egypt,EGY,2022,112618252.0,2.219,0.969
Africa,Egypt,EGY,2023,114535772.0,2.185,0.928
North America,El Salvador,SLV,1990,5399728.0,0.458,0.407
North America,El Salvador,SLV,1991,5495081.0,0.573,0.521
North America,El Salvador,SLV,1992,5585611.0,0.593,0.562
North America,El Salvador,SLV,1993,5659959.0,0.701,0.636
North America,El Salvador,SLV,1994,5714138.0,0.788,0.725
North America,El Salvador,SLV,1995,5762135.0,0.865,0.801
North America,El Salvador,SLV,1996,5805286.0,0.758,0.69
North America,El Salvador,SLV,1997,5844578.0,0.924,0.851
North America,El Salvador,SLV,1998,5880786.0,0.971,0.897
North America,El Salvador,SLV,1999,5913908.0,0.941,0.87
North America,El Salvador,SLV,2000,5943363.0,0.95,0.877
North America,El Salvador,SLV,2001,5968058.0,0.977,0.898
North America,El Salvador,SLV,2002,5986629.0,1.008,0.921
North America,El Salvador,SLV,2003,5998597.0,1.066,0.975
North America,El Salvador,SLV,2004,6004673.0,1.035,0.954
North America,El Salvador,SLV,2005,6005583.0,1.043,0.971
North America,El Salvador,SLV,2006,6002321.0,1.114,1.03
North America,El Salvador,SLV,2007,6009820.0,1.135,1.052
North America,El Salvador,SLV,2008,6029302.0,1.057,0.976
North America,El Salvador,SLV,2009,6048284.0,1.039,0.964
North America,El Salvador,SLV,2010,6068253.0,1.036,0.957
North America,El Salvador,SLV,2011,6090128.0,1.062,0.982
North America,El Salvador,SLV,2012,6113977.0,1.053,0.97
North America,El Salvador,SLV,2013,6138845.0,0.987,0.916
North America,El Salvador,SLV,2014,6162952.0,0.993,0.935
North America,El Salvador,SLV,2015,6183675.0,1.073,1.016
North America,El Salvador,SLV,2016,6200808.0,1.06,1.009
North America,El Salvador,SLV,2017,6213538.0,0.956,0.905
North America,El Salvador,SLV,2018,6219803.0,1.037,0.975
North America,El Salvador,SLV,2019,6222316.0,1.227,1.154
North America,El Salvador,SLV,2020,6234679.0,0.984,0.927
North America,El Salvador,SLV,2021,6255780.0,1.115,1.054
North America,El Salvador,SLV,2022,6280316.0,1.26,1.136
North America,El Salvador,SLV,2023,6309629.0,1.374,1.198
Africa,Equatorial Guinea,GNQ,1990,474289.0,0.131,0.131
Africa,Equatorial Guinea,GNQ,1991,492220.0,0.134,0.134
Africa,Equatorial Guinea,GNQ,1992,510775.0,0.129,0.129
Africa,Equatorial Guinea,GNQ,1993,530030.0,0.131,0.131
Africa,Equatorial Guinea,GNQ,1994,550148.0,2.089,0.133
Africa,Equatorial Guinea,GNQ,1995,571274.0,2.142,0.141
Africa,Equatorial Guinea,GNQ,1996,593496.0,2.29,0.222
Africa,Equatorial Guinea,GNQ,1997,616897.0,3.201,0.493
Africa,Equatorial Guinea,GNQ,1998,641478.0,3.578,0.343
Africa,Equatorial Guinea,GNQ,1999,667222.0,3.763,0.438
Africa,Equatorial Guinea,GNQ,2000,703287.0,3.838,0.531
Africa,Equatorial Guinea,GNQ,2001,749836.0,4.122,0.606
Africa,Equatorial Guinea,GNQ,2002,797968.0,3.465,0.772
Africa,Equatorial Guinea,GNQ,2003,847867.0,3.691,0.942
Africa,Equatorial Guinea,GNQ,2004,899924.0,6.82,1.242
Africa,Equatorial Guinea,GNQ,2005,947370.0,6.551,1.227
Africa,Equatorial Guinea,GNQ,2006,990349.0,6.233,1.221
Africa,Equatorial Guinea,GNQ,2007,1036053.0,5.513,1.195
Africa,Equatorial Guinea,GNQ,2008,1084538.0,5.464,1.139
Africa,Equatorial Guinea,GNQ,2009,1135683.0,4.3,1.054
Africa,Equatorial Guinea,GNQ,2010,1189097.0,5.363,1.011
Africa,Equatorial Guinea,GNQ,2011,1241843.0,4.885,0.983
Africa,Equatorial Guinea,GNQ,2012,1293485.0,5.315,0.974
Africa,Equatorial Guinea,GNQ,2013,1346220.0,6.068,0.931
Africa,Equatorial Guinea,GNQ,2014,1399829.0,5.459,0.909
Africa,Equatorial Guinea,GNQ,2015,1453925.0,4.821,0.877
Africa,Equatorial Guinea,GNQ,2016,1508192.0,4.998,0.806
Africa,Equatorial Guinea,GNQ,2017,1562401.0,4.362,0.72
Africa,Equatorial Guinea,GNQ,2018,1616425.0,4.352,0.66
Africa,Equatorial Guinea,GNQ,2019,1670184.0,3.301,0.656
Africa,Equatorial Guinea,GNQ,2020,1716479.0,3.722,0.566
Africa,Equatorial Guinea,GNQ,2021,1758796.0,4.03,0.554
Africa,Equatorial Guinea,GNQ,2022,1803549.0,4.157,0.528
Africa,Equatorial Guinea,GNQ,2023,1847556.0,3.742,0.532
Africa,Eritrea,ERI,1994,1913919.0,0.37,0.36
Africa,Eritrea,ERI,1995,2025273.0,0.39,0.38
Africa,Eritrea,ERI,1996,2128464.0,0.405,0.396
Africa,Eritrea,ERI,1997,2152146.0,0.357,0.346
Africa,Eritrea,ERI,1998,2180423.0,0.269,0.26
Africa,Eritrea,ERI,1999,2212785.0,0.278,0.27
Africa,Eritrea,ERI,2000,2247036.0,0.269,0.261
Africa,Eritrea,ERI,2001,2312083.0,0.276,0.268
Africa,Eritrea,ERI,2002,2392981.0,0.213,0.205
Africa,Eritrea,ERI,2003,2493906.0,0.313,0.306
Africa,Eritrea,ERI,2004,2598288.0,0.244,0.237
Africa,Eritrea,ERI,2005,2661215.0,0.22,0.213
Africa,Eritrea,ERI,2006,2703501.0,0.168,0.161
Africa,Eritrea,ERI,2007,2743226.0,0.155,0.148
Africa,Eritrea,ERI,2008,2816331.0,0.141,0.135
Africa,Eritrea,ERI,2009,2887887.0,0.154,0.148
Africa,Eritrea,ERI,2010,2945184.0,0.159,0.153
Africa,Eritrea,ERI,2011,2998493.0,0.193,0.172
Africa,Eritrea,ERI,2012,3036998.0,0.2,0.171
Africa,Eritrea,ERI,2013,3074367.0,0.185,0.156
Africa,Eritrea,ERI,2014,3095168.0,0.184,0.155
Africa,Eritrea,ERI,2015,3105554.0,0.18,0.155
Africa,Eritrea,ERI,2016,3124700.0,0.177,0.153
Africa,Eritrea,ERI,2017,3150350.0,0.176,0.154
Africa,Eritrea,ERI,2018,3192763.0,0.193,0.171
Africa,Eritrea,ERI,2019,3240194.0,0.199,0.177
Africa,Eritrea,ERI,2020,3291277.0,0.195,0.176
Africa,Eritrea,ERI,2021,3350185.0,0.203,0.183
Africa,Eritrea,ERI,2022,3409450.0,0.211,0.19
Africa,Eritrea,ERI,2023,3470391.0,0.211,0.191
Europe,Estonia,EST,1990,1570309.0,23.503,5.819
Europe,Estonia,EST,1991,1565380.0,21.806,5.243
Europe,Estonia,EST,1992,1540214.0,15.85,3.007
Europe,Estonia,EST,1993,1504344.0,12.918,3.186
Europe,Estonia,EST,1994,1475716.0,13.579,3.017
Europe,Estonia,EST,1995,1452774.0,12.427,2.399
Europe,Estonia,EST,1996,1434655.0,13.267,2.634
Europe,Estonia,EST,1997,1421494.0,13.136,2.581
Europe,Estonia,EST,1998,1411206.0,11.999,2.577
Europe,Estonia,EST,1999,1403578.0,11.349,2.362
Europe,Estonia,EST,2000,1397001.0,11.074,1.944
Europe,Estonia,EST,2001,1388174.0,11.432,2.281
Europe,Estonia,EST,2002,1379438.0,11.134,2.332
Europe,Estonia,EST,2003,1370849.0,12.584,2.304
Europe,Estonia,EST,2004,1362682.0,12.712,2.324
Europe,Estonia,EST,2005,1354847.0,12.614,2.359
Europe,Estonia,EST,2006,1346885.0,12.205,2.381
Europe,Estonia,EST,2007,1340709.0,14.866,2.469
Europe,Estonia,EST,2008,1337078.0,13.324,2.383
Europe,Estonia,EST,2009,1334528.0,10.794,2.174
Europe,Estonia,EST,2010,1331450.0,14.244,2.293
Europe,Estonia,EST,2011,1327366.0,14.275,2.369
Europe,Estonia,EST,2012,1322615.0,13.429,2.441
Europe,Estonia,EST,2013,1317920.0,14.898,2.433
Europe,Estonia,EST,2014,1314457.0,14.29,2.458
Europe,Estonia,EST,2015,1314580.0,12.004,2.536
Europe,Estonia,EST,2016,1315850.0,13.248,2.604
Europe,Estonia,EST,2017,1317430.0,14.131,2.607
Europe,Estonia,EST,2018,1321972.0,13.465,2.57
Europe,Estonia,EST,2019,1326822.0,9.261,2.453
Europe,Estonia,EST,2020,1329675.0,6.918,2.278
Europe,Estonia,EST,2021,1331750.0,7.802,2.199
Europe,Estonia,EST,2022,1350093.0,8.863,2.32
Europe,Estonia,EST,2023,1367195.0,6.396,2.29
Africa,Eswatini,SWZ,1990,872436.0,1.1,0.615
Africa,Eswatini,SWZ,1991,908193.0,0.96,0.601
Africa,Eswatini,SWZ,1992,943426.0,0.882,0.601
Africa,Eswatini,SWZ,1993,971327.0,0.728,0.592
Africa,Eswatini,SWZ,1994,971221.0,1.109,0.611
Africa,Eswatini,SWZ,1995,970439.0,1.091,0.625
Africa,Eswatini,SWZ,1996,989847.0,0.796,0.452
Africa,Eswatini,SWZ,1997,1006647.0,1.132,0.571
Africa,Eswatini,SWZ,1998,1019657.0,1.139,0.586
Africa,Eswatini,SWZ,1999,1030785.0,1.205,0.638
Africa,Eswatini,SWZ,2000,1041428.0,1.158,0.645
Africa,Eswatini,SWZ,2001,1051066.0,1.046,0.563
Africa,Eswatini,SWZ,2002,1059456.0,1.02,0.56
Africa,Eswatini,SWZ,2003,1066706.0,0.941,0.568
Africa,Eswatini,SWZ,2004,1073170.0,0.935,0.569
Africa,Eswatini,SWZ,2005,1079022.0,0.941,0.587
Africa,Eswatini,SWZ,2006,1084442.0,0.936,0.58
Africa,Eswatini,SWZ,2007,1090713.0,0.957,0.588
Africa,Eswatini,SWZ,2008,1098098.0,0.928,0.552
Africa,Eswatini,SWZ,2009,1105158.0,0.955,0.61
Africa,Eswatini,SWZ,2010,1111651.0,0.897,0.565
Africa,Eswatini,SWZ,2011,1117845.0,0.859,0.564
Africa,Eswatini,SWZ,2012,1123870.0,0.988,0.58
Africa,Eswatini,SWZ,2013,1130000.0,1.164,0.636
Africa,Eswatini,SWZ,2014,1136305.0,0.671,0.629
Africa,Eswatini,SWZ,2015,1142822.0,0.744,0.638
Africa,Eswatini,SWZ,2016,1149516.0,0.889,0.701
Africa,Eswatini,SWZ,2017,1158198.0,0.838,0.715
Africa,Eswatini,SWZ,2018,1168933.0,0.868,0.746
Africa,Eswatini,SWZ,2019,1179885.0,0.932,0.783
Africa,Eswatini,SWZ,2020,1192734.0,0.829,0.71
Africa,Eswatini,SWZ,2021,1206598.0,0.82,0.686
Africa,Eswatini,SWZ,2022,1218921.0,0.844,0.696
Africa,Eswatini,SWZ,2023,1230507.0,0.837,0.697
Africa,Ethiopia,ETH,1990,47609760.0,0.063,0.06
Africa,Ethiopia,ETH,1991,49717203.0,0.06,0.057
Africa,Ethiopia,ETH,1992,51853756.0,0.057,0.054
Africa,Ethiopia,ETH,1993,53708892.0,0.056,0.053
Africa,Ethiopia,ETH,1994,55611514.0,0.04,0.036
Africa,Ethiopia,ETH,1995,57537340.0,0.044,0.039
Africa,Ethiopia,ETH,1996,59467640.0,0.047,0.042
Africa,Ethiopia,ETH,1997,61404541.0,0.049,0.044
Africa,Ethiopia,ETH,1998,63363523.0,0.05,0.045
Africa,Ethiopia,ETH,1999,65374561.0,0.047,0.043
Africa,Ethiopia,ETH,2000,67411496.0,0.051,0.046
Africa,Ethiopia,ETH,2001,69487767.0,0.061,0.056
Africa,Ethiopia,ETH,2002,71635521.0,0.062,0.057
Africa,Ethiopia,ETH,2003,73832664.0,0.066,0.06
Africa,Ethiopia,ETH,2004,76077211.0,0.068,0.061
Africa,Ethiopia,ETH,2005,78367476.0,0.063,0.055
Africa,Ethiopia,ETH,2006,80703495.0,0.066,0.057
Africa,Ethiopia,ETH,2007,83103218.0,0.07,0.063
Africa,Ethiopia,ETH,2008,85543670.0,0.075,0.066
Africa,Ethiopia,ETH,2009,88007641.0,0.073,0.065
Africa,Ethiopia,ETH,2010,90538518.0,0.07,0.062
Africa,Ethiopia,ETH,2011,93149977.0,0.079,0.066
Africa,Ethiopia,ETH,2012,95798771.0,0.083,0.064
Africa,Ethiopia,ETH,2013,98438752.0,0.099,0.074
Africa,Ethiopia,ETH,2014,101115615.0,0.114,0.084
Africa,Ethiopia,ETH,2015,103867140.0,0.121,0.083
Africa,Ethiopia,ETH,2016,106718163.0,0.134,0.092
Africa,Ethiopia,ETH,2017,109666482.0,0.133,0.09
Africa,Ethiopia,ETH,2018,112664157.0,0.143,0.098
Africa,Ethiopia,ETH,2019,115737384.0,0.148,0.106
Africa,Ethiopia,ETH,2020,118917670.0,0.141,0.094
Africa,Ethiopia,ETH,2021,122138588.0,0.147,0.098
Africa,Ethiopia,ETH,2022,125384285.0,0.135,0.092
Africa,Ethiopia,ETH,2023,128691695.0,0.137,0.092
Europe,Faroe Islands,FRO,1990,47525.0,14.802,14.802
Europe,Faroe Islands,FRO,1991,46839.0,14.081,14.081
Europe,Faroe Islands,FRO,1992,46043.0,14.085,14.085
Europe,Faroe Islands,FRO,1993,45160.0,12.9,12.9
Europe,Faroe Islands,FRO,1994,44195.0,13.016,13.016
Europe,Faroe Islands,FRO,1995,43863.0,13.031,13.031
Europe,Faroe Islands,FRO,1996,44203.0,13.511,13.511
Europe,Faroe Islands,FRO,1997,44568.0,13.154,13.154
Europe,Faroe Islands,FRO,1998,44920.0,13.866,13.866
Europe,Faroe Islands,FRO,1999,45242.0,14.011,14.011
Europe,Faroe Islands,FRO,2000,45687.0,15.077,15.077
Europe,Faroe Islands,FRO,2001,46262.0,16.474,16.474
Europe,Faroe Islands,FRO,2002,46852.0,15.563,15.563
Europe,Faroe Islands,FRO,2003,47448.0,15.444,15.444
Europe,Faroe Islands,FRO,2004,48041.0,15.559,15.559
Europe,Faroe Islands,FRO,2005,48386.0,14.918,14.918
Europe,Faroe Islands,FRO,2006,48456.0,13.989,13.989
Europe,Faroe Islands,FRO,2007,48498.0,14.279,14.279
Europe,Faroe Islands,FRO,2008,48528.0,13.062,13.062
Europe,Faroe Islands,FRO,2009,48512.0,11.858,11.858
Europe,Faroe Islands,FRO,2010,48191.0,13.001,13.001
Europe,Faroe Islands,FRO,2011,47957.0,11.766,11.766
Europe,Faroe Islands,FRO,2012,48113.0,12.337,12.337
Europe,Faroe Islands,FRO,2013,48297.0,13.428,13.428
Europe,Faroe Islands,FRO,2014,48515.0,12.31,12.31
Europe,Faroe Islands,FRO,2015,48916.0,12.434,12.434
Europe,Faroe Islands,FRO,2016,49554.0,12.644,12.644
Europe,Faroe Islands,FRO,2017,50268.0,13.995,13.995
Europe,Faroe Islands,FRO,2018,51062.0,14.208,14.208
Europe,Faroe Islands,FRO,2019,51868.0,14.269,14.269
Europe,Faroe Islands,FRO,2020,52615.0,14.415,14.415
Europe,Faroe Islands,FRO,2021,53324.0,14.704,14.704
Europe,Faroe Islands,FRO,2022,54039.0,13.378,13.378
Europe,Faroe Islands,FRO,2023,54738.0,13.038,13.038
Oceania,Fiji,FJI,1990,773325.0,1.036,0.914
Oceania,Fiji,FJI,1991,779666.0,0.84,0.738
Oceania,Fiji,FJI,1992,785349.0,0.93,0.821
Oceania,Fiji,FJI,1993,790380.0,0.922,0.816
Oceania,Fiji,FJI,1994,794779.0,0.91,0.797
Oceania,Fiji,FJI,1995,798750.0,0.922,0.812
Oceania,Fiji,FJI,1996,803788.0,0.986,0.871
Oceania,Fiji,FJI,1997,812145.0,0.941,0.821
Oceania,Fiji,FJI,1998,822259.0,0.904,0.797
Oceania,Fiji,FJI,1999,831835.0,0.909,0.806
Oceania,Fiji,FJI,2000,840913.0,0.969,0.871
Oceania,Fiji,FJI,2001,849606.0,1.182,1.134
Oceania,Fiji,FJI,2002,858057.0,0.974,0.922
Oceania,Fiji,FJI,2003,866297.0,1.146,1.095
Oceania,Fiji,FJI,2004,874369.0,1.487,1.487
Oceania,Fiji,FJI,2005,882384.0,1.159,1.159
Oceania,Fiji,FJI,2006,890370.0,1.292,1.292
Oceania,Fiji,FJI,2007,897843.0,1.208,1.208
Oceania,Fiji,FJI,2008,903403.0,0.876,0.876
Oceania,Fiji,FJI,2009,907248.0,0.775,0.775
Oceania,Fiji,FJI,2010,910427.0,1.131,1.127
Oceania,Fiji,FJI,2011,912991.0,1.019,1.019
Oceania,Fiji,FJI,2012,914920.0,0.993,0.993
Oceania,Fiji,FJI,2013,916359.0,1.132,1.132
Oceania,Fiji,FJI,2014,917589.0,1.286,1.286
Oceania,Fiji,FJI,2015,918585.0,1.592,1.592
Oceania,Fiji,FJI,2016,919167.0,1.463,1.463
Oceania,Fiji,FJI,2017,918762.0,1.583,1.583
Oceania,Fiji,FJI,2018,917185.0,1.614,1.614
Oceania,Fiji,FJI,2019,914906.0,1.65,1.65
Oceania,Fiji,FJI,2020,914971.0,1.498,1.498
Oceania,Fiji,FJI,2021,916718.0,1.187,1.187
Oceania,Fiji,FJI,2022,919428.0,1.51,1.51
Oceania,Fiji,FJI,2023,924150.0,1.496,1.496
Europe,Finland,FIN,1990,4986576.0,11.415,5.547
Europe,Finland,FIN,1991,5013889.0,11.008,5.347
Europe,Finland,FIN,1992,5042145.0,10.764,5.287
Europe,Finland,FIN,1993,5066594.0,11.116,5.054
Europe,Finland,FIN,1994,5088454.0,12.133,5.19
Europe,Finland,FIN,1995,5107919.0,11.379,5.011
Europe,Finland,FIN,1996,5124715.0,12.496,5.08
Europe,Finland,FIN,1997,5139927.0,12.199,5.062
Europe,Finland,FIN,1998,5153545.0,11.518,5.156
Europe,Finland,FIN,1999,5165516.0,11.398,5.174
Europe,Finland,FIN,2000,5176197.0,11.015,4.989
Europe,Finland,FIN,2001,5187970.0,12.051,5.097
Europe,Finland,FIN,2002,5200548.0,12.508,5.155
Europe,Finland,FIN,2003,5212958.0,13.938,5.165
Europe,Finland,FIN,2004,5228147.0,13.187,5.148
Europe,Finland,FIN,2005,5246078.0,10.877,5.025
Europe,Finland,FIN,2006,5266248.0,12.983,5.023
Europe,Finland,FIN,2007,5288715.0,12.624,5.038
Europe,Finland,FIN,2008,5313379.0,11.033,4.694
Europe,Finland,FIN,2009,5338854.0,10.474,4.532
Europe,Finland,FIN,2010,5363347.0,11.95,4.686
Europe,Finland,FIN,2011,5388236.0,10.513,4.41
Europe,Finland,FIN,2012,5413978.0,9.449,4.372
Europe,Finland,FIN,2013,5439057.0,9.509,4.199
Europe,Finland,FIN,2014,5461686.0,8.719,3.944
Europe,Finland,FIN,2015,5479719.0,8.065,3.902
Europe,Finland,FIN,2016,5495468.0,8.598,4.174
Europe,Finland,FIN,2017,5508398.0,8.107,4.033
Europe,Finland,FIN,2018,5515730.0,8.292,3.997
Europe,Finland,FIN,2019,5521754.0,7.687,3.92
Europe,Finland,FIN,2020,5529616.0,6.821,3.664
Europe,Finland,FIN,2021,5541069.0,6.825,3.513
Europe,Finland,FIN,2022,5569300.0,6.525,3.613
Europe,Finland,FIN,2023,5601185.0,5.677,3.358
Europe,France,FRA,1990,56990239.0,6.929,4.118
Europe,France,FRA,1991,57271564.0,7.318,4.3
Europe,France,FRA,1992,57554867.0,7.096,4.246
Europe,France,FRA,1993,57801261.0,6.728,4.161
Europe,France,FRA,1994,57999868.0,6.585,4.045
Europe,France,FRA,1995,58192207.0,6.65,4.079
Europe,France,FRA,1996,58380638.0,6.909,4.187
Europe,France,FRA,1997,58568662.0,6.762,4.132
Europe,France,FRA,1998,58778817.0,7.049,4.22
Europe,France,FRA,1999,59084209.0,6.991,4.206
Europe,France,FRA,2000,59483716.0,6.85,4.031
Europe,France,FRA,2001,59905131.0,6.871,4.166
Europe,France,FRA,2002,60327247.0,6.747,4.032
Europe,France,FRA,2003,60741119.0,6.799,4.035
Europe,France,FRA,2004,61175244.0,6.769,4.004
Europe,France,FRA,2005,61625031.0,6.756,3.925
Europe,France,FRA,2006,62049831.0,6.554,3.816
Europe,France,FRA,2007,62432438.0,6.35,3.643
Europe,France,FRA,2008,62780187.0,6.209,3.56
Europe,France,FRA,2009,63106460.0,5.885,3.478
Europe,France,FRA,2010,63417366.0,5.946,3.404
Europe,France,FRA,2011,63733776.0,5.572,3.278
Europe,France,FRA,2012,64058465.0,5.59,3.206
Europe,France,FRA,2013,64387736.0,5.591,3.173
Europe,France,FRA,2014,64692495.0,5.067,3.055
Europe,France,FRA,2015,64916337.0,5.116,3.069
Europe,France,FRA,2016,65086853.0,5.155,3.025
Europe,France,FRA,2017,65284775.0,5.183,3.001
Europe,France,FRA,2018,65519537.0,4.931,2.891
Europe,France,FRA,2019,65729460.0,4.812,2.849
Europe,France,FRA,2020,65905273.0,4.272,2.512
Europe,France,FRA,2021,66083547.0,4.65,2.711
Europe,France,FRA,2022,66277412.0,4.456,2.705
Europe,France,FRA,2023,66438828.0,4.068,2.592
Oceania,French Polynesia,PYF,1990,203780.0,2.571,2.571
Oceania,French Polynesia,PYF,1991,207755.0,2.54,2.54
Oceania,French Polynesia,PYF,1992,211570.0,2.355,2.355
Oceania,French Polynesia,PYF,1993,215229.0,2.417,2.417
Oceania,French Polynesia,PYF,1994,218747.0,2.445,2.445
Oceania,French Polynesia,PYF,1995,222128.0,2.359,2.359
Oceania,French Polynesia,PYF,1996,225500.0,2.324,2.324
Oceania,French Polynesia,PYF,1997,229132.0,2.367,2.367
Oceania,French Polynesia,PYF,1998,232898.0,2.297,2.297
Oceania,French Polynesia,PYF,1999,236606.0,2.509,2.509
Oceania,French Polynesia,PYF,2000,240346.0,2.851,2.851
Oceania,French Polynesia,PYF,2001,244107.0,3.152,3.152
Oceania,French Polynesia,PYF,2002,247785.0,3.253,3.253
Oceania,French Polynesia,PYF,2003,251650.0,3.32,3.32
Oceania,French Polynesia,PYF,2004,255663.0,3.296,3.296
Oceania,French Polynesia,PYF,2005,259517.0,3.205,3.205
Oceania,French Polynesia,PYF,2006,263234.0,3.187,3.187
Oceania,French Polynesia,PYF,2007,266448.0,3.218,3.218
Oceania,French Polynesia,PYF,2008,268390.0,3.235,3.235
Oceania,French Polynesia,PYF,2009,269494.0,3.195,3.195
Oceania,French Polynesia,PYF,2010,270590.0,3.412,3.412
Oceania,French Polynesia,PYF,2011,271734.0,3.25,3.25
Oceania,French Polynesia,PYF,2012,273092.0,3.207,3.207
Oceania,French Polynesia,PYF,2013,274736.0,3.214,3.214
Oceania,French Polynesia,PYF,2014,276391.0,3.076,3.076
Oceania,French Polynesia,PYF,2015,277877.0,3.046,3.046
Oceania,French Polynesia,PYF,2016,279180.0,3.11,3.11
Oceania,French Polynesia,PYF,2017,280096.0,3.126,3.126
Oceania,French Polynesia,PYF,2018,279823.0,3.143,3.143
Oceania,French Polynesia,PYF,2019,279040.0,3.191,3.191
Oceania,French Polynesia,PYF,2020,279218.0,2.979,2.979
Oceania,French Polynesia,PYF,2021,279808.0,3.103,3.103
Oceania,French Polynesia,PYF,2022,280388.0,3.162,3.162
Oceania,French Polynesia,PYF,2023,281125.0,3.139,3.139
Africa,Gabon,GAB,1990,983740.0,4.559,0.86
Africa,Gabon,GAB,1991,1010821.0,4.473,0.866
Africa,Gabon,GAB,1992,1038386.0,4.735,0.999
Africa,Gabon,GAB,1993,1066404.0,4.665,1.014
Africa,Gabon,GAB,1994,1094724.0,4.149,0.646
Africa,Gabon,GAB,1995,1123212.0,4.648,0.767
Africa,Gabon,GAB,1996,1152018.0,5.109,0.881
Africa,Gabon,GAB,1997,1181445.0,4.678,0.865
Africa,Gabon,GAB,1998,1211744.0,5.325,1.008
Africa,Gabon,GAB,1999,1243023.0,4.838,0.853
Africa,Gabon,GAB,2000,1275578.0,4.804,0.816
Africa,Gabon,GAB,2001,1309594.0,4.948,0.96
Africa,Gabon,GAB,2002,1345142.0,4.647,0.88
Africa,Gabon,GAB,2003,1382354.0,4.88,0.838
Africa,Gabon,GAB,2004,1421620.0,4.492,0.852
Africa,Gabon,GAB,2005,1463503.0,4.252,0.956
Africa,Gabon,GAB,2006,1508338.0,3.675,0.957
Africa,Gabon,GAB,2007,1556242.0,3.237,1.012
Africa,Gabon,GAB,2008,1607182.0,3.347,1.003
Africa,Gabon,GAB,2009,1661567.0,3.192,0.938
Africa,Gabon,GAB,2010,1719883.0,3.214,0.963
Africa,Gabon,GAB,2011,1781987.0,3.057,1.02
Africa,Gabon,GAB,2012,1846893.0,2.716,0.92
Africa,Gabon,GAB,2013,1913061.0,2.713,0.967
Africa,Gabon,GAB,2014,1978400.0,2.863,0.907
Africa,Gabon,GAB,2015,2040990.0,2.828,0.855
Africa,Gabon,GAB,2016,2100310.0,2.672,0.785
Africa,Gabon,GAB,2017,2156902.0,2.55,0.754
Africa,Gabon,GAB,2018,2212320.0,2.515,0.836
Africa,Gabon,GAB,2019,2267711.0,2.473,0.792
Africa,Gabon,GAB,2020,2322538.0,2.427,0.749
Africa,Gabon,GAB,2021,2376729.0,2.333,0.83
Africa,Gabon,GAB,2022,2430750.0,2.379,0.724
Africa,Gabon,GAB,2023,2484790.0,2.141,0.73
Africa,Gambia,GMB,1990,1054703.0,0.188,0.188
Africa,Gambia,GMB,1991,1099960.0,0.18,0.18
Africa,Gambia,GMB,1992,1145583.0,0.173,0.173
Africa,Gambia,GMB,1993,1188372.0,0.176,0.176
Africa,Gambia,GMB,1994,1227233.0,0.17,0.17
Africa,Gambia,GMB,1995,1264320.0,0.171,0.171
Africa,Gambia,GMB,1996,1301421.0,0.169,0.169
Africa,Gambia,GMB,1997,1338898.0,0.167,0.167
Africa,Gambia,GMB,1998,1376994.0,0.176,0.176
Africa,Gambia,GMB,1999,1415786.0,0.194,0.194
Africa,Gambia,GMB,2000,1455095.0,0.189,0.189
Africa,Gambia,GMB,2001,1495023.0,0.201,0.201
Africa,Gambia,GMB,2002,1535700.0,0.196,0.196
Africa,Gambia,GMB,2003,1577619.0,0.19,0.19
Africa,Gambia,GMB,2004,1621309.0,0.197,0.197
Africa,Gambia,GMB,2005,1667035.0,0.191,0.191
Africa,Gambia,GMB,2006,1715285.0,0.203,0.203
Africa,Gambia,GMB,2007,1765778.0,0.197,0.197
Africa,Gambia,GMB,2008,1817859.0,0.2,0.2
Africa,Gambia,GMB,2009,1871428.0,0.2,0.2
Africa,Gambia,GMB,2010,1926634.0,0.224,0.224
Africa,Gambia,GMB,2011,1983785.0,0.223,0.223
Africa,Gambia,GMB,2012,2043097.0,0.221,0.221
Africa,Gambia,GMB,2013,2103825.0,0.204,0.204
Africa,Gambia,GMB,2014,2164535.0,0.234,0.234
Africa,Gambia,GMB,2015,2224530.0,0.262,0.262
Africa,Gambia,GMB,2016,2283775.0,0.258,0.258
Africa,Gambia,GMB,2017,2342191.0,0.255,0.255
Africa,Gambia,GMB,2018,2399633.0,0.27,0.27
Africa,Gambia,GMB,2019,2456847.0,0.289,0.289
Africa,Gambia,GMB,2020,2515744.0,0.278,0.278
Africa,Gambia,GMB,2021,2576015.0,0.282,0.282
Africa,Gambia,GMB,2022,2636472.0,0.306,0.306
Africa,Gambia,GMB,2023,2697846.0,0.286,0.286
Asia,Georgia,GEO,1990,5448865.0,2.725,0.86
Asia,Georgia,GEO,1991,5379509.0,2.714,0.874
Asia,Georgia,GEO,1992,5294186.0,2.668,0.741
Asia,Georgia,GEO,1993,5178784.0,1.909,0.437
Asia,Georgia,GEO,1994,5046267.0,1.169,0.189
Asia,Georgia,GEO,1995,4925742.0,0.46,0.08
Asia,Georgia,GEO,1996,4812774.0,0.841,0.499
Asia,Georgia,GEO,1997,4695359.0,0.94,0.553
Asia,Georgia,GEO,1998,4576447.0,1.063,0.647
Asia,Georgia,GEO,1999,4455581.0,0.953,0.554
Asia,Georgia,GEO,2000,4328361.0,1.039,0.49
Asia,Georgia,GEO,2001,4209641.0,0.884,0.398
Asia,Georgia,GEO,2002,4127854.0,0.811,0.388
Asia,Georgia,GEO,2003,4085489.0,0.913,0.42
Asia,Georgia,GEO,2004,4056076.0,1.055,0.382
Asia,Georgia,GEO,2005,4026135.0,1.253,0.463
Asia,Georgia,GEO,2006,3996584.0,1.57,0.524
Asia,Georgia,GEO,2007,3967592.0,1.666,0.635
Asia,Georgia,GEO,2008,3941192.0,1.458,0.557
Asia,Georgia,GEO,2009,3918935.0,1.575,0.73
Asia,Georgia,GEO,2010,3895932.0,1.614,0.708
Asia,Georgia,GEO,2011,3868724.0,2.02,0.701
Asia,Georgia,GEO,2012,3839208.0,2.16,0.71
Asia,Georgia,GEO,2013,3809128.0,2.108,0.699
Asia,Georgia,GEO,2014,3792921.0,2.388,0.748
Asia,Georgia,GEO,2015,3791570.0,2.582,0.848
Asia,Georgia,GEO,2016,3792061.0,2.648,1.022
Asia,Georgia,GEO,2017,3792860.0,2.652,0.929
Asia,Georgia,GEO,2018,3794881.0,2.606,0.902
Asia,Georgia,GEO,2019,3796722.0,2.77,0.942
Asia,Georgia,GEO,2020,3795680.0,2.734,0.911
Asia,Georgia,GEO,2021,3788450.0,2.838,0.973
Asia,Georgia,GEO,2022,3794782.0,3.162,0.98
Asia,Georgia,GEO,2023,3807494.0,3.131,0.965
Europe,Germany,DEU,1990,79707963.0,13.233,4.182
Europe,Germany,DEU,1991,80303190.0,12.664,4.425
Europe,Germany,DEU,1992,80934901.0,11.978,4.423
Europe,Germany,DEU,1993,81486771.0,11.774,4.475
Europe,Germany,DEU,1994,81773613.0,11.535,4.327
Europe,Germany,DEU,1995,82019890.0,11.46,4.288
Europe,Germany,DEU,1996,82263195.0,11.666,4.389
Europe,Germany,DEU,1997,82389631.0,11.306,4.285
Europe,Germany,DEU,1998,82011933.0,11.261,4.291
Europe,Germany,DEU,1999,81678279.0,10.963,4.173
Europe,Germany,DEU,2000,81797255.0,10.99,4.044
Europe,Germany,DEU,2001,81933882.0,11.171,4.136
Europe,Germany,DEU,2002,82068328.0,10.952,3.953
Europe,Germany,DEU,2003,82111619.0,10.894,3.822
Europe,Germany,DEU,2004,82092706.0,10.678,3.669
Europe,Germany,DEU,2005,82046733.0,10.578,3.72
Europe,Germany,DEU,2006,81701971.0,10.85,3.833
Europe,Germany,DEU,2007,81298546.0,10.408,3.308
Europe,Germany,DEU,2008,81110780.0,10.561,3.655
Europe,Germany,DEU,2009,80935276.0,9.761,3.49
Europe,Germany,DEU,2010,80830916.0,10.228,3.429
Europe,Germany,DEU,2011,80857877.0,9.95,3.349
Europe,Germany,DEU,2012,80916391.0,10.061,3.361
Europe,Germany,DEU,2013,81041581.0,10.263,3.46
Europe,Germany,DEU,2014,81376078.0,9.74,3.338
Europe,Germany,DEU,2015,82077546.0,9.757,3.398
Europe,Germany,DEU,2016,82760102.0,9.642,3.331
Europe,Germany,DEU,2017,83104010.0,9.441,3.315
Europe,Germany,DEU,2018,83368507.0,9.101,3.216
Europe,Germany,DEU,2019,83559184.0,8.481,3.254
Europe,Germany,DEU,2020,83628711.0,7.739,3.043
Europe,Germany,DEU,2021,83697080.0,8.101,2.874
Europe,Germany,DEU,2022,84086227.0,7.942,2.938
Europe,Germany,DEU,2023,84548233.0,7.023,2.809
Africa,Ghana,GHA,1990,15394650.0,0.228,0.228
Africa,Ghana,GHA,1991,15787495.0,0.247,0.247
Africa,Ghana,GHA,1992,16184863.0,0.2,0.2
Africa,Ghana,GHA,1993,16589521.0,0.23,0.23
Africa,Ghana,GHA,1994,16993190.0,0.267,0.267
Africa,Ghana,GHA,1995,17399023.0,0.266,0.265
Africa,Ghana,GHA,1996,17810184.0,0.273,0.272
Africa,Ghana,GHA,1997,18238961.0,0.302,0.302
Africa,Ghana,GHA,1998,18688041.0,0.299,0.299
Africa,Ghana,GHA,1999,19149875.0,0.293,0.293
Africa,Ghana,GHA,2000,19637085.0,0.271,0.271
Africa,Ghana,GHA,2001,20167073.0,0.296,0.296
Africa,Ghana,GHA,2002,20729392.0,0.313,0.312
Africa,Ghana,GHA,2003,21296710.0,0.314,0.314
Africa,Ghana,GHA,2004,21868298.0,0.295,0.293
Africa,Ghana,GHA,2005,22449446.0,0.272,0.271
Africa,Ghana,GHA,2006,23040704.0,0.37,0.367
Africa,Ghana,GHA,2007,23642284.0,0.38,0.377
Africa,Ghana,GHA,2008,24249945.0,0.343,0.34
Africa,Ghana,GHA,2009,24862667.0,0.276,0.273
Africa,Ghana,GHA,2010,25475000.0,0.351,0.318
Africa,Ghana,GHA,2011,26095091.0,0.396,0.333
Africa,Ghana,GHA,2012,26734273.0,0.473,0.44
Africa,Ghana,GHA,2013,27386193.0,0.46,0.432
Africa,Ghana,GHA,2014,28041592.0,0.473,0.419
Africa,Ghana,GHA,2015,28696071.0,0.508,0.413
Africa,Ghana,GHA,2016,29356736.0,0.474,0.421
Africa,Ghana,GHA,2017,30008364.0,0.414,0.315
Africa,Ghana,GHA,2018,30637592.0,0.496,0.373
Africa,Ghana,GHA,2019,31258943.0,0.525,0.384
Africa,Ghana,GHA,2020,31887802.0,0.601,0.384
Africa,Ghana,GHA,2021,32518662.0,0.632,0.394
Africa,Ghana,GHA,2022,33149152.0,0.626,0.381
Africa,Ghana,GHA,2023,33787916.0,0.596,0.357
Europe,Greece,GRC,1990,10258494.0,8.133,3.507
Europe,Greece,GRC,1991,10306645.0,8.092,3.632
Europe,Greece,GRC,1992,10359895.0,8.202,3.596
Europe,Greece,GRC,1993,10412752.0,8.094,3.557
Europe,Greece,GRC,1994,10466266.0,8.258,3.57
Europe,Greece,GRC,1995,10519233.0,8.267,3.72
Europe,Greece,GRC,1996,10570083.0,8.431,4.018
Europe,Greece,GRC,1997,10622327.0,8.831,4.092
Europe,Greece,GRC,1998,10675411.0,9.238,4.226
Europe,Greece,GRC,1999,10727953.0,9.129,4.168
Europe,Greece,GRC,2000,10782638.0,9.55,4.232
Europe,Greece,GRC,2001,10843166.0,9.717,4.322
Europe,Greece,GRC,2002,10890287.0,9.642,4.398
Europe,Greece,GRC,2003,10918467.0,9.989,4.702
Europe,Greece,GRC,2004,10947369.0,10.001,4.547
Europe,Greece,GRC,2005,10981340.0,10.371,4.914
Europe,Greece,GRC,2006,11016107.0,10.205,5.056
Europe,Greece,GRC,2007,11045737.0,10.37,4.895
Europe,Greece,GRC,2008,11076874.0,10.028,4.76
Europe,Greece,GRC,2009,11108067.0,9.391,4.512
Europe,Greece,GRC,2010,11124666.0,8.751,3.955
Europe,Greece,GRC,2011,11108838.0,8.507,3.645
Europe,Greece,GRC,2012,11048291.0,8.272,3.285
Europe,Greece,GRC,2013,10967534.0,7.45,3.001
Europe,Greece,GRC,2014,10893169.0,7.219,3.074
Europe,Greece,GRC,2015,10820902.0,6.924,3.232
Europe,Greece,GRC,2016,10775506.0,6.622,3.301
Europe,Greece,GRC,2017,10753532.0,6.96,3.257
Europe,Greece,GRC,2018,10730846.0,6.689,3.153
Europe,Greece,GRC,2019,10718581.0,6.133,3.164
Europe,Greece,GRC,2020,10699370.0,5.194,2.898
Europe,Greece,GRC,2021,10579561.0,5.438,3.051
Europe,Greece,GRC,2022,10412481.0,5.533,3.388
Europe,Greece,GRC,2023,10242910.0,5.076,3.221
North America,Greenland,GRL,1990,55650.0,11.217,11.217
North America,Greenland,GRL,1991,55740.0,10.933,10.933
North America,Greenland,GRL,1992,55769.0,10.674,10.674
North America,Greenland,GRL,1993,55780.0,9.778,9.778
North America,Greenland,GRL,1994,55766.0,8.884,8.884
North America,Greenland,GRL,1995,55857.0,9.557,9.557
North America,Greenland,GRL,1996,56020.0,10.648,10.648
North America,Greenland,GRL,1997,56115.0,11.001,11.001
North America,Greenland,GRL,1998,56175.0,10.619,10.619
North America,Greenland,GRL,1999,56148.0,10.581,10.581
North America,Greenland,GRL,2000,56228.0,11.866,11.866
North America,Greenland,GRL,2001,56433.0,10.948,10.948
North America,Greenland,GRL,2002,56617.0,10.234,10.234
North America,Greenland,GRL,2003,56781.0,11.435,11.435
North America,Greenland,GRL,2004,56926.0,10.937,10.937
North America,Greenland,GRL,2005,56969.0,11.001,11.001
North America,Greenland,GRL,2006,56901.0,11.313,11.313
North America,Greenland,GRL,2007,56807.0,11.182,11.182
North America,Greenland,GRL,2008,56683.0,11.531,11.531
North America,Greenland,GRL,2009,56547.0,10.207,10.207
North America,Greenland,GRL,2010,56634.0,11.666,11.666
North America,Greenland,GRL,2011,56853.0,12.402,12.402
North America,Greenland,GRL,2012,56797.0,9.631,9.631
North America,Greenland,GRL,2013,56532.0,9.945,9.945
North America,Greenland,GRL,2014,56195.0,8.942,8.942
North America,Greenland,GRL,2015,56048.0,9.77,9.77
North America,Greenland,GRL,2016,56082.0,9.08,9.08
North America,Greenland,GRL,2017,56094.0,9.554,9.554
North America,Greenland,GRL,2018,56100.0,9.336,9.336
North America,Greenland,GRL,2019,56109.0,9.377,9.377
North America,Greenland,GRL,2020,56105.0,9.794,9.794
North America,Greenland,GRL,2021,56065.0,9.745,9.745
North America,Greenland,GRL,2022,56014.0,10.483,10.483
North America,Greenland,GRL,2023,55951.0,10.884,10.884
North America,Grenada,GRD,1990,99973.0,1.063,1.063
North America,Grenada,GRD,1991,100806.0,1.09,1.09
North America,Grenada,GRD,1992,101618.0,1.154,1.154
North America,Grenada,GRD,1993,102398.0,1.217,1.217
North America,Grenada,GRD,1994,103150.0,1.385,1.385
North America,Grenada,GRD,1995,103890.0,1.446,1.446
North America,Grenada,GRD,1996,104599.0,1.471,1.471
North America,Grenada,GRD,1997,105309.0,1.6,1.6
North America,Grenada,GRD,1998,106023.0,1.659,1.659
North America,Grenada,GRD,1999,106744.0,1.785,1.785
North America,Grenada,GRD,2000,107466.0,1.739,1.739
North America,Grenada,GRD,2001,107998.0,1.798,1.798
North America,Grenada,GRD,2002,108414.0,1.859,1.859
North America,Grenada,GRD,2003,108895.0,1.952,1.952
North America,Grenada,GRD,2004,109338.0,1.877,1.877
North America,Grenada,GRD,2005,109744.0,1.97,1.97
North America,Grenada,GRD,2006,110149.0,2.029,2.029
North America,Grenada,GRD,2007,110532.0,2.155,2.155
North America,Grenada,GRD,2008,110911.0,2.346,2.346
North America,Grenada,GRD,2009,111266.0,2.239,2.239
North America,Grenada,GRD,2010,111600.0,2.298,2.298
North America,Grenada,GRD,2011,112093.0,2.223,2.223
North America,Grenada,GRD,2012,112792.0,2.371,2.371
North America,Grenada,GRD,2013,113499.0,2.647,2.647
North America,Grenada,GRD,2014,114148.0,2.119,2.119
North America,Grenada,GRD,2015,114691.0,2.268,2.268
North America,Grenada,GRD,2016,115147.0,2.387,2.387
North America,Grenada,GRD,2017,115448.0,2.539,2.539
North America,Grenada,GRD,2018,115703.0,2.66,2.66
North America,Grenada,GRD,2019,115995.0,2.874,2.874
North America,Grenada,GRD,2020,116353.0,2.488,2.488
North America,Grenada,GRD,2021,116696.0,2.669,2.669
North America,Grenada,GRD,2022,116928.0,2.928,2.928
North America,Grenada,GRD,2023,117094.0,3.1,3.1
North America,Guatemala,GTM,1990,9024775.0,0.516,0.469
North America,Guatemala,GTM,1991,9272592.0,0.513,0.465
North America,Guatemala,GTM,1992,9522265.0,0.608,0.556
North America,Guatemala,GTM,1993,9779760.0,0.57,0.519
North America,Guatemala,GTM,1994,10043713.0,0.661,0.619
North America,Guatemala,GTM,1995,10312999.0,0.687,0.636
North America,Guatemala,GTM,1996,10583528.0,0.618,0.575
North America,Guatemala,GTM,1997,10857754.0,0.687,0.638
North America,Guatemala,GTM,1998,11139147.0,0.774,0.718
North America,Guatemala,GTM,1999,11422977.0,0.777,0.708
North America,Guatemala,GTM,2000,11697592.0,0.833,0.715
North America,Guatemala,GTM,2001,11969423.0,0.848,0.74
North America,Guatemala,GTM,2002,12246923.0,0.873,0.723
North America,Guatemala,GTM,2003,12525843.0,0.831,0.689
North America,Guatemala,GTM,2004,12807409.0,0.863,0.714
North America,Guatemala,GTM,2005,13087637.0,0.92,0.731
North America,Guatemala,GTM,2006,13367455.0,0.911,0.712
North America,Guatemala,GTM,2007,13652042.0,0.888,0.729
North America,Guatemala,GTM,2008,13935172.0,0.77,0.626
North America,Guatemala,GTM,2009,14215614.0,0.825,0.709
North America,Guatemala,GTM,2010,14500118.0,0.746,0.601
North America,Guatemala,GTM,2011,14792123.0,0.742,0.597
North America,Guatemala,GTM,2012,15089639.0,0.752,0.591
North America,Guatemala,GTM,2013,15387339.0,0.812,0.587
North America,Guatemala,GTM,2014,15681725.0,0.856,0.614
North America,Guatemala,GTM,2015,15971745.0,0.967,0.654
North America,Guatemala,GTM,2016,16268761.0,1.016,0.663
North America,Guatemala,GTM,2017,16567363.0,1.026,0.721
North America,Guatemala,GTM,2018,16845688.0,1.089,0.749
North America,Guatemala,GTM,2019,17103803.0,1.126,0.793
North America,Guatemala,GTM,2020,17357331.0,0.988,0.742
North America,Guatemala,GTM,2021,17598652.0,1.136,0.834
North America,Guatemala,GTM,2022,17847877.0,1.06,0.883
North America,Guatemala,GTM,2023,18124841.0,1.089,0.922
Africa,Guinea,GIN,1990,6434383.0,0.15,0.15
Africa,Guinea,GIN,1991,6697167.0,0.148,0.148
Africa,Guinea,GIN,1992,6914370.0,0.147,0.147
Africa,Guinea,GIN,1993,7128174.0,0.146,0.146
Africa,Guinea,GIN,1994,7345106.0,0.148,0.148
Africa,Guinea,GIN,1995,7553252.0,0.148,0.148
Africa,Guinea,GIN,1996,7770035.0,0.152,0.152
Africa,Guinea,GIN,1997,7931371.0,0.156,0.156
Africa,Guinea,GIN,1998,8081993.0,0.162,0.162
Africa,Guinea,GIN,1999,8265121.0,0.168,0.168
Africa,Guinea,GIN,2000,8428837.0,0.171,0.171
Africa,Guinea,GIN,2001,8539963.0,0.178,0.178
Africa,Guinea,GIN,2002,8674072.0,0.182,0.182
Africa,Guinea,GIN,2003,8870790.0,0.186,0.186
Africa,Guinea,GIN,2004,9062724.0,0.19,0.19
Africa,Guinea,GIN,2005,9245844.0,0.193,0.193
Africa,Guinea,GIN,2006,9441174.0,0.196,0.196
Africa,Guinea,GIN,2007,9662278.0,0.199,0.199
Africa,Guinea,GIN,2008,9898870.0,0.198,0.198
Africa,Guinea,GIN,2009,10143540.0,0.206,0.206
Africa,Guinea,GIN,2010,10396090.0,0.236,0.236
Africa,Guinea,GIN,2011,10656812.0,0.24,0.24
Africa,Guinea,GIN,2012,10921580.0,0.219,0.219
Africa,Guinea,GIN,2013,11191874.0,0.186,0.186
Africa,Guinea,GIN,2014,11472921.0,0.207,0.207
Africa,Guinea,GIN,2015,11767077.0,0.209,0.209
Africa,Guinea,GIN,2016,12073031.0,0.224,0.224
Africa,Guinea,GIN,2017,12385668.0,0.391,0.391
Africa,Guinea,GIN,2018,12704776.0,0.297,0.297
Africa,Guinea,GIN,2019,13034349.0,0.315,0.315
Africa,Guinea,GIN,2020,13371185.0,0.331,0.331
Africa,Guinea,GIN,2021,13710515.0,0.297,0.297
Africa,Guinea,GIN,2022,14055136.0,0.288,0.288
Africa,Guinea,GIN,2023,14405469.0,0.269,0.269
Africa,Guinea-Bissau,GNB,1990,973678.0,0.098,0.098
Africa,Guinea-Bissau,GNB,1991,994640.0,0.096,0.096
Africa,Guinea-Bissau,GNB,1992,1024365.0,0.093,0.093
Africa,Guinea-Bissau,GNB,1993,1058755.0,0.093,0.093
Africa,Guinea-Bissau,GNB,1994,1092037.0,0.091,0.091
Africa,Guinea-Bissau,GNB,1995,1119950.0,0.092,0.092
Africa,Guinea-Bissau,GNB,1996,1143544.0,0.087,0.087
Africa,Guinea-Bissau,GNB,1997,1165550.0,0.101,0.101
Africa,Guinea-Bissau,GNB,1998,1187478.0,0.074,0.074
Africa,Guinea-Bissau,GNB,1999,1210211.0,0.082,0.082
Africa,Guinea-Bissau,GNB,2000,1234747.0,0.042,0.042
Africa,Guinea-Bissau,GNB,2001,1261281.0,0.038,0.038
Africa,Guinea-Bissau,GNB,2002,1289317.0,0.048,0.048
Africa,Guinea-Bissau,GNB,2003,1318809.0,0.056,0.056
Africa,Guinea-Bissau,GNB,2004,1349569.0,0.033,0.033
Africa,Guinea-Bissau,GNB,2005,1381590.0,0.066,0.066
Africa,Guinea-Bissau,GNB,2006,1415315.0,0.083,0.083
Africa,Guinea-Bissau,GNB,2007,1450989.0,0.058,0.058
Africa,Guinea-Bissau,GNB,2008,1488059.0,0.079,0.079
Africa,Guinea-Bissau,GNB,2009,1526384.0,0.065,0.065
Africa,Guinea-Bissau,GNB,2010,1566352.0,0.065,0.065
Africa,Guinea-Bissau,GNB,2011,1608084.0,0.068,0.068
Africa,Guinea-Bissau,GNB,2012,1651425.0,0.069,0.069
Africa,Guinea-Bissau,GNB,2013,1695980.0,0.084,0.084
Africa,Guinea-Bissau,GNB,2014,1741126.0,0.082,0.082
Africa,Guinea-Bissau,GNB,2015,1786461.0,0.086,0.086
Africa,Guinea-Bissau,GNB,2016,1831898.0,0.092,0.092
Africa,Guinea-Bissau,GNB,2017,1877074.0,0.098,0.098
Africa,Guinea-Bissau,GNB,2018,1922167.0,0.103,0.103
Africa,Guinea-Bissau,GNB,2019,1967704.0,0.13,0.13
Africa,Guinea-Bissau,GNB,2020,2013259.0,0.155,0.155
Africa,Guinea-Bissau,GNB,2021,2058841.0,0.166,0.166
Africa,Guinea-Bissau,GNB,2022,2105535.0,0.164,0.164
Africa,Guinea-Bissau,GNB,2023,2153343.0,0.153,0.153
South America,Guyana,GUY,1990,749891.0,1.505,1.505
South America,Guyana,GUY,1991,747870.0,1.48,1.48
South America,Guyana,GUY,1992,749919.0,1.388,1.388
South America,Guyana,GUY,1993,752969.0,1.387,1.387
South America,Guyana,GUY,1994,755821.0,1.929,1.929
South America,Guyana,GUY,1995,758395.0,2.063,2.063
South America,Guyana,GUY,1996,760535.0,2.178,2.178
South America,Guyana,GUY,1997,762250.0,2.37,2.37
South America,Guyana,GUY,1998,763596.0,2.394,2.394
South America,Guyana,GUY,1999,764490.0,2.401,2.401
South America,Guyana,GUY,2000,764836.0,2.285,2.285
South America,Guyana,GUY,2001,764484.0,2.277,2.277
South America,Guyana,GUY,2002,763657.0,2.241,2.241
South America,Guyana,GUY,2003,763107.0,2.449,2.449
South America,Guyana,GUY,2004,762424.0,2.528,2.528
South America,Guyana,GUY,2005,760922.0,2.124,2.124
South America,Guyana,GUY,2006,758976.0,1.989,1.989
South America,Guyana,GUY,2007,756874.0,2.353,2.353
South America,Guyana,GUY,2008,754614.0,2.258,2.258
South America,Guyana,GUY,2009,752097.0,2.533,2.533
South America,Guyana,GUY,2010,749259.0,2.514,2.514
South America,Guyana,GUY,2011,746161.0,2.622,2.622
South America,Guyana,GUY,2012,746296.0,2.622,2.622
South America,Guyana,GUY,2013,750020.0,2.535,2.535
South America,Guyana,GUY,2014,754231.0,2.618,2.618
South America,Guyana,GUY,2015,758783.0,2.588,2.588
South America,Guyana,GUY,2016,763553.0,2.893,2.874
South America,Guyana,GUY,2017,768483.0,2.808,2.808
South America,Guyana,GUY,2018,791563.0,2.93,2.93
South America,Guyana,GUY,2019,807668.0,3.275,3.275
South America,Guyana,GUY,2020,807486.0,3.839,3.181
South America,Guyana,GUY,2021,815484.0,3.596,3.289
South America,Guyana,GUY,2022,821638.0,5.351,4.973
South America,Guyana,GUY,2023,826357.0,5.299,5.022
North America,Haiti,HTI,1990,6854444.0,0.145,0.128
North America,Haiti,HTI,1991,6995455.0,0.139,0.115
North America,Haiti,HTI,1992,7136577.0,0.124,0.103
North America,Haiti,HTI,1993,7278182.0,0.094,0.088
North America,Haiti,HTI,1994,7419776.0,0.025,0.025
North America,Haiti,HTI,1995,7562551.0,0.116,0.116
North America,Haiti,HTI,1996,7707560.0,0.132,0.132
North America,Haiti,HTI,1997,7854304.0,0.172,0.172
North America,Haiti,HTI,1998,8002144.0,0.154,0.154
North America,Haiti,HTI,1999,8151301.0,0.156,0.156
North America,Haiti,HTI,2000,8303151.0,0.197,0.197
North America,Haiti,HTI,2001,8455917.0,0.173,0.164
North America,Haiti,HTI,2002,8607648.0,0.207,0.193
North America,Haiti,HTI,2003,8759913.0,0.193,0.18
North America,Haiti,HTI,2004,8910267.0,0.184,0.171
North America,Haiti,HTI,2005,9061274.0,0.189,0.177
North America,Haiti,HTI,2006,9216569.0,0.189,0.177
North America,Haiti,HTI,2007,9373300.0,0.188,0.177
North America,Haiti,HTI,2008,9530782.0,0.184,0.172
North America,Haiti,HTI,2009,9689585.0,0.194,0.183
North America,Haiti,HTI,2010,9803299.0,0.217,0.206
North America,Haiti,HTI,2011,9914904.0,0.229,0.227
North America,Haiti,HTI,2012,10069770.0,0.225,0.222
North America,Haiti,HTI,2013,10222365.0,0.264,0.261
North America,Haiti,HTI,2014,10373241.0,0.26,0.253
North America,Haiti,HTI,2015,10523249.0,0.252,0.245
North America,Haiti,HTI,2016,10671462.0,0.279,0.272
North America,Haiti,HTI,2017,10817759.0,0.29,0.28
North America,Haiti,HTI,2018,10962373.0,0.31,0.3
North America,Haiti,HTI,2019,11105165.0,0.281,0.271
North America,Haiti,HTI,2020,11243846.0,0.29,0.281
North America,Haiti,HTI,2021,11374592.0,0.308,0.299
North America,Haiti,HTI,2022,11503603.0,0.25,0.24
North America,Haiti,HTI,2023,11637402.0,0.246,0.237
North America,Honduras,HND,1990,4980493.0,0.503,0.447
North America,Honduras,HND,1991,5123797.0,0.493,0.436
North America,Honduras,HND,1992,5271437.0,0.532,0.48
North America,Honduras,HND,1993,5423253.0,0.542,0.486
North America,Honduras,HND,1994,5579247.0,0.579,0.533
North America,Honduras,HND,1995,5739636.0,0.668,0.617
North America,Honduras,HND,1996,5903962.0,0.656,0.591
North America,Honduras,HND,1997,6071458.0,0.661,0.591
North America,Honduras,HND,1998,6234436.0,0.772,0.714
North America,Honduras,HND,1999,6400470.0,0.735,0.652
North America,Honduras,HND,2000,6577781.0,0.765,0.635
North America,Honduras,HND,2001,6757992.0,0.838,0.715
North America,Honduras,HND,2002,6938866.0,0.857,0.736
North America,Honduras,HND,2003,7119213.0,0.939,0.81
North America,Honduras,HND,2004,7299003.0,0.986,0.851
North America,Honduras,HND,2005,7478362.0,0.914,0.832
North America,Honduras,HND,2006,7656832.0,1.005,0.902
North America,Honduras,HND,2007,7834806.0,1.049,0.943
North America,Honduras,HND,2008,8012590.0,1.065,0.945
North America,Honduras,HND,2009,8189904.0,0.981,0.87
North America,Honduras,HND,2010,8365881.0,0.969,0.863
North America,Honduras,HND,2011,8540587.0,1.037,0.92
North America,Honduras,HND,2012,8715081.0,1.045,0.914
North America,Honduras,HND,2013,8889276.0,1.049,0.93
North America,Honduras,HND,2014,9063127.0,1.049,0.932
North America,Honduras,HND,2015,9237306.0,1.18,1.065
North America,Honduras,HND,2016,9412380.0,1.056,0.957
North America,Honduras,HND,2017,9588144.0,1.064,0.968
North America,Honduras,HND,2018,9765209.0,1.011,0.926
North America,Honduras,HND,2019,9943637.0,1.102,1.025
North America,Honduras,HND,2020,10119638.0,0.986,0.923
North America,Honduras,HND,2021,10289881.0,1.075,1.007
North America,Honduras,HND,2022,10463880.0,1.122,1.053
North America,Honduras,HND,2023,10644853.0,1.165,1.097
Asia,Hong Kong,HKG,1990,5560599.0,4.882,1.493
Asia,Hong Kong,HKG,1991,5628091.0,5.057,1.465
Asia,Hong Kong,HKG,1992,5759558.0,5.716,2.004
Asia,Hong Kong,HKG,1993,5902506.0,5.892,1.71
Asia,Hong Kong,HKG,1994,6042259.0,5.144,2.178
Asia,Hong Kong,HKG,1995,6177105.0,5.062,1.937
Asia,Hong Kong,HKG,1996,6302469.0,4.587,1.779
Asia,Hong Kong,HKG,1997,6416674.0,4.753,2.061
Asia,Hong Kong,HKG,1998,6521331.0,5.969,2.972
Asia,Hong Kong,HKG,1999,6616524.0,6.431,3.81
Asia,Hong Kong,HKG,2000,6704665.0,5.931,3.09
Asia,Hong Kong,HKG,2001,6774243.0,5.504,2.577
Asia,Hong Kong,HKG,2002,6821412.0,5.718,2.165
Asia,Hong Kong,HKG,2003,6858906.0,6.23,2.151
Asia,Hong Kong,HKG,2004,6888164.0,5.975,1.999
Asia,Hong Kong,HKG,2005,6908483.0,6.273,1.976
Asia,Hong Kong,HKG,2006,6931089.0,6.047,1.706
Asia,Hong Kong,HKG,2007,6971344.0,6.25,1.683
Asia,Hong Kong,HKG,2008,7020689.0,6.095,1.668
Asia,Hong Kong,HKG,2009,7064464.0,5.886,1.255
Asia,Hong Kong,HKG,2010,7101614.0,5.641,1.329
Asia,Hong Kong,HKG,2011,7142969.0,6.041,1.293
Asia,Hong Kong,HKG,2012,7201059.0,5.935,1.333
Asia,Hong Kong,HKG,2013,7264330.0,6.1,1.298
Asia,Hong Kong,HKG,2014,7319502.0,6.215,1.266
Asia,Hong Kong,HKG,2015,7366411.0,5.756,1.386
Asia,Hong Kong,HKG,2016,7408006.0,5.854,1.492
Asia,Hong Kong,HKG,2017,7444889.0,5.699,1.59
Asia,Hong Kong,HKG,2018,7471190.0,5.702,1.539
Asia,Hong Kong,HKG,2019,7485817.0,5.597,1.552
Asia,Hong Kong,HKG,2020,7490240.0,4.474,1.475
Asia,Hong Kong,HKG,2021,7484604.0,4.494,1.321
Asia,Hong Kong,HKG,2022,7465913.0,4.121,0.985
Asia,Hong Kong,HKG,2023,7442738.0,4.428,1.226
Europe,Hungary,HUN,1990,10381280.0,7.073,2.202
Europe,Hungary,HUN,1991,10378174.0,6.728,2.082
Europe,Hungary,HUN,1992,10371477.0,6.005,2.097
Europe,Hungary,HUN,1993,10356869.0,6.082,2.077
Europe,Hungary,HUN,1994,10339936.0,5.985,2.05
Europe,Hungary,HUN,1995,10322792.0,5.954,1.918
Europe,Hungary,HUN,1996,10302238.0,6.123,1.796
Europe,Hungary,HUN,1997,10278600.0,6.0,1.822
Europe,Hungary,HUN,1998,10251717.0,5.975,1.886
Europe,Hungary,HUN,1999,10219797.0,6.025,1.878
Europe,Hungary,HUN,2000,10190598.0,5.716,1.717
Europe,Hungary,HUN,2001,10166693.0,5.885,1.7
Europe,Hungary,HUN,2002,10138461.0,5.804,1.614
Europe,Hungary,HUN,2003,10108970.0,6.095,1.596
Europe,Hungary,HUN,2004,10085788.0,5.947,1.555
Europe,Hungary,HUN,2005,10065703.0,5.975,1.637
Europe,Hungary,HUN,2006,10049946.0,5.923,1.714
Europe,Hungary,HUN,2007,10034084.0,5.825,1.753
Europe,Hungary,HUN,2008,10016653.0,5.709,1.731
Europe,Hungary,HUN,2009,10001381.0,5.145,1.726
Europe,Hungary,HUN,2010,9979128.0,5.21,1.61
Europe,Hungary,HUN,2011,9946675.0,5.042,1.522
Europe,Hungary,HUN,2012,9916621.0,4.711,1.459
Europe,Hungary,HUN,2013,9889344.0,4.397,1.414
Europe,Hungary,HUN,2014,9862843.0,4.425,1.555
Europe,Hungary,HUN,2015,9839211.0,4.733,1.695
Europe,Hungary,HUN,2016,9810529.0,4.795,1.704
Europe,Hungary,HUN,2017,9785608.0,5.051,1.802
Europe,Hungary,HUN,2018,9774395.0,5.051,1.914
Europe,Hungary,HUN,2019,9770346.0,5.031,1.998
Europe,Hungary,HUN,2020,9749459.0,4.832,1.791
Europe,Hungary,HUN,2021,9707848.0,4.978,1.946
Europe,Hungary,HUN,2022,9684308.0,4.674,2.029
Europe,Hungary,HUN,2023,9686465.0,4.165,1.898
Europe,Iceland,ISL,1990,254842.0,8.719,7.137
Europe,Iceland,ISL,1991,257817.0,8.157,6.718
Europe,Iceland,ISL,1992,261087.0,8.615,7.224
Europe,Iceland,ISL,1993,263760.0,9.1,7.473
Europe,Iceland,ISL,1994,266063.0,8.83,7.304
Europe,Iceland,ISL,1995,267516.0,9.229,7.646
Europe,Iceland,ISL,1996,268967.0,9.38,7.851
Europe,Iceland,ISL,1997,271194.0,9.655,8.032
Europe,Iceland,ISL,1998,274121.0,9.625,8.06
Europe,Iceland,ISL,1999,277450.0,10.239,8.306
Europe,Iceland,ISL,2000,281293.0,10.426,7.973
Europe,Iceland,ISL,2001,285058.0,10.051,7.56
Europe,Iceland,ISL,2002,287609.0,10.403,7.953
Europe,Iceland,ISL,2003,289616.0,10.308,7.938
Europe,Iceland,ISL,2004,292172.0,10.635,8.206
Europe,Iceland,ISL,2005,296852.0,10.026,7.78
Europe,Iceland,ISL,2006,303883.0,10.38,8.03
Europe,Iceland,ISL,2007,311662.0,11.212,8.58
Europe,Iceland,ISL,2008,317519.0,12.004,9.169
Europe,Iceland,ISL,2009,318619.0,11.708,9.095
Europe,Iceland,ISL,2010,318163.0,11.399,8.771
Europe,Iceland,ISL,2011,319139.0,10.978,8.315
Europe,Iceland,ISL,2012,320851.0,10.906,8.281
Europe,Iceland,ISL,2013,323891.0,10.772,8.164
Europe,Iceland,ISL,2014,327517.0,10.519,8.016
Europe,Iceland,ISL,2015,330962.0,10.699,8.176
Europe,Iceland,ISL,2016,335571.0,10.411,7.965
Europe,Iceland,ISL,2017,343537.0,10.511,8.029
Europe,Iceland,ISL,2018,352860.0,10.388,7.888
Europe,Iceland,ISL,2019,360709.0,9.849,7.459
Europe,Iceland,ISL,2020,366626.0,9.107,6.767
Europe,Iceland,ISL,2021,372647.0,9.367,6.943
Europe,Iceland,ISL,2022,380368.0,9.458,6.942
Europe,Iceland,ISL,2023,387559.0,9.052,6.837
Asia,India,IND,1990,864972221.0,0.668,0.183
Asia,India,IND,1991,883927605.0,0.696,0.188
Asia,India,IND,1992,902957075.0,0.726,0.208
Asia,India,IND,1993,922118380.0,0.734,0.203
Asia,India,IND,1994,941163772.0,0.759,0.211
Asia,India,IND,1995,960301046.0,0.792,0.225
Asia,India,IND,1996,979678460.0,0.841,0.248
Asia,India,IND,1997,999133764.0,0.859,0.244
Asia,India,IND,1998,1018665080.0,0.86,0.258
Asia,India,IND,1999,1038225822.0,0.926,0.29
Asia,India,IND,2000,1057922731.0,0.933,0.296
Asia,India,IND,2001,1077898579.0,0.929,0.294
Asia,India,IND,2002,1097600380.0,0.941,0.297
Asia,India,IND,2003,1116803000.0,0.957,0.297
Asia,India,IND,2004,1135991509.0,0.999,0.307
Asia,India,IND,2005,1154676321.0,1.035,0.306
Asia,India,IND,2006,1172878888.0,1.103,0.316
Asia,India,IND,2007,1190676028.0,1.17,0.33
Asia,India,IND,2008,1207930960.0,1.234,0.343
Asia,India,IND,2009,1225524764.0,1.316,0.354
Asia,India,IND,2010,1243481565.0,1.35,0.354
Asia,India,IND,2011,1261224956.0,1.4,0.366
Asia,India,IND,2012,1278674501.0,1.507,0.384
Asia,India,IND,2013,1295829507.0,1.54,0.385
Asia,India,IND,2014,1312277184.0,1.637,0.392
Asia,India,IND,2015,1328024494.0,1.681,0.42
Asia,India,IND,2016,1343944296.0,1.75,0.458
Asia,India,IND,2017,1359657398.0,1.784,0.466
Asia,India,IND,2018,1374659067.0,1.888,0.479
Asia,India,IND,2019,1389030307.0,1.88,0.488
Asia,India,IND,2020,1402617694.0,1.727,0.433
Asia,India,IND,2021,1414203896.0,1.892,0.441
Asia,India,IND,2022,1425423209.0,1.986,0.48
Asia,India,IND,2023,1438069597.0,2.13,0.499
Asia,Indonesia,IDN,1990,183501097.0,0.845,0.476
Asia,Indonesia,IDN,1991,186778239.0,0.936,0.523
Asia,Indonesia,IDN,1992,190043742.0,1.049,0.594
Asia,Indonesia,IDN,1993,193305169.0,1.112,0.583
Asia,Indonesia,IDN,1994,196591829.0,1.115,0.554
Asia,Indonesia,IDN,1995,199888055.0,1.112,0.549
Asia,Indonesia,IDN,1996,203204353.0,1.244,0.597
Asia,Indonesia,IDN,1997,206536089.0,1.354,0.68
Asia,Indonesia,IDN,1998,209826791.0,1.164,0.672
Asia,Indonesia,IDN,1999,213004667.0,1.37,0.695
Asia,Indonesia,IDN,2000,216077789.0,1.301,0.726
Asia,Indonesia,IDN,2001,219097905.0,1.446,0.749
Asia,Indonesia,IDN,2002,222088499.0,1.388,0.706
Asia,Indonesia,IDN,2003,225048005.0,1.506,0.722
Asia,Indonesia,IDN,2004,227926649.0,1.504,0.763
Asia,Indonesia,IDN,2005,230871648.0,1.505,0.757
Asia,Indonesia,IDN,2006,233951650.0,1.481,0.652
Asia,Indonesia,IDN,2007,237062338.0,1.635,0.701
Asia,Indonesia,IDN,2008,240157902.0,1.521,0.659
Asia,Indonesia,IDN,2009,243220024.0,1.639,0.745
Asia,Indonesia,IDN,2010,246305327.0,1.808,0.794
Asia,Indonesia,IDN,2011,249470029.0,2.006,0.847
Asia,Indonesia,IDN,2012,252698525.0,2.041,0.866
Asia,Indonesia,IDN,2013,255852464.0,1.929,0.915
Asia,Indonesia,IDN,2014,258877395.0,1.924,0.891
Asia,Indonesia,IDN,2015,261799249.0,2.105,0.872
Asia,Indonesia,IDN,2016,264627429.0,2.071,0.82
Asia,Indonesia,IDN,2017,267346654.0,2.136,0.864
Asia,Indonesia,IDN,2018,269951847.0,2.25,0.835
Asia,Indonesia,IDN,2019,272489381.0,2.441,0.83
Asia,Indonesia,IDN,2020,274814861.0,2.268,0.758
Asia,Indonesia,IDN,2021,276758056.0,2.287,0.765
Asia,Indonesia,IDN,2022,278830527.0,2.719,0.851
Asia,Indonesia,IDN,2023,281190068.0,2.711,0.844
Asia,Iran,IRN,1990,58380098.0,3.616,2.386
Asia,Iran,IRN,1991,59986931.0,3.718,2.33
Asia,Iran,IRN,1992,61184982.0,3.73,2.336
Asia,Iran,IRN,1993,61403548.0,3.86,2.386
Asia,Iran,IRN,1994,61520598.0,4.305,2.556
Asia,Iran,IRN,1995,62205571.0,4.355,2.518
Asia,Iran,IRN,1996,62881298.0,4.399,2.557
Asia,Iran,IRN,1997,63639637.0,4.231,2.25
Asia,Iran,IRN,1998,64519866.0,4.737,2.71
Asia,Iran,IRN,1999,65445389.0,5.722,3.48
Asia,Iran,IRN,2000,66418661.0,5.529,3.164
Asia,Iran,IRN,2001,67452005.0,5.781,3.372
Asia,Iran,IRN,2002,68011318.0,5.838,3.204
Asia,Iran,IRN,2003,68769343.0,5.976,3.065
Asia,Iran,IRN,2004,70256316.0,6.293,3.157
Asia,Iran,IRN,2005,71828455.0,6.499,3.098
Asia,Iran,IRN,2006,73392747.0,6.826,3.18
Asia,Iran,IRN,2007,74602648.0,6.806,3.018
Asia,Iran,IRN,2008,75514201.0,6.999,3.098
Asia,Iran,IRN,2009,76457831.0,7.107,3.046
Asia,Iran,IRN,2010,77420851.0,7.253,2.939
Asia,Iran,IRN,2011,78383602.0,7.353,2.854
Asia,Iran,IRN,2012,79370583.0,7.55,3.114
Asia,Iran,IRN,2013,80414689.0,7.586,3.15
Asia,Iran,IRN,2014,81502045.0,7.904,3.04
Asia,Iran,IRN,2015,82619365.0,7.77,2.748
Asia,Iran,IRN,2016,83812230.0,7.692,2.388
Asia,Iran,IRN,2017,85026761.0,8.19,2.694
Asia,Iran,IRN,2018,86117999.0,7.716,2.398
Asia,Iran,IRN,2019,87051649.0,8.354,2.652
Asia,Iran,IRN,2020,87723448.0,8.499,2.394
Asia,Iran,IRN,2021,88455490.0,8.813,2.594
Asia,Iran,IRN,2022,89524247.0,8.57,2.324
Asia,Iran,IRN,2023,90608708.0,8.715,2.329
Asia,Iraq,IRQ,1990,17581208.0,2.826,1.889
Asia,Iraq,IRQ,1991,17767257.0,2.561,2.222
Asia,Iraq,IRQ,1992,18300849.0,3.225,2.929
Asia,Iraq,IRQ,1993,19201195.0,3.295,2.985
Asia,Iraq,IRQ,1994,20139818.0,3.802,3.183
Asia,Iraq,IRQ,1995,20825859.0,3.834,3.22
Asia,Iraq,IRQ,1996,21501321.0,3.48,2.899
Asia,Iraq,IRQ,1997,22176604.0,3.44,2.732
Asia,Iraq,IRQ,1998,22884402.0,3.539,2.808
Asia,Iraq,IRQ,1999,23636530.0,3.487,2.621
Asia,Iraq,IRQ,2000,24424060.0,3.428,2.525
Asia,Iraq,IRQ,2001,25197842.0,3.842,2.988
Asia,Iraq,IRQ,2002,26006558.0,3.733,2.986
Asia,Iraq,IRQ,2003,26802660.0,3.784,3.181
Asia,Iraq,IRQ,2004,27577876.0,4.098,3.462
Asia,Iraq,IRQ,2005,28407450.0,4.023,3.066
Asia,Iraq,IRQ,2006,28616518.0,3.454,2.502
Asia,Iraq,IRQ,2007,28391606.0,2.161,1.221
Asia,Iraq,IRQ,2008,28971042.0,3.256,2.167
Asia,Iraq,IRQ,2009,30058207.0,3.5,2.335
Asia,Iraq,IRQ,2010,31045367.0,3.672,2.528
Asia,Iraq,IRQ,2011,32161425.0,3.841,2.639
Asia,Iraq,IRQ,2012,33654843.0,3.983,2.761
Asia,Iraq,IRQ,2013,35281987.0,4.016,2.798
Asia,Iraq,IRQ,2014,36550058.0,3.762,2.592
Asia,Iraq,IRQ,2015,37560535.0,3.795,2.525
Asia,Iraq,IRQ,2016,38469628.0,3.981,2.529
Asia,Iraq,IRQ,2017,39337358.0,4.257,2.686
Asia,Iraq,IRQ,2018,40265629.0,4.623,2.838
Asia,Iraq,IRQ,2019,41192172.0,4.656,2.772
Asia,Iraq,IRQ,2020,42116602.0,4.086,2.209
Asia,Iraq,IRQ,2021,43071208.0,4.484,2.592
Asia,Iraq,IRQ,2022,44070556.0,4.939,3.06
Asia,Iraq,IRQ,2023,45074055.0,5.056,3.19
Europe,Ireland,IRL,1990,3514015.0,9.375,3.502
Europe,Ireland,IRL,1991,3534258.0,9.528,3.78
Europe,Ireland,IRL,1992,3558417.0,9.413,3.915
Europe,Ireland,IRL,1993,3576118.0,9.428,3.886
Europe,Ireland,IRL,1994,3590162.0,9.704,4.368
Europe,Ireland,IRL,1995,3610695.0,9.93,4.426
Europe,Ireland,IRL,1996,3638507.0,10.298,4.517
Europe,Ireland,IRL,1997,3672287.0,10.567,4.932
Europe,Ireland,IRL,1998,3711075.0,10.969,5.507
Europe,Ireland,IRL,1999,3752938.0,11.309,6.159
Europe,Ireland,IRL,2000,3802589.0,11.9,6.201
Europe,Ireland,IRL,2001,3862981.0,12.324,6.409
Europe,Ireland,IRL,2002,3928441.0,11.73,6.03
Europe,Ireland,IRL,2003,3992935.0,11.441,5.79
Europe,Ireland,IRL,2004,4066066.0,11.354,5.979
Europe,Ireland,IRL,2005,4155283.0,11.588,6.172
Europe,Ireland,IRL,2006,4268775.0,11.15,5.91
Europe,Ireland,IRL,2007,4393518.0,10.847,5.631
Europe,Ireland,IRL,2008,4485992.0,10.558,5.42
Europe,Ireland,IRL,2009,4533750.0,9.303,4.704
Europe,Ireland,IRL,2010,4559084.0,9.167,4.433
Europe,Ireland,IRL,2011,4579603.0,8.31,4.001
Europe,Ireland,IRL,2012,4600135.0,8.309,3.785
Europe,Ireland,IRL,2013,4624686.0,8.061,3.808
Europe,Ireland,IRL,2014,4658236.0,7.911,3.719
Europe,Ireland,IRL,2015,4702497.0,8.233,3.871
Europe,Ireland,IRL,2016,4753506.0,8.492,3.96
Europe,Ireland,IRL,2017,4810258.0,8.116,3.87
Europe,Ireland,IRL,2018,4872559.0,7.988,3.979
Europe,Ireland,IRL,2019,4933493.0,7.54,3.929
Europe,Ireland,IRL,2020,4982602.0,7.035,3.613
Europe,Ireland,IRL,2021,5028428.0,7.452,3.821
Europe,Ireland,IRL,2022,5110015.0,7.177,3.748
Europe,Ireland,IRL,2023,5196629.0,6.46,3.552
Asia,Israel,ISR,1990,4544995.0,7.882,5.461
Asia,Israel,ISR,1991,4779892.0,7.563,5.031
Asia,Israel,ISR,1992,4957240.0,8.489,5.52
Asia,Israel,ISR,1993,5086041.0,8.697,5.43
Asia,Israel,ISR,1994,5216697.0,9.101,5.733
Asia,Israel,ISR,1995,5354734.0,9.312,5.672
Asia,Israel,ISR,1996,5499555.0,9.444,5.333
Asia,Israel,ISR,1997,5646476.0,9.717,5.326
Asia,Israel,ISR,1998,5790143.0,9.673,5.01
Asia,Israel,ISR,1999,5946079.0,9.209,4.752
Asia,Israel,ISR,2000,6111194.0,9.739,4.769
Asia,Israel,ISR,2001,6259977.0,10.068,4.888
Asia,Israel,ISR,2002,6387714.0,9.284,4.416
Asia,Israel,ISR,2003,6502821.0,9.598,4.735
Asia,Israel,ISR,2004,6615084.0,8.871,3.705
Asia,Israel,ISR,2005,6728212.0,8.402,3.499
Asia,Israel,ISR,2006,6844029.0,9.081,3.756
Asia,Israel,ISR,2007,6962456.0,9.02,3.61
Asia,Israel,ISR,2008,7082621.0,9.598,4.124
Asia,Israel,ISR,2009,7206096.0,8.862,3.766
Asia,Israel,ISR,2010,7336735.0,9.308,3.832
Asia,Israel,ISR,2011,7471023.0,9.181,3.748
Asia,Israel,ISR,2012,7607781.0,9.83,4.619
Asia,Israel,ISR,2013,7749369.0,8.142,2.957
Asia,Israel,ISR,2014,7897173.0,7.633,2.559
Asia,Israel,ISR,2015,8052916.0,7.815,2.711
Asia,Israel,ISR,2016,8210006.0,7.45,2.76
Asia,Israel,ISR,2017,8361796.0,7.038,2.552
Asia,Israel,ISR,2018,8510067.0,7.049,2.633
Asia,Israel,ISR,2019,8657466.0,6.809,2.485
Asia,Israel,ISR,2020,8800380.0,6.737,2.079
Asia,Israel,ISR,2021,8942925.0,6.592,2.22
Asia,Israel,ISR,2022,9103143.0,6.84,2.417
Asia,Israel,ISR,2023,9256311.0,5.983,2.304
Europe,Italy,ITA,1990,57031457.0,7.684,4.459
Europe,Italy,ITA,1991,57075394.0,7.67,4.411
Europe,Italy,ITA,1992,57124993.0,7.666,4.541
Europe,Italy,ITA,1993,57170762.0,7.526,4.504
Europe,Italy,ITA,1994,57420136.0,7.393,4.419
Europe,Italy,ITA,1995,57403342.0,7.815,4.573
Europe,Italy,ITA,1996,57162098.0,7.747,4.552
Europe,Italy,ITA,1997,57189272.0,7.844,4.566
Europe,Italy,ITA,1998,57215190.0,8.054,4.612
Europe,Italy,ITA,1999,57240796.0,8.132,4.526
Europe,Italy,ITA,2000,57272200.0,8.199,4.443
Europe,Italy,ITA,2001,57305760.0,8.196,4.374
Europe,Italy,ITA,2002,57420636.0,8.309,4.469
Europe,Italy,ITA,2003,57739697.0,8.575,4.414
Europe,Italy,ITA,2004,58176736.0,8.606,4.258
Europe,Italy,ITA,2005,58519696.0,8.567,4.072
Europe,Italy,ITA,2006,58754434.0,8.443,4.024
Europe,Italy,ITA,2007,59108723.0,8.286,3.875
Europe,Italy,ITA,2008,59561687.0,8.028,3.668
Europe,Italy,ITA,2009,59904016.0,7.079,3.302
Europe,Italy,ITA,2010,60164212.0,7.241,3.211
Europe,Italy,ITA,2011,60367882.0,7.022,3.079
Europe,Italy,ITA,2012,60531522.0,6.665,2.845
Europe,Italy,ITA,2013,60653864.0,6.091,2.617
Europe,Italy,ITA,2014,60664169.0,5.759,2.598
Europe,Italy,ITA,2015,60575314.0,5.964,2.665
Europe,Italy,ITA,2016,60478103.0,5.922,2.58
Europe,Italy,ITA,2017,60390317.0,5.84,2.463
Europe,Italy,ITA,2018,60277496.0,5.791,2.534
Europe,Italy,ITA,2019,60130136.0,5.648,2.47
Europe,Italy,ITA,2020,59912763.0,5.051,2.129
Europe,Italy,ITA,2021,59729353.0,5.624,2.443
Europe,Italy,ITA,2022,59619106.0,5.705,2.669
Europe,Italy,ITA,2023,59499452.0,5.249,2.599
North America,Jamaica,JAM,1990,2379880.0,3.163,3.011
North America,Jamaica,JAM,1991,2400873.0,3.228,3.092
North America,Jamaica,JAM,1992,2424698.0,3.179,3.009
North America,Jamaica,JAM,1993,2449913.0,3.266,3.114
North America,Jamaica,JAM,1994,2475225.0,3.308,3.162
North America,Jamaica,JAM,1995,2500152.0,3.669,3.506
North America,Jamaica,JAM,1996,2524470.0,3.837,3.663
North America,Jamaica,JAM,1997,2547853.0,3.952,3.788
North America,Jamaica,JAM,1998,2569740.0,3.772,3.597
North America,Jamaica,JAM,1999,2589796.0,3.845,3.678
North America,Jamaica,JAM,2000,2607827.0,3.955,3.777
North America,Jamaica,JAM,2001,2624410.0,4.03,3.876
North America,Jamaica,JAM,2002,2640582.0,3.864,3.67
North America,Jamaica,JAM,2003,2656629.0,4.015,3.812
North America,Jamaica,JAM,2004,2672227.0,3.957,3.773
North America,Jamaica,JAM,2005,2687070.0,3.875,3.713
North America,Jamaica,JAM,2006,2700973.0,4.285,4.142
North America,Jamaica,JAM,2007,2713808.0,3.961,3.826
North America,Jamaica,JAM,2008,2725633.0,3.954,3.796
North America,Jamaica,JAM,2009,2737001.0,2.9,2.71
North America,Jamaica,JAM,2010,2748573.0,2.793,2.633
North America,Jamaica,JAM,2011,2760493.0,2.98,2.794
North America,Jamaica,JAM,2012,2772432.0,2.845,2.66
North America,Jamaica,JAM,2013,2783689.0,3.042,2.836
North America,Jamaica,JAM,2014,2793756.0,2.747,2.512
North America,Jamaica,JAM,2015,2802536.0,2.843,2.608
North America,Jamaica,JAM,2016,2809919.0,2.895,2.667
North America,Jamaica,JAM,2017,2815765.0,2.759,2.492
North America,Jamaica,JAM,2018,2820103.0,2.858,2.607
North America,Jamaica,JAM,2019,2823275.0,3.343,2.928
North America,Jamaica,JAM,2020,2830745.0,2.425,1.705
North America,Jamaica,JAM,2021,2837680.0,2.577,1.835
North America,Jamaica,JAM,2022,2839150.0,2.785,2.158
North America,Jamaica,JAM,2023,2839785.0,2.841,2.154
Asia,Japan,JPN,1990,123399767.0,9.359,5.415
Asia,Japan,JPN,1991,123889870.0,9.416,5.413
Asia,Japan,JPN,1992,124383707.0,9.45,5.493
Asia,Japan,JPN,1993,124839955.0,9.367,5.364
Asia,Japan,JPN,1994,125286861.0,9.763,5.654
Asia,Japan,JPN,1995,125672659.0,9.834,5.619
Asia,Japan,JPN,1996,125975304.0,9.912,5.588
Asia,Japan,JPN,1997,126265926.0,9.828,5.454
Asia,Japan,JPN,1998,126549182.0,9.493,5.319
Asia,Japan,JPN,1999,126801566.0,9.764,5.384
Asia,Japan,JPN,2000,127027794.0,9.921,5.296
Asia,Japan,JPN,2001,127260144.0,9.79,5.118
Asia,Japan,JPN,2002,127484599.0,10.005,5.194
Asia,Japan,JPN,2003,127671254.0,10.056,5.108
Asia,Japan,JPN,2004,127815769.0,10.008,5.014
Asia,Japan,JPN,2005,127913331.0,10.057,4.986
Asia,Japan,JPN,2006,127997247.0,9.871,4.696
Asia,Japan,JPN,2007,128087683.0,10.141,4.711
Asia,Japan,JPN,2008,128155992.0,9.587,4.364
Asia,Japan,JPN,2009,128192471.0,9.051,4.0
Asia,Japan,JPN,2010,128185273.0,9.448,4.04
Asia,Japan,JPN,2011,128096430.0,9.846,4.283
Asia,Japan,JPN,2012,127928283.0,10.178,4.378
Asia,Japan,JPN,2013,127723642.0,10.271,4.211
Asia,Japan,JPN,2014,127486601.0,9.886,3.869
Asia,Japan,JPN,2015,127275868.0,9.585,3.716
Asia,Japan,JPN,2016,127159950.0,9.436,3.59
Asia,Japan,JPN,2017,127064686.0,9.321,3.497
Asia,Japan,JPN,2018,126913432.0,8.971,3.371
Asia,Japan,JPN,2019,126699421.0,8.698,3.251
Asia,Japan,JPN,2020,126304533.0,8.213,3.034
Asia,Japan,JPN,2021,125679342.0,8.422,3.085
Asia,Japan,JPN,2022,124997585.0,8.237,3.111
Asia,Japan,JPN,2023,124370947.0,7.935,2.982
Asia,Jordan,JOR,1990,3621915.0,2.924,2.619
Asia,Jordan,JOR,1991,3915152.0,2.552,2.328
Asia,Jordan,JOR,1992,4127699.0,2.953,2.532
Asia,Jordan,JOR,1993,4348018.0,2.762,2.312
Asia,Jordan,JOR,1994,4561409.0,2.964,2.444
Asia,Jordan,JOR,1995,4752097.0,2.831,2.392
Asia,Jordan,JOR,1996,4912518.0,2.865,2.444
Asia,Jordan,JOR,1997,5046287.0,2.835,2.443
Asia,Jordan,JOR,1998,5164290.0,2.798,2.468
Asia,Jordan,JOR,1999,5276450.0,2.742,2.417
Asia,Jordan,JOR,2000,5386945.0,2.859,2.55
Asia,Jordan,JOR,2001,5498900.0,2.884,2.534
Asia,Jordan,JOR,2002,5616077.0,2.975,2.612
Asia,Jordan,JOR,2003,5741837.0,3.008,2.65
Asia,Jordan,JOR,2004,5882066.0,3.231,2.472
Asia,Jordan,JOR,2005,6029597.0,3.448,2.631
Asia,Jordan,JOR,2006,6427377.0,3.241,2.261
Asia,Jordan,JOR,2007,6827235.0,3.178,2.108
Asia,Jordan,JOR,2008,6989874.0,3.003,1.848
Asia,Jordan,JOR,2009,7141763.0,3.017,1.802
Asia,Jordan,JOR,2010,7297046.0,2.856,1.915
Asia,Jordan,JOR,2011,7480431.0,2.862,2.44
Asia,Jordan,JOR,2012,7587133.0,3.172,2.754
Asia,Jordan,JOR,2013,7991812.0,3.011,2.46
Asia,Jordan,JOR,2014,8791715.0,2.976,2.551
Asia,Jordan,JOR,2015,9544730.0,2.703,2.024
Asia,Jordan,JOR,2016,10006369.0,2.493,1.523
Asia,Jordan,JOR,2017,10234227.0,2.548,1.507
Asia,Jordan,JOR,2018,10462310.0,2.43,1.413
Asia,Jordan,JOR,2019,10671893.0,2.302,1.36
Asia,Jordan,JOR,2020,10865232.0,1.898,1.04
Asia,Jordan,JOR,2021,11066356.0,1.915,1.076
Asia,Jordan,JOR,2022,11256269.0,1.992,1.1
Asia,Jordan,JOR,2023,11439220.0,2.021,1.094
Asia,Kazakhstan,KAZ,1990,17154060.0,15.588,3.309
Asia,Kazakhstan,KAZ,1991,17278604.0,15.072,3.1
Asia,Kazakhstan,KAZ,1992,17332624.0,13.473,2.272
Asia,Kazakhstan,KAZ,1993,17274487.0,12.015,1.919
Asia,Kazakhstan,KAZ,1994,17043775.0,10.248,1.623
Asia,Kazakhstan,KAZ,1995,16730541.0,10.069,1.711
Asia,Kazakhstan,KAZ,1996,16416036.0,9.425,1.702
Asia,Kazakhstan,KAZ,1997,16043250.0,9.181,1.851
Asia,Kazakhstan,KAZ,1998,15647789.0,9.306,1.901
Asia,Kazakhstan,KAZ,1999,15455877.0,7.684,1.241
Asia,Kazakhstan,KAZ,2000,15501108.0,9.173,1.573
Asia,Kazakhstan,KAZ,2001,15575550.0,8.862,1.503
Asia,Kazakhstan,KAZ,2002,15656680.0,10.013,2.262
Asia,Kazakhstan,KAZ,2003,15747377.0,11.114,2.494
Asia,Kazakhstan,KAZ,2004,15850164.0,11.702,2.611
Asia,Kazakhstan,KAZ,2005,15968118.0,12.428,3.229
Asia,Kazakhstan,KAZ,2006,16103718.0,13.639,3.441
Asia,Kazakhstan,KAZ,2007,16257212.0,13.884,3.408
Asia,Kazakhstan,KAZ,2008,16426527.0,13.764,3.202
Asia,Kazakhstan,KAZ,2009,16619851.0,13.429,2.374
Asia,Kazakhstan,KAZ,2010,16836808.0,14.735,3.07
Asia,Kazakhstan,KAZ,2011,17065996.0,13.955,2.31
Asia,Kazakhstan,KAZ,2012,17306115.0,14.172,2.27
Asia,Kazakhstan,KAZ,2013,17556502.0,14.441,2.817
Asia,Kazakhstan,KAZ,2014,17816285.0,16.79,2.23
Asia,Kazakhstan,KAZ,2015,18084175.0,16.758,2.256
Asia,Kazakhstan,KAZ,2016,18363600.0,16.431,2.294
Asia,Kazakhstan,KAZ,2017,18651931.0,17.034,2.365
Asia,Kazakhstan,KAZ,2018,18932725.0,17.408,2.534
Asia,Kazakhstan,KAZ,2019,19209556.0,15.411,2.495
Asia,Kazakhstan,KAZ,2020,19482116.0,14.464,2.424
Asia,Kazakhstan,KAZ,2021,19743607.0,12.404,3.163
Asia,Kazakhstan,KAZ,2022,20034612.0,13.694,3.243
Asia,Kazakhstan,KAZ,2023,20330109.0,14.076,3.295
Africa,Kenya,KEN,1990,22892655.0,0.253,0.204
Africa,Kenya,KEN,1991,23646514.0,0.203,0.16
Africa,Kenya,KEN,1992,24382466.0,0.226,0.179
Africa,Kenya,KEN,1993,25117192.0,0.251,0.21
Africa,Kenya,KEN,1994,25857136.0,0.252,0.214
Africa,Kenya,KEN,1995,26601753.0,0.283,0.241
Africa,Kenya,KEN,1996,27344211.0,0.339,0.295
Africa,Kenya,KEN,1997,28101762.0,0.293,0.258
Africa,Kenya,KEN,1998,28888063.0,0.346,0.316
Africa,Kenya,KEN,1999,29733413.0,0.337,0.311
Africa,Kenya,KEN,2000,30642893.0,0.339,0.315
Africa,Kenya,KEN,2001,31619170.0,0.292,0.27
Africa,Kenya,KEN,2002,32629809.0,0.24,0.214
Africa,Kenya,KEN,2003,33652233.0,0.2,0.169
Africa,Kenya,KEN,2004,34713453.0,0.22,0.186
Africa,Kenya,KEN,2005,35796485.0,0.236,0.2
Africa,Kenya,KEN,2006,36904010.0,0.259,0.218
Africa,Kenya,KEN,2007,38036354.0,0.256,0.214
Africa,Kenya,KEN,2008,39206349.0,0.258,0.215
Africa,Kenya,KEN,2009,40408887.0,0.302,0.255
Africa,Kenya,KEN,2010,41598570.0,0.285,0.233
Africa,Kenya,KEN,2011,42758467.0,0.286,0.239
Africa,Kenya,KEN,2012,43888306.0,0.256,0.211
Africa,Kenya,KEN,2013,44986794.0,0.27,0.221
Africa,Kenya,KEN,2014,46051441.0,0.287,0.225
Africa,Kenya,KEN,2015,47088528.0,0.323,0.266
Africa,Kenya,KEN,2016,48139683.0,0.338,0.28
Africa,Kenya,KEN,2017,49197757.0,0.329,0.272
Africa,Kenya,KEN,2018,50207109.0,0.339,0.279
Africa,Kenya,KEN,2019,51202829.0,0.355,0.297
Africa,Kenya,KEN,2020,52217327.0,0.383,0.308
Africa,Kenya,KEN,2021,53219167.0,0.387,0.285
Africa,Kenya,KEN,2022,54252458.0,0.379,0.262
Africa,Kenya,KEN,2023,55339007.0,0.383,0.262
Oceania,Kiribati,KIR,1990,74872.0,0.294,0.294
Oceania,Kiribati,KIR,1991,76385.0,0.288,0.288
Oceania,Kiribati,KIR,1992,77655.0,0.33,0.33
Oceania,Kiribati,KIR,1993,78853.0,0.372,0.372
Oceania,Kiribati,KIR,1994,80033.0,0.366,0.366
Oceania,Kiribati,KIR,1995,81251.0,0.361,0.361
Oceania,Kiribati,KIR,1996,82637.0,0.399,0.399
Oceania,Kiribati,KIR,1997,84161.0,0.348,0.348
Oceania,Kiribati,KIR,1998,85672.0,0.342,0.342
Oceania,Kiribati,KIR,1999,87139.0,0.336,0.336
Oceania,Kiribati,KIR,2000,88632.0,0.413,0.413
Oceania,Kiribati,KIR,2001,90350.0,0.365,0.365
Oceania,Kiribati,KIR,2002,92281.0,0.437,0.437
Oceania,Kiribati,KIR,2003,94189.0,0.428,0.428
Oceania,Kiribati,KIR,2004,96096.0,0.458,0.458
Oceania,Kiribati,KIR,2005,98045.0,0.486,0.486
Oceania,Kiribati,KIR,2006,100028.0,0.513,0.513
Oceania,Kiribati,KIR,2007,102081.0,0.503,0.503
Oceania,Kiribati,KIR,2008,104235.0,0.457,0.457
Oceania,Kiribati,KIR,2009,106479.0,0.447,0.447
Oceania,Kiribati,KIR,2010,108717.0,0.539,0.539
Oceania,Kiribati,KIR,2011,110660.0,0.497,0.497
Oceania,Kiribati,KIR,2012,112293.0,0.489,0.489
Oceania,Kiribati,KIR,2013,113847.0,0.483,0.483
Oceania,Kiribati,KIR,2014,115339.0,0.477,0.477
Oceania,Kiribati,KIR,2015,116826.0,0.502,0.502
Oceania,Kiribati,KIR,2016,118488.0,0.464,0.464
Oceania,Kiribati,KIR,2017,120288.0,0.579,0.579
Oceania,Kiribati,KIR,2018,122097.0,0.57,0.57
Oceania,Kiribati,KIR,2019,123928.0,0.562,0.562
Oceania,Kiribati,KIR,2020,126110.0,0.552,0.552
Oceania,Kiribati,KIR,2021,128387.0,0.542,0.542
Oceania,Kiribati,KIR,2022,130483.0,0.534,0.534
Oceania,Kiribati,KIR,2023,132540.0,0.523,0.523
Asia,Kuwait,KWT,1990,1684833.0,22.473,13.127
Asia,Kuwait,KWT,1991,1351403.0,364.791,343.738
Asia,Kuwait,KWT,1992,1634968.0,18.155,12.857
Asia,Kuwait,KWT,1993,1672158.0,29.401,19.949
Asia,Kuwait,KWT,1994,1664371.0,34.406,23.599
Asia,Kuwait,KWT,1995,1681518.0,33.46,20.835
Asia,Kuwait,KWT,1996,1730255.0,29.919,17.513
Asia,Kuwait,KWT,1997,1787692.0,31.753,19.637
Asia,Kuwait,KWT,1998,1844308.0,28.688,17.4
Asia,Kuwait,KWT,1999,1900035.0,28.992,18.909
Asia,Kuwait,KWT,2000,1954713.0,28.127,16.001
Asia,Kuwait,KWT,2001,2008127.0,29.44,18.065
Asia,Kuwait,KWT,2002,2059983.0,29.182,18.834
Asia,Kuwait,KWT,2003,2109886.0,29.618,17.677
Asia,Kuwait,KWT,2004,2157329.0,30.526,18.043
Asia,Kuwait,KWT,2005,2236797.0,33.358,20.068
Asia,Kuwait,KWT,2006,2364741.0,32.233,19.402
Asia,Kuwait,KWT,2007,2507890.0,30.821,19.163
Asia,Kuwait,KWT,2008,2651433.0,31.848,20.503
Asia,Kuwait,KWT,2009,2795489.0,31.777,22.089
Asia,Kuwait,KWT,2010,2943374.0,30.482,19.957
Asia,Kuwait,KWT,2011,3132815.0,27.819,16.356
Asia,Kuwait,KWT,2012,3337025.0,30.327,18.827
Asia,Kuwait,KWT,2013,3507755.0,23.675,12.614
Asia,Kuwait,KWT,2014,3665769.0,20.458,9.855
Asia,Kuwait,KWT,2015,3834465.0,24.337,13.164
Asia,Kuwait,KWT,2016,4003976.0,25.979,14.557
Asia,Kuwait,KWT,2017,4154686.0,24.072,13.163
Asia,Kuwait,KWT,2018,4323389.0,23.697,12.936
Asia,Kuwait,KWT,2019,4442201.0,23.559,12.35
Asia,Kuwait,KWT,2020,4400146.0,20.477,8.066
Asia,Kuwait,KWT,2021,4360748.0,20.15,7.065
Asia,Kuwait,KWT,2022,4589514.0,25.242,14.302
Asia,Kuwait,KWT,2023,4838781.0,25.454,14.071
Asia,Kyrgyzstan,KGZ,1990,4459545.0,4.306,1.694
Asia,Kyrgyzstan,KGZ,1991,4532124.0,3.508,1.291
Asia,Kyrgyzstan,KGZ,1992,4600308.0,2.4,0.801
Asia,Kyrgyzstan,KGZ,1993,4626809.0,1.83,0.525
Asia,Kyrgyzstan,KGZ,1994,4649190.0,1.322,0.177
Asia,Kyrgyzstan,KGZ,1995,4713641.0,0.956,0.296
Asia,Kyrgyzstan,KGZ,1996,4782885.0,1.182,0.323
Asia,Kyrgyzstan,KGZ,1997,4847998.0,1.147,0.345
Asia,Kyrgyzstan,KGZ,1998,4907792.0,1.202,0.348
Asia,Kyrgyzstan,KGZ,1999,4968593.0,0.934,0.284
Asia,Kyrgyzstan,KGZ,2000,5025150.0,0.91,0.24
Asia,Kyrgyzstan,KGZ,2001,5071960.0,0.76,0.214
Asia,Kyrgyzstan,KGZ,2002,5116252.0,0.961,0.196
Asia,Kyrgyzstan,KGZ,2003,5159422.0,1.042,0.241
Asia,Kyrgyzstan,KGZ,2004,5203048.0,1.116,0.296
Asia,Kyrgyzstan,KGZ,2005,5246337.0,1.052,0.261
Asia,Kyrgyzstan,KGZ,2006,5282451.0,1.033,0.241
Asia,Kyrgyzstan,KGZ,2007,5313376.0,1.228,0.421
Asia,Kyrgyzstan,KGZ,2008,5342530.0,1.4,0.454
Asia,Kyrgyzstan,KGZ,2009,5398013.0,1.243,0.578
Asia,Kyrgyzstan,KGZ,2010,5491763.0,1.157,0.502
Asia,Kyrgyzstan,KGZ,2011,5594537.0,1.362,0.65
Asia,Kyrgyzstan,KGZ,2012,5696521.0,1.771,0.82
Asia,Kyrgyzstan,KGZ,2013,5797294.0,1.679,0.827
Asia,Kyrgyzstan,KGZ,2014,5898322.0,1.735,0.746
Asia,Kyrgyzstan,KGZ,2015,6001876.0,1.71,0.786
Asia,Kyrgyzstan,KGZ,2016,6108460.0,1.575,0.817
Asia,Kyrgyzstan,KGZ,2017,6220148.0,1.505,0.757
Asia,Kyrgyzstan,KGZ,2018,6341733.0,1.762,0.879
Asia,Kyrgyzstan,KGZ,2019,6494036.0,1.393,0.667
Asia,Kyrgyzstan,KGZ,2020,6664143.0,1.253,0.546
Asia,Kyrgyzstan,KGZ,2021,6820483.0,1.516,0.621
Asia,Kyrgyzstan,KGZ,2022,6955792.0,1.655,0.57
Asia,Kyrgyzstan,KGZ,2023,7073523.0,1.576,0.576
Asia,Laos,LAO,1990,4311960.0,0.119,0.118
Asia,Laos,LAO,1991,4435121.0,0.123,0.122
Asia,Laos,LAO,1992,4559650.0,0.13,0.128
Asia,Laos,LAO,1993,4685064.0,0.13,0.126
Asia,Laos,LAO,1994,4809223.0,0.131,0.126
Asia,Laos,LAO,1995,4929410.0,0.136,0.131
Asia,Laos,LAO,1996,5045686.0,0.149,0.133
Asia,Laos,LAO,1997,5152015.0,0.154,0.129
Asia,Laos,LAO,1998,5248273.0,0.156,0.137
Asia,Laos,LAO,1999,5340784.0,0.158,0.15
Asia,Laos,LAO,2000,5431213.0,0.177,0.163
Asia,Laos,LAO,2001,5521481.0,0.192,0.176
Asia,Laos,LAO,2002,5610888.0,0.208,0.176
Asia,Laos,LAO,2003,5697944.0,0.214,0.179
Asia,Laos,LAO,2004,5781627.0,0.222,0.183
Asia,Laos,LAO,2005,5869531.0,0.228,0.188
Asia,Laos,LAO,2006,5963199.0,0.295,0.237
Asia,Laos,LAO,2007,6056237.0,0.303,0.243
Asia,Laos,LAO,2008,6148974.0,0.347,0.274
Asia,Laos,LAO,2009,6241649.0,0.427,0.31
Asia,Laos,LAO,2010,6334198.0,0.474,0.301
Asia,Laos,LAO,2011,6426592.0,0.482,0.3
Asia,Laos,LAO,2012,6518981.0,0.511,0.314
Asia,Laos,LAO,2013,6611385.0,0.635,0.348
Asia,Laos,LAO,2014,6703170.0,0.654,0.361
Asia,Laos,LAO,2015,6801647.0,1.35,0.426
Asia,Laos,LAO,2016,6908800.0,2.375,0.455
Asia,Laos,LAO,2017,7018150.0,2.796,0.457
Asia,Laos,LAO,2018,7128043.0,2.873,0.465
Asia,Laos,LAO,2019,7237635.0,2.534,0.372
Asia,Laos,LAO,2020,7346534.0,2.49,0.361
Asia,Laos,LAO,2021,7453192.0,2.93,0.358
Asia,Laos,LAO,2022,7559008.0,2.983,0.361
Asia,Laos,LAO,2023,7665001.0,3.152,0.354
Europe,Latvia,LVA,1990,2660131.0,7.391,3.933
Europe,Latvia,LVA,1991,2648933.0,6.765,3.508
Europe,Latvia,LVA,1992,2614833.0,5.428,2.981
Europe,Latvia,LVA,1993,2563820.0,4.65,2.835
Europe,Latvia,LVA,1994,2521238.0,4.113,2.723
Europe,Latvia,LVA,1995,2485948.0,3.674,2.251
Europe,Latvia,LVA,1996,2457907.0,3.748,2.464
Europe,Latvia,LVA,1997,2433229.0,3.567,2.129
Europe,Latvia,LVA,1998,2410217.0,3.446,2.112
Europe,Latvia,LVA,1999,2390822.0,3.228,1.982
Europe,Latvia,LVA,2000,2368320.0,2.99,1.638
Europe,Latvia,LVA,2001,2338299.0,3.206,1.675
Europe,Latvia,LVA,2002,2311358.0,3.254,1.703
Europe,Latvia,LVA,2003,2288983.0,3.375,1.773
Europe,Latvia,LVA,2004,2264179.0,3.415,1.838
Europe,Latvia,LVA,2005,2239787.0,3.487,1.844
Europe,Latvia,LVA,2006,2219039.0,3.745,2.015
Europe,Latvia,LVA,2007,2200774.0,3.925,2.195
Europe,Latvia,LVA,2008,2177710.0,3.765,2.053
Europe,Latvia,LVA,2009,2142044.0,3.481,1.901
Europe,Latvia,LVA,2010,2097834.0,4.078,2.026
Europe,Latvia,LVA,2011,2059940.0,3.791,1.851
Europe,Latvia,LVA,2012,2034639.0,3.696,1.833
Europe,Latvia,LVA,2013,2013004.0,3.661,1.874
Europe,Latvia,LVA,2014,1994153.0,3.597,1.951
Europe,Latvia,LVA,2015,1977874.0,3.672,2.056
Europe,Latvia,LVA,2016,1959863.0,3.679,2.071
Europe,Latvia,LVA,2017,1942599.0,3.714,2.202
Europe,Latvia,LVA,2018,1927586.0,4.069,2.255
Europe,Latvia,LVA,2019,1914267.0,3.988,2.248
Europe,Latvia,LVA,2020,1901119.0,3.682,2.195
Europe,Latvia,LVA,2021,1885593.0,3.828,2.273
Europe,Latvia,LVA,2022,1881059.0,3.513,2.303
Europe,Latvia,LVA,2023,1882399.0,3.501,2.33
Asia,Lebanon,LBN,1990,3595175.0,2.189,2.159
Asia,Lebanon,LBN,1991,3668916.0,2.212,2.187
Asia,Lebanon,LBN,1992,3747375.0,2.596,2.563
Asia,Lebanon,LBN,1993,3820652.0,2.71,2.587
Asia,Lebanon,LBN,1994,3889802.0,2.856,2.744
Asia,Lebanon,LBN,1995,3960741.0,3.094,2.854
Asia,Lebanon,LBN,1996,4034782.0,3.161,2.827
Asia,Lebanon,LBN,1997,4108409.0,3.675,3.329
Asia,Lebanon,LBN,1998,4181287.0,3.895,3.456
Asia,Lebanon,LBN,1999,4255278.0,3.861,3.429
Asia,Lebanon,LBN,2000,4329345.0,3.572,3.08
Asia,Lebanon,LBN,2001,4401923.0,3.727,3.23
Asia,Lebanon,LBN,2002,4463505.0,3.639,3.151
Asia,Lebanon,LBN,2003,4525513.0,4.094,3.474
Asia,Lebanon,LBN,2004,4599285.0,3.742,3.064
Asia,Lebanon,LBN,2005,4671105.0,3.565,2.869
Asia,Lebanon,LBN,2006,4751146.0,3.113,2.584
Asia,Lebanon,LBN,2007,4844119.0,2.838,2.267
Asia,Lebanon,LBN,2008,4925359.0,3.536,2.963
Asia,Lebanon,LBN,2009,4992295.0,4.198,3.569
Asia,Lebanon,LBN,2010,5041290.0,3.967,3.249
Asia,Lebanon,LBN,2011,5096018.0,3.976,3.348
Asia,Lebanon,LBN,2012,5235742.0,4.265,3.689
Asia,Lebanon,LBN,2013,5743441.0,3.859,3.33
Asia,Lebanon,LBN,2014,6346993.0,3.78,3.27
Asia,Lebanon,LBN,2015,6472470.0,3.975,3.509
Asia,Lebanon,LBN,2016,6323061.0,4.181,3.72
Asia,Lebanon,LBN,2017,6160129.0,4.516,4.051
Asia,Lebanon,LBN,2018,5984120.0,4.313,3.927
Asia,Lebanon,LBN,2019,5794601.0,4.339,4.079
Asia,Lebanon,LBN,2020,5702400.0,4.155,3.998
Asia,Lebanon,LBN,2021,5718129.0,3.406,3.24
Asia,Lebanon,LBN,2022,5744492.0,2.674,2.504
Asia,Lebanon,LBN,2023,5773494.0,2.695,2.52
Africa,Lesotho,LSO,1990,1809698.0,0.814,0.183
Africa,Lesotho,LSO,1991,1842383.0,0.829,0.181
Africa,Lesotho,LSO,1992,1873281.0,0.847,0.182
Africa,Lesotho,LSO,1993,1901799.0,0.857,0.181
Africa,Lesotho,LSO,1994,1927708.0,0.869,0.181
Africa,Lesotho,LSO,1995,1951441.0,0.875,0.182
Africa,Lesotho,LSO,1996,1972424.0,0.881,0.182
Africa,Lesotho,LSO,1997,1988140.0,0.89,0.184
Africa,Lesotho,LSO,1998,1998048.0,0.902,0.185
Africa,Lesotho,LSO,1999,2003238.0,0.911,0.187
Africa,Lesotho,LSO,2000,2003919.0,0.923,0.189
Africa,Lesotho,LSO,2001,2000859.0,0.936,0.19
Africa,Lesotho,LSO,2002,1994686.0,0.955,0.195
Africa,Lesotho,LSO,2003,1985060.0,0.973,0.196
Africa,Lesotho,LSO,2004,1971130.0,1.004,0.206
Africa,Lesotho,LSO,2005,1953080.0,1.03,0.212
Africa,Lesotho,LSO,2006,1945066.0,1.045,0.211
Africa,Lesotho,LSO,2007,1953273.0,1.062,0.216
Africa,Lesotho,LSO,2008,1966547.0,1.079,0.224
Africa,Lesotho,LSO,2009,1980884.0,1.119,0.255
Africa,Lesotho,LSO,2010,1996256.0,1.14,0.262
Africa,Lesotho,LSO,2011,2014015.0,1.37,0.273
Africa,Lesotho,LSO,2012,2034363.0,1.372,0.292
Africa,Lesotho,LSO,2013,2056509.0,1.033,0.289
Africa,Lesotho,LSO,2014,2080091.0,1.078,0.275
Africa,Lesotho,LSO,2015,2104614.0,0.971,0.291
Africa,Lesotho,LSO,2016,2130424.0,0.951,0.304
Africa,Lesotho,LSO,2017,2157117.0,1.06,0.302
Africa,Lesotho,LSO,2018,2183611.0,0.992,0.314
Africa,Lesotho,LSO,2019,2209414.0,0.99,0.324
Africa,Lesotho,LSO,2020,2235727.0,0.888,0.284
Africa,Lesotho,LSO,2021,2261549.0,1.369,0.308
Africa,Lesotho,LSO,2022,2286112.0,1.116,0.4
Africa,Lesotho,LSO,2023,2311476.0,1.079,0.399
Africa,Liberia,LBR,1990,2223667.0,0.205,0.196
Africa,Liberia,LBR,1991,1956523.0,0.191,0.191
Africa,Liberia,LBR,1992,2072466.0,0.189,0.187
Africa,Liberia,LBR,1993,2155135.0,0.194,0.192
Africa,Liberia,LBR,1994,2149929.0,0.193,0.193
Africa,Liberia,LBR,1995,2169167.0,0.192,0.191
Africa,Liberia,LBR,1996,2232286.0,0.191,0.189
Africa,Liberia,LBR,1997,2412995.0,0.185,0.184
Africa,Liberia,LBR,1998,2670128.0,0.177,0.176
Africa,Liberia,LBR,1999,2821689.0,0.133,0.131
Africa,Liberia,LBR,2000,2928117.0,0.137,0.128
Africa,Liberia,LBR,2001,3015343.0,0.137,0.129
Africa,Liberia,LBR,2002,3094793.0,0.14,0.133
Africa,Liberia,LBR,2003,3119534.0,0.148,0.144
Africa,Liberia,LBR,2004,3156893.0,0.172,0.157
Africa,Liberia,LBR,2005,3301016.0,0.197,0.18
Africa,Liberia,LBR,2006,3490792.0,0.192,0.174
Africa,Liberia,LBR,2007,3669050.0,0.171,0.155
Africa,Liberia,LBR,2008,3821006.0,0.139,0.129
Africa,Liberia,LBR,2009,3943035.0,0.132,0.125
Africa,Liberia,LBR,2010,4058897.0,0.175,0.168
Africa,Liberia,LBR,2011,4221177.0,0.195,0.187
Africa,Liberia,LBR,2012,4373046.0,0.209,0.199
Africa,Liberia,LBR,2013,4470246.0,0.196,0.179
Africa,Liberia,LBR,2014,4564299.0,0.161,0.136
Africa,Liberia,LBR,2015,4659436.0,0.15,0.125
Africa,Liberia,LBR,2016,4755607.0,0.136,0.116
Africa,Liberia,LBR,2017,4848927.0,0.138,0.115
Africa,Liberia,LBR,2018,4944728.0,0.123,0.097
Africa,Liberia,LBR,2019,5043719.0,0.185,0.158
Africa,Liberia,LBR,2020,5149470.0,0.151,0.12
Africa,Liberia,LBR,2021,5259327.0,0.149,0.109
Africa,Liberia,LBR,2022,5373297.0,0.161,0.127
Africa,Liberia,LBR,2023,5493035.0,0.152,0.118
Africa,Libya,LBY,1990,4445243.0,8.214,4.253
Africa,Libya,LBY,1991,4544404.0,9.379,5.564
Africa,Libya,LBY,1992,4640360.0,7.979,4.941
Africa,Libya,LBY,1993,4733053.0,8.178,5.395
Africa,Libya,LBY,1994,4822039.0,10.651,6.14
Africa,Libya,LBY,1995,4906851.0,11.126,6.497
Africa,Libya,LBY,1996,4987402.0,10.818,5.979
Africa,Libya,LBY,1997,5064642.0,10.224,6.066
Africa,Libya,LBY,1998,5140711.0,10.048,6.174
Africa,Libya,LBY,1999,5218039.0,9.632,6.391
Africa,Libya,LBY,2000,5305020.0,10.036,6.438
Africa,Libya,LBY,2001,5403639.0,9.829,6.396
Africa,Libya,LBY,2002,5508412.0,9.535,6.142
Africa,Libya,LBY,2003,5619405.0,9.873,6.218
Africa,Libya,LBY,2004,5736696.0,9.911,6.032
Africa,Libya,LBY,2005,5858793.0,9.556,5.971
Africa,Libya,LBY,2006,5980212.0,8.603,5.383
Africa,Libya,LBY,2007,6104381.0,7.272,4.131
Africa,Libya,LBY,2008,6235433.0,7.97,4.781
Africa,Libya,LBY,2009,6366689.0,8.109,4.923
Africa,Libya,LBY,2010,6497837.0,9.103,5.558
Africa,Libya,LBY,2011,6343210.0,8.441,5.449
Africa,Libya,LBY,2012,6179327.0,9.97,5.133
Africa,Libya,LBY,2013,6304636.0,8.144,3.437
Africa,Libya,LBY,2014,6427260.0,10.634,6.432
Africa,Libya,LBY,2015,6531825.0,9.318,4.898
Africa,Libya,LBY,2016,6632130.0,8.652,3.847
Africa,Libya,LBY,2017,6738771.0,9.956,3.884
Africa,Libya,LBY,2018,6849058.0,9.146,3.783
Africa,Libya,LBY,2019,6951040.0,10.614,6.368
Africa,Libya,LBY,2020,7045403.0,5.125,3.117
Africa,Libya,LBY,2021,7135179.0,7.892,4.292
Africa,Libya,LBY,2022,7223804.0,8.164,4.507
Africa,Libya,LBY,2023,7305659.0,8.79,4.806
Europe,Liechtenstein,LIE,1990,28912.0,6.882,5.993
Europe,Liechtenstein,LIE,1991,29303.0,7.041,5.978
Europe,Liechtenstein,LIE,1992,29750.0,6.956,5.783
Europe,Liechtenstein,LIE,1993,30199.0,7.121,5.874
Europe,Liechtenstein,LIE,1994,30623.0,6.567,5.32
Europe,Liechtenstein,LIE,1995,31055.0,6.575,5.231
Europe,Liechtenstein,LIE,1996,31497.0,6.539,5.024
Europe,Liechtenstein,LIE,1997,31925.0,6.84,5.391
Europe,Liechtenstein,LIE,1998,32341.0,7.088,5.511
Europe,Liechtenstein,LIE,1999,32751.0,6.918,5.244
Europe,Liechtenstein,LIE,2000,33137.0,6.544,4.915
Europe,Liechtenstein,LIE,2001,33470.0,6.414,4.63
Europe,Liechtenstein,LIE,2002,33770.0,6.515,4.703
Europe,Liechtenstein,LIE,2003,34089.0,6.728,4.808
Europe,Liechtenstein,LIE,2004,34409.0,6.666,4.657
Europe,Liechtenstein,LIE,2005,34713.0,6.596,4.518
Europe,Liechtenstein,LIE,2006,35002.0,6.602,4.503
Europe,Liechtenstein,LIE,2007,35251.0,5.694,3.689
Europe,Liechtenstein,LIE,2008,35467.0,6.188,4.134
Europe,Liechtenstein,LIE,2009,35740.0,5.745,4.136
Europe,Liechtenstein,LIE,2010,36021.0,5.296,3.615
Europe,Liechtenstein,LIE,2011,36295.0,4.869,3.393
Europe,Liechtenstein,LIE,2012,36621.0,5.059,3.57
Europe,Liechtenstein,LIE,2013,36930.0,5.212,3.647
Europe,Liechtenstein,LIE,2014,37191.0,4.334,3.041
Europe,Liechtenstein,LIE,2015,37424.0,4.266,2.895
Europe,Liechtenstein,LIE,2016,37635.0,3.976,2.622
Europe,Liechtenstein,LIE,2017,37872.0,4.105,2.693
Europe,Liechtenstein,LIE,2018,38157.0,3.736,2.435
Europe,Liechtenstein,LIE,2019,38463.0,3.865,2.557
Europe,Liechtenstein,LIE,2020,38793.0,3.65,2.401
Europe,Liechtenstein,LIE,2021,39062.0,3.727,2.343
Europe,Liechtenstein,LIE,2022,39338.0,3.262,2.108
Europe,Liechtenstein,LIE,2023,39622.0,3.312,2.25
Europe,Lithuania,LTU,1990,3695016.0,9.672,5.355
Europe,Lithuania,LTU,1991,3701408.0,10.218,5.75
Europe,Lithuania,LTU,1992,3697552.0,5.725,3.268
Europe,Lithuania,LTU,1993,3680201.0,4.434,2.959
Europe,Lithuania,LTU,1994,3654893.0,4.314,2.747
Europe,Lithuania,LTU,1995,3627038.0,4.151,2.489
Europe,Lithuania,LTU,1996,3599721.0,4.373,2.615
Europe,Lithuania,LTU,1997,3573418.0,4.243,2.606
Europe,Lithuania,LTU,1998,3547768.0,4.509,3.018
Europe,Lithuania,LTU,1999,3522905.0,3.818,2.372
Europe,Lithuania,LTU,2000,3500410.0,3.383,1.845
Europe,Lithuania,LTU,2001,3473008.0,3.626,2.05
Europe,Lithuania,LTU,2002,3444051.0,3.678,2.004
Europe,Lithuania,LTU,2003,3415276.0,3.707,1.859
Europe,Lithuania,LTU,2004,3376703.0,3.925,2.024
Europe,Lithuania,LTU,2005,3322264.0,4.173,2.166
Europe,Lithuania,LTU,2006,3269809.0,4.341,2.182
Europe,Lithuania,LTU,2007,3231378.0,4.789,2.325
Europe,Lithuania,LTU,2008,3198482.0,4.664,2.435
Europe,Lithuania,LTU,2009,3163255.0,4.056,2.168
Europe,Lithuania,LTU,2010,3097721.0,4.455,2.199
Europe,Lithuania,LTU,2011,3028642.0,4.609,2.142
Europe,Lithuania,LTU,2012,2988334.0,4.703,2.251
Europe,Lithuania,LTU,2013,2958359.0,4.444,2.203
Europe,Lithuania,LTU,2014,2933171.0,4.379,2.307
Europe,Lithuania,LTU,2015,2905771.0,4.489,2.437
Europe,Lithuania,LTU,2016,2869109.0,4.566,2.656
Europe,Lithuania,LTU,2017,2829317.0,4.693,2.728
Europe,Lithuania,LTU,2018,2802485.0,4.787,2.862
Europe,Lithuania,LTU,2019,2795057.0,4.883,2.905
Europe,Lithuania,LTU,2020,2795766.0,4.829,2.841
Europe,Lithuania,LTU,2021,2794490.0,4.93,2.915
Europe,Lithuania,LTU,2022,2816923.0,4.578,2.973
Europe,Lithuania,LTU,2023,2854104.0,4.382,2.992
Europe,Luxembourg,LUX,1990,381707.0,30.938,10.144
Europe,Luxembourg,LUX,1991,386819.0,32.109,12.308
Europe,Luxembourg,LUX,1992,391972.0,31.098,12.612
Europe,Luxembourg,LUX,1993,397210.0,31.062,12.448
Europe,Luxembourg,LUX,1994,402597.0,28.624,12.299
Europe,Luxembourg,LUX,1995,408237.0,22.375,11.233
Europe,Luxembourg,LUX,1996,413779.0,22.2,11.528
Europe,Luxembourg,LUX,1997,418970.0,20.402,11.951
Europe,Luxembourg,LUX,1998,424158.0,18.052,12.351
Europe,Luxembourg,LUX,1999,429909.0,18.886,13.02
Europe,Luxembourg,LUX,2000,436142.0,19.953,13.901
Europe,Luxembourg,LUX,2001,441754.0,20.838,14.618
Europe,Luxembourg,LUX,2002,446392.0,22.354,14.687
Europe,Luxembourg,LUX,2003,451845.0,23.129,15.654
Europe,Luxembourg,LUX,2004,458305.0,25.782,17.618
Europe,Luxembourg,LUX,2005,465369.0,25.949,18.01
Europe,Luxembourg,LUX,2006,472869.0,25.177,16.907
Europe,Luxembourg,LUX,2007,480277.0,23.533,15.998
Europe,Luxembourg,LUX,2008,488995.0,22.836,15.881
Europe,Luxembourg,LUX,2009,498196.0,21.316,14.446
Europe,Luxembourg,LUX,2010,507418.0,22.054,14.942
Europe,Luxembourg,LUX,2011,518583.0,21.384,15.14
Europe,Luxembourg,LUX,2012,530951.0,20.45,14.359
Europe,Luxembourg,LUX,2013,543358.0,18.999,13.816
Europe,Luxembourg,LUX,2014,556285.0,17.629,12.746
Europe,Luxembourg,LUX,2015,569540.0,16.389,11.961
Europe,Luxembourg,LUX,2016,583511.0,15.556,11.439
Europe,Luxembourg,LUX,2017,596506.0,15.509,11.511
Europe,Luxembourg,LUX,2018,608109.0,15.715,11.899
Europe,Luxembourg,LUX,2019,620167.0,15.722,11.927
Europe,Luxembourg,LUX,2020,630597.0,12.796,9.36
Europe,Luxembourg,LUX,2021,640276.0,13.134,9.661
Europe,Luxembourg,LUX,2022,653315.0,11.135,8.274
Europe,Luxembourg,LUX,2023,665101.0,10.285,7.884
Asia,Macao,MAC,1990,351123.0,2.567,2.567
Asia,Macao,MAC,1991,362275.0,2.67,2.67
Asia,Macao,MAC,1992,372256.0,2.628,2.628
Asia,Macao,MAC,1993,381331.0,2.892,2.892
Asia,Macao,MAC,1994,390126.0,3.024,3.024
Asia,Macao,MAC,1995,398703.0,2.821,2.821
Asia,Macao,MAC,1996,407033.0,3.196,3.196
Asia,Macao,MAC,1997,415074.0,3.293,3.293
Asia,Macao,MAC,1998,422816.0,3.414,3.414
Asia,Macao,MAC,1999,430253.0,3.313,3.313
Asia,Macao,MAC,2000,437316.0,3.494,3.494
Asia,Macao,MAC,2001,445121.0,3.507,3.507
Asia,Macao,MAC,2002,456026.0,3.045,3.045
Asia,Macao,MAC,2003,469062.0,3.031,3.031
Asia,Macao,MAC,2004,482209.0,3.282,3.282
Asia,Macao,MAC,2005,495416.0,3.395,3.395
Asia,Macao,MAC,2006,508752.0,2.859,2.859
Asia,Macao,MAC,2007,522281.0,2.61,2.61
Asia,Macao,MAC,2008,535935.0,2.106,1.812
Asia,Macao,MAC,2009,549492.0,3.447,3.107
Asia,Macao,MAC,2010,562809.0,2.194,1.66
Asia,Macao,MAC,2011,575644.0,2.247,1.999
Asia,Macao,MAC,2012,587450.0,1.927,1.927
Asia,Macao,MAC,2013,598752.0,1.652,1.652
Asia,Macao,MAC,2014,610308.0,2.119,1.933
Asia,Macao,MAC,2015,622185.0,2.85,2.844
Asia,Macao,MAC,2016,634317.0,2.807,2.778
Asia,Macao,MAC,2017,646558.0,2.981,2.459
Asia,Macao,MAC,2018,658777.0,1.885,1.614
Asia,Macao,MAC,2019,670982.0,1.807,1.425
Asia,Macao,MAC,2020,683069.0,1.513,1.309
Asia,Macao,MAC,2021,694404.0,1.483,1.245
Asia,Macao,MAC,2022,704360.0,1.489,1.17
Asia,Macao,MAC,2023,713916.0,1.461,1.149
Africa,Madagascar,MDG,1990,12055649.0,0.078,0.074
Africa,Madagascar,MDG,1991,12421413.0,0.083,0.078
Africa,Madagascar,MDG,1992,12800870.0,0.078,0.074
Africa,Madagascar,MDG,1993,13197353.0,0.078,0.073
Africa,Madagascar,MDG,1994,13613859.0,0.085,0.081
Africa,Madagascar,MDG,1995,14051279.0,0.085,0.082
Africa,Madagascar,MDG,1996,14510712.0,0.086,0.083
Africa,Madagascar,MDG,1997,14990818.0,0.102,0.099
Africa,Madagascar,MDG,1998,15489364.0,0.105,0.101
Africa,Madagascar,MDG,1999,16000506.0,0.11,0.108
Africa,Madagascar,MDG,2000,16516336.0,0.118,0.116
Africa,Madagascar,MDG,2001,17032933.0,0.103,0.1
Africa,Madagascar,MDG,2002,17549915.0,0.07,0.068
Africa,Madagascar,MDG,2003,18071860.0,0.094,0.088
Africa,Madagascar,MDG,2004,18606606.0,0.097,0.092
Africa,Madagascar,MDG,2005,19159711.0,0.091,0.085
Africa,Madagascar,MDG,2006,19730916.0,0.085,0.08
Africa,Madagascar,MDG,2007,20318590.0,0.085,0.079
Africa,Madagascar,MDG,2008,20923842.0,0.085,0.081
Africa,Madagascar,MDG,2009,21547277.0,0.079,0.075
Africa,Madagascar,MDG,2010,22183343.0,0.084,0.077
Africa,Madagascar,MDG,2011,22822305.0,0.102,0.083
Africa,Madagascar,MDG,2012,23462444.0,0.113,0.083
Africa,Madagascar,MDG,2013,24109290.0,0.127,0.082
Africa,Madagascar,MDG,2014,24764356.0,0.12,0.081
Africa,Madagascar,MDG,2015,25426703.0,0.123,0.084
Africa,Madagascar,MDG,2016,26099950.0,0.125,0.088
Africa,Madagascar,MDG,2017,26788379.0,0.142,0.091
Africa,Madagascar,MDG,2018,27494930.0,0.131,0.089
Africa,Madagascar,MDG,2019,28219559.0,0.147,0.101
Africa,Madagascar,MDG,2020,28953560.0,0.131,0.086
Africa,Madagascar,MDG,2021,29691087.0,0.143,0.098
Africa,Madagascar,MDG,2022,30437261.0,0.138,0.099
Africa,Madagascar,MDG,2023,31195937.0,0.143,0.098
Africa,Malawi,MWI,1990,9545860.0,0.077,0.054
Africa,Malawi,MWI,1991,9844228.0,0.08,0.058
Africa,Malawi,MWI,1992,10135082.0,0.078,0.056
Africa,Malawi,MWI,1993,10284027.0,0.085,0.063
Africa,Malawi,MWI,1994,10164899.0,0.089,0.066
Africa,Malawi,MWI,1995,10150122.0,0.089,0.066
Africa,Malawi,MWI,1996,10352227.0,0.089,0.066
Africa,Malawi,MWI,1997,10562035.0,0.087,0.065
Africa,Malawi,MWI,1998,10792877.0,0.084,0.063
Africa,Malawi,MWI,1999,11047812.0,0.081,0.063
Africa,Malawi,MWI,2000,11315947.0,0.075,0.056
Africa,Malawi,MWI,2001,11593057.0,0.067,0.052
Africa,Malawi,MWI,2002,11880443.0,0.072,0.052
Africa,Malawi,MWI,2003,12181575.0,0.075,0.055
Africa,Malawi,MWI,2004,12500736.0,0.072,0.056
Africa,Malawi,MWI,2005,12840034.0,0.066,0.053
Africa,Malawi,MWI,2006,13198699.0,0.065,0.052
Africa,Malawi,MWI,2007,13576344.0,0.068,0.054
Africa,Malawi,MWI,2008,13976415.0,0.071,0.061
Africa,Malawi,MWI,2009,14395788.0,0.071,0.06
Africa,Malawi,MWI,2010,14826466.0,0.066,0.053
Africa,Malawi,MWI,2011,15265026.0,0.068,0.053
Africa,Malawi,MWI,2012,15709577.0,0.066,0.052
Africa,Malawi,MWI,2013,16161816.0,0.069,0.053
Africa,Malawi,MWI,2014,16621534.0,0.061,0.043
Africa,Malawi,MWI,2015,17085587.0,0.061,0.046
Africa,Malawi,MWI,2016,17557741.0,0.067,0.053
Africa,Malawi,MWI,2017,18039714.0,0.066,0.051
Africa,Malawi,MWI,2018,18528086.0,0.091,0.074
Africa,Malawi,MWI,2019,19025748.0,0.089,0.072
Africa,Malawi,MWI,2020,19533885.0,0.096,0.073
Africa,Malawi,MWI,2021,20047264.0,0.084,0.066
Africa,Malawi,MWI,2022,20568731.0,0.088,0.069
Africa,Malawi,MWI,2023,21104480.0,0.088,0.068
Asia,Malaysia,MYS,1990,17833179.0,3.043,2.003
Asia,Malaysia,MYS,1991,18342474.0,3.586,2.169
Asia,Malaysia,MYS,1992,18834569.0,3.874,2.346
Asia,Malaysia,MYS,1993,19322667.0,4.482,2.597
Asia,Malaysia,MYS,1994,19820446.0,4.415,2.636
Asia,Malaysia,MYS,1995,20330602.0,5.391,2.688
Asia,Malaysia,MYS,1996,20850085.0,5.281,2.807
Asia,Malaysia,MYS,1997,21375225.0,5.542,3.185
Asia,Malaysia,MYS,1998,21906713.0,5.011,2.725
Asia,Malaysia,MYS,1999,22435532.0,4.635,2.354
Asia,Malaysia,MYS,2000,22967817.0,5.35,2.445
Asia,Malaysia,MYS,2001,23526535.0,5.564,2.698
Asia,Malaysia,MYS,2002,24102477.0,5.478,2.519
Asia,Malaysia,MYS,2003,24679604.0,6.215,2.521
Asia,Malaysia,MYS,2004,25256773.0,6.718,2.677
Asia,Malaysia,MYS,2005,25836075.0,6.579,2.663
Asia,Malaysia,MYS,2006,26417909.0,6.441,2.359
Asia,Malaysia,MYS,2007,26998383.0,6.499,2.549
Asia,Malaysia,MYS,2008,27570052.0,6.995,2.547
Asia,Malaysia,MYS,2009,28124779.0,6.831,2.44
Asia,Malaysia,MYS,2010,28655772.0,6.957,2.561
Asia,Malaysia,MYS,2011,29162034.0,6.977,2.46
Asia,Malaysia,MYS,2012,29662835.0,7.18,2.504
Asia,Malaysia,MYS,2013,30174269.0,8.009,2.89
Asia,Malaysia,MYS,2014,30696133.0,7.983,2.89
Asia,Malaysia,MYS,2015,31232796.0,7.554,2.439
Asia,Malaysia,MYS,2016,31789692.0,7.464,2.431
Asia,Malaysia,MYS,2017,32355642.0,7.555,2.5
Asia,Malaysia,MYS,2018,32910963.0,7.981,2.451
Asia,Malaysia,MYS,2019,33440590.0,8.303,2.833
Asia,Malaysia,MYS,2020,33889554.0,7.736,2.021
Asia,Malaysia,MYS,2021,34282404.0,7.973,2.13
Asia,Malaysia,MYS,2022,34695494.0,8.125,2.052
Asia,Malaysia,MYS,2023,35126295.0,7.866,2.201
Asia,Maldives,MDV,1990,224772.0,0.75,0.75
Asia,Maldives,MDV,1991,231810.0,0.664,0.664
Asia,Maldives,MDV,1992,238559.0,0.968,0.968
Asia,Maldives,MDV,1993,244893.0,0.793,0.793
Asia,Maldives,MDV,1994,250831.0,0.789,0.789
Asia,Maldives,MDV,1995,256660.0,0.971,0.971
Asia,Maldives,MDV,1996,262354.0,1.103,1.103
Asia,Maldives,MDV,1997,267711.0,1.232,1.232
Asia,Maldives,MDV,1998,272734.0,1.102,1.102
Asia,Maldives,MDV,1999,277423.0,1.519,1.519
Asia,Maldives,MDV,2000,282025.0,1.598,1.598
Asia,Maldives,MDV,2001,286778.0,1.61,1.61
Asia,Maldives,MDV,2002,291631.0,2.023,2.023
Asia,Maldives,MDV,2003,296497.0,1.718,1.718
Asia,Maldives,MDV,2004,301416.0,2.2,2.2
Asia,Maldives,MDV,2005,306429.0,1.961,1.961
Asia,Maldives,MDV,2006,313866.0,2.37,2.37
Asia,Maldives,MDV,2007,324489.0,2.405,2.405
Asia,Maldives,MDV,2008,336178.0,2.496,2.496
Asia,Maldives,MDV,2009,348282.0,2.535,2.535
Asia,Maldives,MDV,2010,360802.0,2.579,2.579
Asia,Maldives,MDV,2011,373683.0,2.638,2.638
Asia,Maldives,MDV,2012,386821.0,2.87,2.87
Asia,Maldives,MDV,2013,400077.0,2.738,2.738
Asia,Maldives,MDV,2014,413623.0,3.189,3.189
Asia,Maldives,MDV,2015,428165.0,2.995,2.995
Asia,Maldives,MDV,2016,443316.0,3.232,3.232
Asia,Maldives,MDV,2017,458297.0,3.302,3.302
Asia,Maldives,MDV,2018,473106.0,3.671,3.671
Asia,Maldives,MDV,2019,487737.0,4.087,4.087
Asia,Maldives,MDV,2020,502127.0,3.342,3.342
Asia,Maldives,MDV,2021,516163.0,3.869,3.869
Asia,Maldives,MDV,2022,524116.0,4.228,4.228
Asia,Maldives,MDV,2023,526009.0,4.193,4.193
Africa,Mali,MLI,1990,9178826.0,0.046,0.045
Africa,Mali,MLI,1991,9362885.0,0.045,0.045
Africa,Mali,MLI,1992,9553540.0,0.048,0.048
Africa,Mali,MLI,1993,9754786.0,0.052,0.051
Africa,Mali,MLI,1994,9967035.0,0.055,0.054
Africa,Mali,MLI,1995,10185368.0,0.058,0.058
Africa,Mali,MLI,1996,10407274.0,0.062,0.062
Africa,Mali,MLI,1997,10646499.0,0.068,0.067
Africa,Mali,MLI,1998,10919577.0,0.085,0.085
Africa,Mali,MLI,1999,11227420.0,0.086,0.086
Africa,Mali,MLI,2000,11559291.0,0.092,0.092
Africa,Mali,MLI,2001,11912162.0,0.098,0.098
Africa,Mali,MLI,2002,12288051.0,0.098,0.098
Africa,Mali,MLI,2003,12684951.0,0.098,0.098
Africa,Mali,MLI,2004,13102415.0,0.108,0.108
Africa,Mali,MLI,2005,13538648.0,0.108,0.108
Africa,Mali,MLI,2006,13990143.0,0.11,0.11
Africa,Mali,MLI,2007,14457776.0,0.123,0.123
Africa,Mali,MLI,2008,14940786.0,0.131,0.131
Africa,Mali,MLI,2009,15435536.0,0.122,0.122
Africa,Mali,MLI,2010,15945201.0,0.131,0.131
Africa,Mali,MLI,2011,16469054.0,0.138,0.138
Africa,Mali,MLI,2012,16957039.0,0.144,0.144
Africa,Mali,MLI,2013,17459619.0,0.157,0.147
Africa,Mali,MLI,2014,18020267.0,0.174,0.16
Africa,Mali,MLI,2015,18593022.0,0.183,0.17
Africa,Mali,MLI,2016,19191298.0,0.223,0.21
Africa,Mali,MLI,2017,19813016.0,0.241,0.227
Africa,Mali,MLI,2018,20442031.0,0.254,0.235
Africa,Mali,MLI,2019,21068405.0,0.266,0.247
Africa,Mali,MLI,2020,21713837.0,0.292,0.265
Africa,Mali,MLI,2021,22388637.0,0.33,0.301
Africa,Mali,MLI,2022,23072641.0,0.304,0.274
Africa,Mali,MLI,2023,23769130.0,0.284,0.254
Europe,Malta,MLT,1990,367913.0,6.598,4.664
Europe,Malta,MLT,1991,371335.0,6.118,4.565
Europe,Malta,MLT,1992,374805.0,6.119,4.821
Europe,Malta,MLT,1993,378222.0,7.629,5.749
Europe,Malta,MLT,1994,381467.0,6.969,5.699
Europe,Malta,MLT,1995,384559.0,6.377,6.051
Europe,Malta,MLT,1996,387627.0,6.537,6.532
Europe,Malta,MLT,1997,390687.0,6.543,6.538
Europe,Malta,MLT,1998,393782.0,6.412,6.408
Europe,Malta,MLT,1999,396897.0,6.482,6.481
Europe,Malta,MLT,2000,399905.0,6.172,6.17
Europe,Malta,MLT,2001,402788.0,6.794,6.792
Europe,Malta,MLT,2002,405571.0,6.774,6.772
Europe,Malta,MLT,2003,408236.0,7.253,7.252
Europe,Malta,MLT,2004,410800.0,6.935,6.934
Europe,Malta,MLT,2005,413324.0,6.411,6.41
Europe,Malta,MLT,2006,415463.0,6.391,6.39
Europe,Malta,MLT,2007,417201.0,6.538,6.537
Europe,Malta,MLT,2008,418969.0,6.495,6.494
Europe,Malta,MLT,2009,420800.0,6.086,6.084
Europe,Malta,MLT,2010,422654.0,6.197,6.195
Europe,Malta,MLT,2011,424635.0,6.142,6.14
Europe,Malta,MLT,2012,426616.0,6.444,6.44
Europe,Malta,MLT,2013,428457.0,5.671,5.664
Europe,Malta,MLT,2014,434494.0,5.564,5.556
Europe,Malta,MLT,2015,444978.0,3.815,3.809
Europe,Malta,MLT,2016,455276.0,3.022,3.018
Europe,Malta,MLT,2017,467902.0,3.285,2.103
Europe,Malta,MLT,2018,484560.0,3.194,1.788
Europe,Malta,MLT,2019,504017.0,3.272,1.866
Europe,Malta,MLT,2020,518212.0,3.089,1.667
Europe,Malta,MLT,2021,524383.0,3.073,1.663
Europe,Malta,MLT,2022,528194.0,3.359,1.943
Europe,Malta,MLT,2023,532964.0,3.317,1.849
Oceania,Marshall Islands,MHL,1992,46406.0,1.658,1.658
Oceania,Marshall Islands,MHL,1993,47112.0,1.711,1.711
Oceania,Marshall Islands,MHL,1994,47731.0,1.766,1.766
Oceania,Marshall Islands,MHL,1995,48283.0,1.821,1.821
Oceania,Marshall Islands,MHL,1996,48795.0,1.877,1.877
Oceania,Marshall Islands,MHL,1997,49277.0,1.859,1.859
Oceania,Marshall Islands,MHL,1998,49732.0,1.842,1.842
Oceania,Marshall Islands,MHL,1999,50221.0,1.824,1.824
Oceania,Marshall Islands,MHL,2000,50721.0,1.95,1.95
Oceania,Marshall Islands,MHL,2001,51137.0,2.006,2.006
Oceania,Marshall Islands,MHL,2002,51441.0,2.137,2.137
Oceania,Marshall Islands,MHL,2003,51657.0,2.128,2.128
Oceania,Marshall Islands,MHL,2004,51803.0,2.193,2.193
Oceania,Marshall Islands,MHL,2005,51928.0,2.187,2.187
Oceania,Marshall Islands,MHL,2006,52011.0,2.325,2.325
Oceania,Marshall Islands,MHL,2007,52050.0,2.464,2.464
Oceania,Marshall Islands,MHL,2008,52049.0,2.464,2.464
Oceania,Marshall Islands,MHL,2009,52036.0,2.535,2.535
Oceania,Marshall Islands,MHL,2010,52064.0,2.604,2.604
Oceania,Marshall Islands,MHL,2011,51927.0,2.611,2.611
Oceania,Marshall Islands,MHL,2012,51438.0,2.636,2.636
Oceania,Marshall Islands,MHL,2013,50696.0,2.746,2.746
Oceania,Marshall Islands,MHL,2014,49815.0,2.795,2.795
Oceania,Marshall Islands,MHL,2015,48823.0,2.927,2.927
Oceania,Marshall Islands,MHL,2016,47730.0,2.994,2.994
Oceania,Marshall Islands,MHL,2017,46544.0,3.149,3.149
Oceania,Marshall Islands,MHL,2018,45307.0,3.235,3.235
Oceania,Marshall Islands,MHL,2019,44030.0,3.329,3.329
Oceania,Marshall Islands,MHL,2020,42728.0,3.43,3.43
Oceania,Marshall Islands,MHL,2021,41387.0,3.541,3.541
Oceania,Marshall Islands,MHL,2022,40094.0,3.702,3.702
Oceania,Marshall Islands,MHL,2023,38849.0,3.802,3.802
Africa,Mauritania,MRT,1990,1951881.0,0.437,0.43
Africa,Mauritania,MRT,1991,2009739.0,0.432,0.425
Africa,Mauritania,MRT,1992,2088143.0,0.433,0.426
Africa,Mauritania,MRT,1993,2174333.0,0.426,0.419
Africa,Mauritania,MRT,1994,2249462.0,0.427,0.42
Africa,Mauritania,MRT,1995,2312027.0,0.439,0.434
Africa,Mauritania,MRT,1996,2358193.0,0.451,0.447
Africa,Mauritania,MRT,1997,2411316.0,0.447,0.445
Africa,Mauritania,MRT,1998,2474650.0,0.434,0.432
Africa,Mauritania,MRT,1999,2541700.0,0.431,0.431
Africa,Mauritania,MRT,2000,2613450.0,0.426,0.426
Africa,Mauritania,MRT,2001,2678766.0,0.438,0.438
Africa,Mauritania,MRT,2002,2738659.0,0.456,0.456
Africa,Mauritania,MRT,2003,2802050.0,0.459,0.459
Africa,Mauritania,MRT,2004,2868671.0,0.483,0.483
Africa,Mauritania,MRT,2005,2939060.0,0.488,0.487
Africa,Mauritania,MRT,2006,3013659.0,0.514,0.472
Africa,Mauritania,MRT,2007,3093065.0,0.568,0.53
Africa,Mauritania,MRT,2008,3183276.0,0.575,0.556
Africa,Mauritania,MRT,2009,3284454.0,0.613,0.597
Africa,Mauritania,MRT,2010,3390968.0,0.617,0.603
Africa,Mauritania,MRT,2011,3502813.0,0.636,0.614
Africa,Mauritania,MRT,2012,3619035.0,0.676,0.648
Africa,Mauritania,MRT,2013,3734324.0,0.581,0.552
Africa,Mauritania,MRT,2014,3848511.0,0.666,0.648
Africa,Mauritania,MRT,2015,3965959.0,0.757,0.737
Africa,Mauritania,MRT,2016,4086655.0,0.642,0.62
Africa,Mauritania,MRT,2017,4210603.0,0.851,0.833
Africa,Mauritania,MRT,2018,4337685.0,1.025,1.025
Africa,Mauritania,MRT,2019,4467714.0,1.033,1.033
Africa,Mauritania,MRT,2020,4600136.0,1.039,1.039
Africa,Mauritania,MRT,2021,4734874.0,0.95,0.95
Africa,Mauritania,MRT,2022,4875644.0,1.08,1.08
Africa,Mauritania,MRT,2023,5022442.0,1.003,1.003
Africa,Mauritius,MUS,1990,1089033.0,1.342,1.161
Africa,Mauritius,MUS,1991,1103050.0,1.379,1.219
Africa,Mauritius,MUS,1992,1117676.0,1.528,1.357
Africa,Mauritius,MUS,1993,1132397.0,1.566,1.418
Africa,Mauritius,MUS,1994,1146559.0,1.416,1.336
Africa,Mauritius,MUS,1995,1159824.0,1.576,1.431
Africa,Mauritius,MUS,1996,1172390.0,1.663,1.569
Africa,Mauritius,MUS,1997,1184304.0,1.686,1.584
Africa,Mauritius,MUS,1998,1195111.0,1.815,1.68
Africa,Mauritius,MUS,1999,1205903.0,2.011,1.744
Africa,Mauritius,MUS,2000,1216632.0,2.211,1.723
Africa,Mauritius,MUS,2001,1225807.0,2.334,1.773
Africa,Mauritius,MUS,2002,1234090.0,2.337,1.74
Africa,Mauritius,MUS,2003,1242094.0,2.463,1.858
Africa,Mauritius,MUS,2004,1249799.0,2.471,1.938
Africa,Mauritius,MUS,2005,1257215.0,2.62,1.943
Africa,Mauritius,MUS,2006,1263785.0,2.87,1.971
Africa,Mauritius,MUS,2007,1269522.0,2.903,1.862
Africa,Mauritius,MUS,2008,1274635.0,2.955,1.745
Africa,Mauritius,MUS,2009,1278976.0,2.899,1.796
Africa,Mauritius,MUS,2010,1282710.0,3.051,1.825
Africa,Mauritius,MUS,2011,1286270.0,3.045,1.874
Africa,Mauritius,MUS,2012,1289174.0,3.075,1.845
Africa,Mauritius,MUS,2013,1290988.0,3.15,1.856
Africa,Mauritius,MUS,2014,1292006.0,3.256,1.913
Africa,Mauritius,MUS,2015,1292283.0,3.258,1.954
Africa,Mauritius,MUS,2016,1291807.0,3.361,2.034
Africa,Mauritius,MUS,2017,1290654.0,3.517,2.132
Africa,Mauritius,MUS,2018,1288836.0,3.457,2.141
Africa,Mauritius,MUS,2019,1286269.0,3.518,2.304
Africa,Mauritius,MUS,2020,1283231.0,2.961,1.751
Africa,Mauritius,MUS,2021,1279628.0,3.101,1.748
Africa,Mauritius,MUS,2022,1276134.0,3.383,2.316
Africa,Mauritius,MUS,2023,1273591.0,3.602,2.366
North America,Mexico,MEX,1990,82820170.0,3.825,2.845
North America,Mexico,MEX,1991,84430565.0,3.907,2.92
North America,Mexico,MEX,1992,86044806.0,3.864,2.891
North America,Mexico,MEX,1993,87653817.0,3.853,2.85
North America,Mexico,MEX,1994,89259202.0,3.938,2.891
North America,Mexico,MEX,1995,90862449.0,3.642,2.611
North America,Mexico,MEX,1996,92452700.0,3.694,2.562
North America,Mexico,MEX,1997,94021204.0,3.855,2.682
North America,Mexico,MEX,1998,95575242.0,3.987,2.765
North America,Mexico,MEX,1999,97115710.0,3.975,2.795
North America,Mexico,MEX,2000,98625553.0,3.969,2.676
North America,Mexico,MEX,2001,100099101.0,4.071,2.753
North America,Mexico,MEX,2002,101548627.0,4.04,2.613
North America,Mexico,MEX,2003,102978517.0,4.234,2.653
North America,Mexico,MEX,2004,104394131.0,4.201,2.651
North America,Mexico,MEX,2005,105811504.0,4.38,2.751
North America,Mexico,MEX,2006,107253666.0,4.424,2.654
North America,Mexico,MEX,2007,108774356.0,4.354,2.635
North America,Mexico,MEX,2008,110374286.0,4.285,2.613
North America,Mexico,MEX,2009,111999720.0,4.11,2.435
North America,Mexico,MEX,2010,113623898.0,4.017,2.285
North America,Mexico,MEX,2011,115243503.0,4.194,2.365
North America,Mexico,MEX,2012,116818208.0,4.293,2.484
North America,Mexico,MEX,2013,118343572.0,4.186,2.346
North America,Mexico,MEX,2014,119784265.0,4.041,2.248
North America,Mexico,MEX,2015,121072310.0,3.96,2.138
North America,Mexico,MEX,2016,122251344.0,3.917,2.058
North America,Mexico,MEX,2017,123400052.0,3.763,1.992
North America,Mexico,MEX,2018,124573713.0,3.76,1.837
North America,Mexico,MEX,2019,125762978.0,3.723,1.893
North America,Mexico,MEX,2020,126799053.0,3.383,1.61
North America,Mexico,MEX,2021,127648151.0,3.501,1.723
North America,Mexico,MEX,2022,128613116.0,3.528,1.787
North America,Mexico,MEX,2023,129739761.0,3.532,1.676
Oceania,Micronesia (country),FSM,1992,104823.0,1.293,1.293
Oceania,Micronesia (country),FSM,1993,107082.0,1.334,1.334
Oceania,Micronesia (country),FSM,1994,109090.0,1.411,1.411
Oceania,Micronesia (country),FSM,1995,110244.0,1.595,1.595
Oceania,Micronesia (country),FSM,1996,110723.0,1.655,1.655
Oceania,Micronesia (country),FSM,1997,111088.0,1.748,1.748
Oceania,Micronesia (country),FSM,1998,111394.0,1.842,1.842
Oceania,Micronesia (country),FSM,1999,111693.0,1.706,1.706
Oceania,Micronesia (country),FSM,2000,112067.0,1.602,1.602
Oceania,Micronesia (country),FSM,2001,112378.0,1.467,1.467
Oceania,Micronesia (country),FSM,2002,112464.0,1.336,1.336
Oceania,Micronesia (country),FSM,2003,112298.0,1.436,1.436
Oceania,Micronesia (country),FSM,2004,111939.0,1.277,1.277
Oceania,Micronesia (country),FSM,2005,111420.0,1.019,1.019
Oceania,Micronesia (country),FSM,2006,110739.0,1.026,1.026
Oceania,Micronesia (country),FSM,2007,109896.0,1.167,1.167
Oceania,Micronesia (country),FSM,2008,108947.0,1.043,1.043
Oceania,Micronesia (country),FSM,2009,107968.0,1.357,1.357
Oceania,Micronesia (country),FSM,2010,107559.0,0.954,0.954
Oceania,Micronesia (country),FSM,2011,107712.0,1.089,1.089
Oceania,Micronesia (country),FSM,2012,107908.0,1.188,1.188
Oceania,Micronesia (country),FSM,2013,108133.0,1.254,1.254
Oceania,Micronesia (country),FSM,2014,108407.0,1.284,1.284
Oceania,Micronesia (country),FSM,2015,108727.0,1.314,1.314
Oceania,Micronesia (country),FSM,2016,109088.0,1.31,1.31
Oceania,Micronesia (country),FSM,2017,109495.0,1.305,1.305
Oceania,Micronesia (country),FSM,2018,109925.0,1.3,1.3
Oceania,Micronesia (country),FSM,2019,110293.0,1.296,1.296
Oceania,Micronesia (country),FSM,2020,110930.0,1.288,1.288
Oceania,Micronesia (country),FSM,2021,111635.0,1.28,1.28
Oceania,Micronesia (country),FSM,2022,112122.0,1.291,1.291
Oceania,Micronesia (country),FSM,2023,112646.0,1.279,1.279
Europe,Moldova,MDA,1990,4451150.0,8.201,4.373
Europe,Moldova,MDA,1991,4456609.0,6.646,3.384
Europe,Moldova,MDA,1992,4455714.0,4.708,2.132
Europe,Moldova,MDA,1993,4448241.0,3.562,1.436
Europe,Moldova,MDA,1994,4434457.0,2.802,0.762
Europe,Moldova,MDA,1995,4414216.0,2.584,0.691
Europe,Moldova,MDA,1996,4387653.0,2.664,0.64
Europe,Moldova,MDA,1997,4355537.0,1.676,0.59
Europe,Moldova,MDA,1998,4318713.0,1.492,0.492
Europe,Moldova,MDA,1999,4278220.0,1.095,0.332
Europe,Moldova,MDA,2000,4234969.0,0.844,0.303
Europe,Moldova,MDA,2001,4189769.0,0.904,0.342
Europe,Moldova,MDA,2002,4142937.0,0.978,0.394
Europe,Moldova,MDA,2003,4095418.0,1.075,0.431
Europe,Moldova,MDA,2004,4046672.0,1.14,0.472
Europe,Moldova,MDA,2005,3988668.0,1.238,0.482
Europe,Moldova,MDA,2006,3921320.0,1.283,0.477
Europe,Moldova,MDA,2007,3851397.0,1.293,0.501
Europe,Moldova,MDA,2008,3779503.0,1.373,0.538
Europe,Moldova,MDA,2009,3706212.0,1.225,0.533
Europe,Moldova,MDA,2010,3631990.0,1.33,0.598
Europe,Moldova,MDA,2011,3557278.0,1.39,0.638
Europe,Moldova,MDA,2012,3482629.0,1.368,0.599
Europe,Moldova,MDA,2013,3408741.0,1.437,0.63
Europe,Moldova,MDA,2014,3342715.0,1.423,0.651
Europe,Moldova,MDA,2015,3287168.0,1.456,0.697
Europe,Moldova,MDA,2016,3237798.0,1.516,0.761
Europe,Moldova,MDA,2017,3193500.0,1.594,0.8
Europe,Moldova,MDA,2018,3153779.0,1.697,0.846
Europe,Moldova,MDA,2019,3112561.0,1.728,0.883
Europe,Moldova,MDA,2020,3069135.0,1.666,0.844
Europe,Moldova,MDA,2021,3023780.0,1.905,0.956
Europe,Moldova,MDA,2022,3039986.0,1.702,1.016
Europe,Moldova,MDA,2023,3067072.0,1.738,1.035
Asia,Mongolia,MNG,1990,2164578.0,4.523,1.088
Asia,Mongolia,MNG,1991,2202772.0,5.429,0.773
Asia,Mongolia,MNG,1992,2239130.0,4.887,0.759
Asia,Mongolia,MNG,1993,2273515.0,4.044,0.693
Asia,Mongolia,MNG,1994,2305743.0,3.411,0.448
Asia,Mongolia,MNG,1995,2335717.0,3.355,0.409
Asia,Mongolia,MNG,1996,2363469.0,3.358,0.451
Asia,Mongolia,MNG,1997,2389133.0,3.187,0.439
Asia,Mongolia,MNG,1998,2412793.0,3.159,0.475
Asia,Mongolia,MNG,1999,2434041.0,3.076,0.473
Asia,Mongolia,MNG,2000,2455182.0,3.027,0.514
Asia,Mongolia,MNG,2001,2477704.0,3.15,0.574
Asia,Mongolia,MNG,2002,2500074.0,3.279,0.547
Asia,Mongolia,MNG,2003,2521809.0,3.146,0.591
Asia,Mongolia,MNG,2004,2542801.0,3.343,0.65
Asia,Mongolia,MNG,2005,2563466.0,3.322,0.636
Asia,Mongolia,MNG,2006,2584761.0,3.591,0.705
Asia,Mongolia,MNG,2007,2607976.0,4.585,0.872
Asia,Mongolia,MNG,2008,2634431.0,4.524,0.933
Asia,Mongolia,MNG,2009,2665333.0,4.889,0.856
Asia,Mongolia,MNG,2010,2701739.0,5.098,0.896
Asia,Mongolia,MNG,2011,2745183.0,7.784,1.095
Asia,Mongolia,MNG,2012,2795463.0,12.519,1.228
Asia,Mongolia,MNG,2013,2851887.0,15.245,1.254
Asia,Mongolia,MNG,2014,2913041.0,10.171,1.17
Asia,Mongolia,MNG,2015,2976528.0,7.821,1.131
Asia,Mongolia,MNG,2016,3040815.0,8.428,0.95
Asia,Mongolia,MNG,2017,3104371.0,10.997,1.211
Asia,Mongolia,MNG,2018,3167714.0,14.307,1.249
Asia,Mongolia,MNG,2019,3232118.0,14.578,1.545
Asia,Mongolia,MNG,2020,3290786.0,12.908,1.508
Asia,Mongolia,MNG,2021,3339676.0,10.771,1.438
Asia,Mongolia,MNG,2022,3386015.0,11.944,1.521
Asia,Mongolia,MNG,2023,3431938.0,12.874,1.493
Europe,Montenegro,MNE,1990,620507.0,3.56,0.946
Europe,Montenegro,MNE,1991,623564.0,2.506,0.849
Europe,Montenegro,MNE,1992,626030.0,2.67,0.521
Europe,Montenegro,MNE,1993,628107.0,2.321,0.379
Europe,Montenegro,MNE,1994,629890.0,2.248,0.344
Europe,Montenegro,MNE,1995,631386.0,2.369,0.365
Europe,Montenegro,MNE,1996,632625.0,2.766,0.745
Europe,Montenegro,MNE,1997,633539.0,2.969,0.993
Europe,Montenegro,MNE,1998,634099.0,3.123,0.878
Europe,Montenegro,MNE,1999,634280.0,2.153,0.432
Europe,Montenegro,MNE,2000,634198.0,2.39,0.41
Europe,Montenegro,MNE,2001,634001.0,2.566,0.725
Europe,Montenegro,MNE,2002,633767.0,2.746,0.832
Europe,Montenegro,MNE,2003,633563.0,2.941,0.924
Europe,Montenegro,MNE,2004,633756.0,3.21,1.089
Europe,Montenegro,MNE,2005,634059.0,3.05,1.263
Europe,Montenegro,MNE,2006,633876.0,3.254,1.272
Europe,Montenegro,MNE,2007,633388.0,3.245,1.628
Europe,Montenegro,MNE,2008,632855.0,4.116,1.728
Europe,Montenegro,MNE,2009,632445.0,2.659,1.367
Europe,Montenegro,MNE,2010,632088.0,3.832,1.264
Europe,Montenegro,MNE,2011,632689.0,3.805,1.154
Europe,Montenegro,MNE,2012,633546.0,3.493,1.116
Europe,Montenegro,MNE,2013,633199.0,3.397,1.105
Europe,Montenegro,MNE,2014,631377.0,3.337,1.091
Europe,Montenegro,MNE,2015,628145.0,3.564,1.184
Europe,Montenegro,MNE,2016,624246.0,3.228,1.332
Europe,Montenegro,MNE,2017,620112.0,3.392,1.454
Europe,Montenegro,MNE,2018,615798.0,3.903,1.589
Europe,Montenegro,MNE,2019,611671.0,4.049,1.671
Europe,Montenegro,MNE,2020,607934.0,3.954,1.465
Europe,Montenegro,MNE,2021,603854.0,3.993,1.796
Europe,Montenegro,MNE,2022,614649.0,4.06,1.768
Europe,Montenegro,MNE,2023,633553.0,3.799,1.693
North America,Montserrat,MSR,1990,10700.0,2.739,2.739
North America,Montserrat,MSR,1991,10464.0,2.801,2.801
North America,Montserrat,MSR,1992,10013.0,2.927,2.927
North America,Montserrat,MSR,1993,9454.0,3.1,3.1
North America,Montserrat,MSR,1994,8867.0,3.719,3.719
North America,Montserrat,MSR,1995,8257.0,3.994,3.994
North America,Montserrat,MSR,1996,7626.0,4.805,4.805
North America,Montserrat,MSR,1997,6979.0,4.725,4.725
North America,Montserrat,MSR,1998,6321.0,4.637,4.637
North America,Montserrat,MSR,1999,5685.0,6.445,6.445
North America,Montserrat,MSR,2000,5053.0,5.076,5.076
North America,Montserrat,MSR,2001,4616.0,5.556,5.556
North America,Montserrat,MSR,2002,4500.0,9.771,9.771
North America,Montserrat,MSR,2003,4515.0,8.115,8.115
North America,Montserrat,MSR,2004,4541.0,10.489,10.489
North America,Montserrat,MSR,2005,4574.0,8.812,8.812
North America,Montserrat,MSR,2006,4606.0,8.75,8.75
North America,Montserrat,MSR,2007,4649.0,8.669,8.669
North America,Montserrat,MSR,2008,4700.0,9.355,9.355
North America,Montserrat,MSR,2009,4759.0,9.239,9.239
North America,Montserrat,MSR,2010,4819.0,12.165,12.165
North America,Montserrat,MSR,2011,4846.0,7.561,7.561
North America,Montserrat,MSR,2012,4822.0,8.358,8.358
North America,Montserrat,MSR,2013,4774.0,10.745,10.745
North America,Montserrat,MSR,2014,4738.0,9.28,9.28
North America,Montserrat,MSR,2015,4693.0,10.93,10.93
North America,Montserrat,MSR,2016,4665.0,6.283,6.283
North America,Montserrat,MSR,2017,4624.0,5.547,5.547
North America,Montserrat,MSR,2018,4595.0,6.379,6.379
North America,Montserrat,MSR,2019,4564.0,5.62,5.62
North America,Montserrat,MSR,2020,4532.0,4.851,4.851
North America,Montserrat,MSR,2021,4505.0,4.88,4.88
North America,Montserrat,MSR,2022,4476.0,5.73,5.73
North America,Montserrat,MSR,2023,4440.0,5.765,5.765
Africa,Morocco,MAR,1990,24375558.0,0.915,0.662
Africa,Morocco,MAR,1991,24799016.0,0.955,0.654
Africa,Morocco,MAR,1992,25212469.0,0.981,0.704
Africa,Morocco,MAR,1993,25614586.0,1.046,0.751
Africa,Morocco,MAR,1994,26000824.0,1.082,0.771
Africa,Morocco,MAR,1995,26399431.0,1.089,0.746
Africa,Morocco,MAR,1996,26808109.0,1.101,0.696
Africa,Morocco,MAR,1997,27213340.0,1.102,0.705
Africa,Morocco,MAR,1998,27621638.0,1.118,0.694
Africa,Morocco,MAR,1999,28027188.0,1.141,0.731
Africa,Morocco,MAR,2000,28423439.0,1.168,0.695
Africa,Morocco,MAR,2001,28814646.0,1.277,0.69
Africa,Morocco,MAR,2002,29198146.0,1.278,0.685
Africa,Morocco,MAR,2003,29571415.0,1.237,0.679
Africa,Morocco,MAR,2004,29953021.0,1.41,0.803
Africa,Morocco,MAR,2005,30358145.0,1.471,0.835
Africa,Morocco,MAR,2006,30771179.0,1.503,0.844
Africa,Morocco,MAR,2007,31186468.0,1.568,0.885
Africa,Morocco,MAR,2008,31606769.0,1.625,0.971
Africa,Morocco,MAR,2009,32030779.0,1.588,0.964
Africa,Morocco,MAR,2010,32467009.0,1.674,1.062
Africa,Morocco,MAR,2011,32912585.0,1.667,1.111
Africa,Morocco,MAR,2012,33355246.0,1.707,1.117
Africa,Morocco,MAR,2013,33787573.0,1.675,1.094
Africa,Morocco,MAR,2014,34204784.0,1.672,1.007
Africa,Morocco,MAR,2015,34607590.0,1.69,0.985
Africa,Morocco,MAR,2016,35023459.0,1.669,0.989
Africa,Morocco,MAR,2017,35446395.0,1.724,1.039
Africa,Morocco,MAR,2018,35839760.0,1.739,0.999
Africa,Morocco,MAR,2019,36210907.0,1.898,1.007
Africa,Morocco,MAR,2020,36584208.0,1.764,0.906
Africa,Morocco,MAR,2021,36954443.0,1.902,1.001
Africa,Morocco,MAR,2022,37329068.0,1.869,1.013
Africa,Morocco,MAR,2023,37712516.0,1.829,0.995
Africa,Mozambique,MOZ,1990,13094535.0,0.078,0.064
Africa,Mozambique,MOZ,1991,13352091.0,0.071,0.056
Africa,Mozambique,MOZ,1992,13613314.0,0.075,0.063
Africa,Mozambique,MOZ,1993,14051203.0,0.081,0.069
Africa,Mozambique,MOZ,1994,15033852.0,0.073,0.061
Africa,Mozambique,MOZ,1995,15960530.0,0.071,0.06
Africa,Mozambique,MOZ,1996,16492484.0,0.066,0.058
Africa,Mozambique,MOZ,1997,16949988.0,0.069,0.06
Africa,Mozambique,MOZ,1998,17340463.0,0.064,0.059
Africa,Mozambique,MOZ,1999,17734499.0,0.066,0.061
Africa,Mozambique,MOZ,2000,18129652.0,0.073,0.067
Africa,Mozambique,MOZ,2001,18537735.0,0.084,0.078
Africa,Mozambique,MOZ,2002,18958338.0,0.081,0.071
Africa,Mozambique,MOZ,2003,19392477.0,0.096,0.083
Africa,Mozambique,MOZ,2004,19840312.0,0.094,0.083
Africa,Mozambique,MOZ,2005,20304577.0,0.087,0.071
Africa,Mozambique,MOZ,2006,20787088.0,0.092,0.073
Africa,Mozambique,MOZ,2007,21287638.0,0.103,0.086
Africa,Mozambique,MOZ,2008,21819037.0,0.1,0.08
Africa,Mozambique,MOZ,2009,22391751.0,0.109,0.088
Africa,Mozambique,MOZ,2010,22999234.0,0.115,0.092
Africa,Mozambique,MOZ,2011,23649045.0,0.131,0.103
Africa,Mozambique,MOZ,2012,24337849.0,0.125,0.095
Africa,Mozambique,MOZ,2013,25051613.0,0.143,0.107
Africa,Mozambique,MOZ,2014,25788473.0,0.315,0.208
Africa,Mozambique,MOZ,2015,26547576.0,0.254,0.148
Africa,Mozambique,MOZ,2016,27337107.0,0.313,0.22
Africa,Mozambique,MOZ,2017,28166397.0,0.245,0.154
Africa,Mozambique,MOZ,2018,29018647.0,0.242,0.151
Africa,Mozambique,MOZ,2019,29884378.0,0.237,0.143
Africa,Mozambique,MOZ,2020,30783685.0,0.206,0.116
Africa,Mozambique,MOZ,2021,31707798.0,0.244,0.153
Africa,Mozambique,MOZ,2022,32656242.0,0.285,0.159
Africa,Mozambique,MOZ,2023,33635163.0,0.27,0.158
Asia,Myanmar,MMR,1990,39817253.0,0.106,0.051
Asia,Myanmar,MMR,1991,40394159.0,0.102,0.05
Asia,Myanmar,MMR,1992,40950342.0,0.118,0.071
Asia,Myanmar,MMR,1993,41502423.0,0.128,0.074
Asia,Myanmar,MMR,1994,42055150.0,0.147,0.082
Asia,Myanmar,MMR,1995,42605343.0,0.162,0.09
Asia,Myanmar,MMR,1996,43154858.0,0.167,0.091
Asia,Myanmar,MMR,1997,43708802.0,0.17,0.089
Asia,Myanmar,MMR,1998,44257793.0,0.182,0.106
Asia,Myanmar,MMR,1999,44787727.0,0.199,0.121
Asia,Myanmar,MMR,2000,45290850.0,0.226,0.13
Asia,Myanmar,MMR,2001,45771140.0,0.193,0.106
Asia,Myanmar,MMR,2002,46232656.0,0.202,0.12
Asia,Myanmar,MMR,2003,46667191.0,0.214,0.13
Asia,Myanmar,MMR,2004,47068779.0,0.267,0.136
Asia,Myanmar,MMR,2005,47438362.0,0.243,0.111
Asia,Myanmar,MMR,2006,47785141.0,0.268,0.114
Asia,Myanmar,MMR,2007,48125047.0,0.267,0.116
Asia,Myanmar,MMR,2008,48390790.0,0.202,0.107
Asia,Myanmar,MMR,2009,48660458.0,0.21,0.079
Asia,Myanmar,MMR,2010,49024376.0,0.268,0.153
Asia,Myanmar,MMR,2011,49419825.0,0.306,0.155
Asia,Myanmar,MMR,2012,49837451.0,0.237,0.122
Asia,Myanmar,MMR,2013,50262658.0,0.253,0.135
Asia,Myanmar,MMR,2014,50681635.0,0.313,0.182
Asia,Myanmar,MMR,2015,51089060.0,0.428,0.188
Asia,Myanmar,MMR,2016,51495701.0,0.411,0.212
Asia,Myanmar,MMR,2017,51894939.0,0.455,0.221
Asia,Myanmar,MMR,2018,52272250.0,0.651,0.4
Asia,Myanmar,MMR,2019,52640718.0,0.639,0.375
Asia,Myanmar,MMR,2020,53016525.0,0.652,0.363
Asia,Myanmar,MMR,2021,53387103.0,0.549,0.277
Asia,Myanmar,MMR,2022,53756791.0,0.589,0.308
Asia,Myanmar,MMR,2023,54133800.0,0.587,0.305
Africa,Namibia,NAM,1991,1415689.0,0.738,0.709
Africa,Namibia,NAM,1992,1461324.0,0.78,0.757
Africa,Namibia,NAM,1993,1508698.0,0.911,0.753
Africa,Namibia,NAM,1994,1556315.0,1.001,0.831
Africa,Namibia,NAM,1995,1602181.0,1.011,0.983
Africa,Namibia,NAM,1996,1646107.0,1.044,1.022
Africa,Namibia,NAM,1997,1689274.0,1.074,1.056
Africa,Namibia,NAM,1998,1732747.0,1.076,1.059
Africa,Namibia,NAM,1999,1776371.0,0.98,0.971
Africa,Namibia,NAM,2000,1818650.0,0.945,0.925
Africa,Namibia,NAM,2001,1857059.0,1.202,1.146
Africa,Namibia,NAM,2002,1889976.0,1.043,1.002
Africa,Namibia,NAM,2003,1917469.0,1.091,1.038
Africa,Namibia,NAM,2004,1942087.0,1.153,1.092
Africa,Namibia,NAM,2005,1966581.0,1.287,1.241
Africa,Namibia,NAM,2006,1991890.0,1.267,1.159
Africa,Namibia,NAM,2007,2018607.0,1.153,1.105
Africa,Namibia,NAM,2008,2047059.0,1.396,1.262
Africa,Namibia,NAM,2009,2077400.0,1.28,1.191
Africa,Namibia,NAM,2010,2109815.0,1.322,1.231
Africa,Namibia,NAM,2011,2146331.0,1.298,1.167
Africa,Namibia,NAM,2012,2194656.0,1.455,1.282
Africa,Namibia,NAM,2013,2252505.0,1.334,1.155
Africa,Namibia,NAM,2014,2312143.0,1.34,1.182
Africa,Namibia,NAM,2015,2374305.0,1.429,1.255
Africa,Namibia,NAM,2016,2439219.0,1.469,1.307
Africa,Namibia,NAM,2017,2506854.0,1.432,1.209
Africa,Namibia,NAM,2018,2577327.0,1.41,1.184
Africa,Namibia,NAM,2019,2650499.0,1.407,1.161
Africa,Namibia,NAM,2020,2728760.0,1.261,1.035
Africa,Namibia,NAM,2021,2810552.0,1.284,1.06
Africa,Namibia,NAM,2022,2889668.0,1.181,1.009
Africa,Namibia,NAM,2023,2963102.0,1.162,0.994
Oceania,Nauru,NRU,1990,9645.0,12.916,12.916
Oceania,Nauru,NRU,1991,9873.0,12.618,12.618
Oceania,Nauru,NRU,1992,10042.0,12.041,12.041
Oceania,Nauru,NRU,1993,10123.0,11.22,11.22
Oceania,Nauru,NRU,1994,10163.0,10.816,10.816
Oceania,Nauru,NRU,1995,10187.0,10.431,10.431
Oceania,Nauru,NRU,1996,10206.0,10.052,10.052
Oceania,Nauru,NRU,1997,10218.0,10.04,10.04
Oceania,Nauru,NRU,1998,10220.0,9.68,9.68
Oceania,Nauru,NRU,1999,10207.0,8.974,8.974
Oceania,Nauru,NRU,2000,10187.0,8.632,8.632
Oceania,Nauru,NRU,2001,10147.0,7.944,7.944
Oceania,Nauru,NRU,2002,10105.0,7.614,7.614
Oceania,Nauru,NRU,2003,10086.0,6.539,6.539
Oceania,Nauru,NRU,2004,10084.0,6.177,6.177
Oceania,Nauru,NRU,2005,10071.0,6.185,6.185
Oceania,Nauru,NRU,2006,10061.0,4.37,4.37
Oceania,Nauru,NRU,2007,10042.0,4.014,4.014
Oceania,Nauru,NRU,2008,10032.0,4.018,4.018
Oceania,Nauru,NRU,2009,10041.0,4.014,4.014
Oceania,Nauru,NRU,2010,10067.0,4.368,4.368
Oceania,Nauru,NRU,2011,10116.0,3.984,3.984
Oceania,Nauru,NRU,2012,10289.0,3.917,3.917
Oceania,Nauru,NRU,2013,10539.0,4.52,4.52
Oceania,Nauru,NRU,2014,10766.0,4.765,4.765
Oceania,Nauru,NRU,2015,10975.0,5.008,5.008
Oceania,Nauru,NRU,2016,11173.0,4.591,4.591
Oceania,Nauru,NRU,2017,11351.0,4.842,4.842
Oceania,Nauru,NRU,2018,11499.0,4.78,4.78
Oceania,Nauru,NRU,2019,11609.0,4.419,4.419
Oceania,Nauru,NRU,2020,11665.0,4.712,4.712
Oceania,Nauru,NRU,2021,11727.0,4.687,4.687
Oceania,Nauru,NRU,2022,11822.0,4.989,4.989
Oceania,Nauru,NRU,2023,11900.0,4.933,4.933
Asia,Nepal,NPL,1990,19524579.0,0.037,0.026
Asia,Nepal,NPL,1991,20036507.0,0.051,0.033
Asia,Nepal,NPL,1992,20609708.0,0.06,0.041
Asia,Nepal,NPL,1993,21180158.0,0.066,0.046
Asia,Nepal,NPL,1994,21717483.0,0.075,0.053
Asia,Nepal,NPL,1995,22245443.0,0.104,0.064
Asia,Nepal,NPL,1996,22741867.0,0.103,0.065
Asia,Nepal,NPL,1997,23219458.0,0.114,0.075
Asia,Nepal,NPL,1998,23680358.0,0.094,0.076
Asia,Nepal,NPL,1999,24125201.0,0.132,0.081
Asia,Nepal,NPL,2000,24546509.0,0.124,0.079
Asia,Nepal,NPL,2001,24946755.0,0.13,0.08
Asia,Nepal,NPL,2002,25328989.0,0.103,0.077
Asia,Nepal,NPL,2003,25688762.0,0.109,0.079
Asia,Nepal,NPL,2004,26016652.0,0.099,0.072
Asia,Nepal,NPL,2005,26309462.0,0.114,0.073
Asia,Nepal,NPL,2006,26565430.0,0.092,0.066
Asia,Nepal,NPL,2007,26788498.0,0.096,0.064
Asia,Nepal,NPL,2008,26990036.0,0.124,0.092
Asia,Nepal,NPL,2009,27173035.0,0.152,0.109
Asia,Nepal,NPL,2010,27341955.0,0.177,0.117
Asia,Nepal,NPL,2011,27464499.0,0.19,0.12
Asia,Nepal,NPL,2012,27534916.0,0.199,0.131
Asia,Nepal,NPL,2013,27589997.0,0.225,0.146
Asia,Nepal,NPL,2014,27672373.0,0.274,0.165
Asia,Nepal,NPL,2015,27823631.0,0.248,0.115
Asia,Nepal,NPL,2016,27955471.0,0.361,0.187
Asia,Nepal,NPL,2017,28011258.0,0.443,0.227
Asia,Nepal,NPL,2018,28079688.0,0.5,0.246
Asia,Nepal,NPL,2019,28414066.0,0.449,0.179
Asia,Nepal,NPL,2020,28966580.0,0.54,0.248
Asia,Nepal,NPL,2021,29475016.0,0.525,0.255
Asia,Nepal,NPL,2022,29715435.0,0.593,0.274
Asia,Nepal,NPL,2023,29694614.0,0.618,0.273
Europe,Netherlands,NLD,1990,15030886.0,10.847,3.289
Europe,Netherlands,NLD,1991,15155093.0,11.314,3.353
Europe,Netherlands,NLD,1992,15276787.0,11.212,3.399
Europe,Netherlands,NLD,1993,15389718.0,11.123,3.375
Europe,Netherlands,NLD,1994,15485453.0,11.104,3.387
Europe,Netherlands,NLD,1995,15565034.0,11.146,3.416
Europe,Netherlands,NLD,1996,15640032.0,11.671,3.486
Europe,Netherlands,NLD,1997,15723621.0,11.159,3.45
Europe,Netherlands,NLD,1998,15827109.0,11.145,3.513
Europe,Netherlands,NLD,1999,15940183.0,10.731,3.524
Europe,Netherlands,NLD,2000,16058757.0,10.72,3.492
Europe,Netherlands,NLD,2001,16182705.0,10.966,3.506
Europe,Netherlands,NLD,2002,16288060.0,10.851,3.394
Europe,Netherlands,NLD,2003,16366914.0,11.008,3.461
Europe,Netherlands,NLD,2004,16425562.0,11.086,3.46
Europe,Netherlands,NLD,2005,16465707.0,10.818,3.45
Europe,Netherlands,NLD,2006,16493851.0,10.506,3.359
Europe,Netherlands,NLD,2007,16531360.0,10.467,3.312
Europe,Netherlands,NLD,2008,16597259.0,10.598,3.321
Europe,Netherlands,NLD,2009,16684148.0,10.215,3.118
Europe,Netherlands,NLD,2010,16771232.0,10.88,3.14
Europe,Netherlands,NLD,2011,16851061.0,10.05,3.117
Europe,Netherlands,NLD,2012,16915191.0,9.799,2.982
Europe,Netherlands,NLD,2013,16967066.0,9.72,2.855
Europe,Netherlands,NLD,2014,17030085.0,9.249,2.778
Europe,Netherlands,NLD,2015,17107429.0,9.584,2.765
Europe,Netherlands,NLD,2016,17204693.0,9.579,2.776
Europe,Netherlands,NLD,2017,17315376.0,9.373,2.751
Europe,Netherlands,NLD,2018,17421285.0,9.085,2.743
Europe,Netherlands,NLD,2019,17537505.0,8.709,2.728
Europe,Netherlands,NLD,2020,17636732.0,7.766,2.405
Europe,Netherlands,NLD,2021,17730565.0,7.89,2.414
Europe,Netherlands,NLD,2022,17904421.0,7.121,2.445
Europe,Netherlands,NLD,2023,18092526.0,6.468,2.436
Oceania,New Caledonia,NCL,1990,176468.0,8.933,6.312
Oceania,New Caledonia,NCL,1991,181251.0,9.703,6.934
Oceania,New Caledonia,NCL,1992,186084.0,8.466,6.537
Oceania,New Caledonia,NCL,1993,190858.0,9.598,7.213
Oceania,New Caledonia,NCL,1994,195626.0,10.095,7.173
Oceania,New Caledonia,NCL,1995,200392.0,10.313,7.643
Oceania,New Caledonia,NCL,1996,205048.0,10.651,7.201
Oceania,New Caledonia,NCL,1997,209568.0,8.672,7.046
Oceania,New Caledonia,NCL,1998,214062.0,8.456,6.966
Oceania,New Caledonia,NCL,1999,218532.0,9.406,8.065
Oceania,New Caledonia,NCL,2000,223110.0,9.968,6.865
Oceania,New Caledonia,NCL,2001,227714.0,8.241,5.165
Oceania,New Caledonia,NCL,2002,232239.0,10.301,7.084
Oceania,New Caledonia,NCL,2003,236684.0,11.516,7.957
Oceania,New Caledonia,NCL,2004,240865.0,10.441,7.267
Oceania,New Caledonia,NCL,2005,244391.0,11.482,8.564
Oceania,New Caledonia,NCL,2006,247557.0,10.948,7.83
Oceania,New Caledonia,NCL,2007,250730.0,11.673,8.987
Oceania,New Caledonia,NCL,2008,253831.0,11.22,8.488
Oceania,New Caledonia,NCL,2009,257261.0,11.8,8.259
Oceania,New Caledonia,NCL,2010,261580.0,13.983,8.743
Oceania,New Caledonia,NCL,2011,266550.0,13.86,8.545
Oceania,New Caledonia,NCL,2012,271640.0,13.641,8.467
Oceania,New Caledonia,NCL,2013,276832.0,14.341,9.185
Oceania,New Caledonia,NCL,2014,281233.0,17.811,10.772
Oceania,New Caledonia,NCL,2015,283179.0,17.222,9.865
Oceania,New Caledonia,NCL,2016,283432.0,19.341,9.897
Oceania,New Caledonia,NCL,2017,283554.0,19.692,9.061
Oceania,New Caledonia,NCL,2018,283551.0,20.853,9.956
Oceania,New Caledonia,NCL,2019,283616.0,20.002,9.176
Oceania,New Caledonia,NCL,2020,284187.0,17.978,8.329
Oceania,New Caledonia,NCL,2021,285227.0,15.906,7.775
Oceania,New Caledonia,NCL,2022,287130.0,17.816,8.104
Oceania,New Caledonia,NCL,2023,289879.0,17.483,8.367
Oceania,New Zealand,NZL,1990,3396981.0,7.504,3.6
Oceania,New Zealand,NZL,1991,3480933.0,7.518,3.481
Oceania,New Zealand,NZL,1992,3532246.0,7.971,3.717
Oceania,New Zealand,NZL,1993,3573609.0,7.764,3.637
Oceania,New Zealand,NZL,1994,3621030.0,7.701,3.849
Oceania,New Zealand,NZL,1995,3674434.0,7.617,3.97
Oceania,New Zealand,NZL,1996,3729383.0,7.853,3.956
Oceania,New Zealand,NZL,1997,3776950.0,8.277,3.988
Oceania,New Zealand,NZL,1998,3811376.0,7.828,4.024
Oceania,New Zealand,NZL,1999,3835561.0,8.198,4.075
Oceania,New Zealand,NZL,2000,3857576.0,8.353,4.226
Oceania,New Zealand,NZL,2001,3891763.0,8.828,4.221
Oceania,New Zealand,NZL,2002,3951116.0,8.737,4.344
Oceania,New Zealand,NZL,2003,4022585.0,9.004,4.463
Oceania,New Zealand,NZL,2004,4083912.0,8.768,4.487
Oceania,New Zealand,NZL,2005,4135002.0,9.045,4.478
Oceania,New Zealand,NZL,2006,4181943.0,8.92,4.459
Oceania,New Zealand,NZL,2007,4223270.0,8.615,4.465
Oceania,New Zealand,NZL,2008,4261819.0,8.796,4.394
Oceania,New Zealand,NZL,2009,4304304.0,8.037,4.182
Oceania,New Zealand,NZL,2010,4347766.0,8.001,4.159
Oceania,New Zealand,NZL,2011,4382699.0,7.813,4.171
Oceania,New Zealand,NZL,2012,4411682.0,8.142,4.086
Oceania,New Zealand,NZL,2013,4453857.0,7.908,4.136
Oceania,New Zealand,NZL,2014,4522976.0,7.827,4.14
Oceania,New Zealand,NZL,2015,4614035.0,7.76,4.172
Oceania,New Zealand,NZL,2016,4714768.0,7.24,4.107
Oceania,New Zealand,NZL,2017,4812749.0,7.41,4.203
Oceania,New Zealand,NZL,2018,4900840.0,7.282,4.165
Oceania,New Zealand,NZL,2019,4989410.0,7.358,4.164
Oceania,New Zealand,NZL,2020,5069895.0,6.728,3.747
Oceania,New Zealand,NZL,2021,5107694.0,6.773,3.863
Oceania,New Zealand,NZL,2022,5131731.0,6.229,3.753
Oceania,New Zealand,NZL,2023,5172837.0,6.101,3.743
North America,Nicaragua,NIC,1990,4162566.0,0.491,0.468
North America,Nicaragua,NIC,1991,4259636.0,0.466,0.442
North America,Nicaragua,NIC,1992,4357031.0,0.544,0.517
North America,Nicaragua,NIC,1993,4453733.0,0.512,0.488
North America,Nicaragua,NIC,1994,4549317.0,0.553,0.524
North America,Nicaragua,NIC,1995,4642933.0,0.592,0.563
North America,Nicaragua,NIC,1996,4729979.0,0.601,0.569
North America,Nicaragua,NIC,1997,4809574.0,0.646,0.614
North America,Nicaragua,NIC,1998,4883659.0,0.693,0.662
North America,Nicaragua,NIC,1999,4954021.0,0.725,0.696
North America,Nicaragua,NIC,2000,5022636.0,0.739,0.696
North America,Nicaragua,NIC,2001,5087827.0,0.768,0.728
North America,Nicaragua,NIC,2002,5149914.0,0.772,0.73
North America,Nicaragua,NIC,2003,5210970.0,0.827,0.761
North America,Nicaragua,NIC,2004,5272909.0,0.827,0.789
North America,Nicaragua,NIC,2005,5342108.0,0.796,0.759
North America,Nicaragua,NIC,2006,5418857.0,0.813,0.776
North America,Nicaragua,NIC,2007,5497247.0,0.826,0.789
North America,Nicaragua,NIC,2008,5576597.0,0.781,0.745
North America,Nicaragua,NIC,2009,5656602.0,0.784,0.749
North America,Nicaragua,NIC,2010,5737451.0,0.776,0.738
North America,Nicaragua,NIC,2011,5819051.0,0.823,0.779
North America,Nicaragua,NIC,2012,5901290.0,0.768,0.73
North America,Nicaragua,NIC,2013,5983852.0,0.766,0.727
North America,Nicaragua,NIC,2014,6066493.0,0.778,0.737
North America,Nicaragua,NIC,2015,6149417.0,0.879,0.837
North America,Nicaragua,NIC,2016,6232664.0,0.863,0.818
North America,Nicaragua,NIC,2017,6316235.0,0.861,0.817
North America,Nicaragua,NIC,2018,6400074.0,0.809,0.771
North America,Nicaragua,NIC,2019,6483660.0,0.803,0.771
North America,Nicaragua,NIC,2020,6565267.0,0.707,0.679
North America,Nicaragua,NIC,2021,6644745.0,0.772,0.745
North America,Nicaragua,NIC,2022,6730662.0,0.762,0.734
North America,Nicaragua,NIC,2023,6823619.0,0.796,0.768
Africa,Niger,NER,1990,8286066.0,0.072,0.045
Africa,Niger,NER,1991,8546900.0,0.066,0.039
Africa,Niger,NER,1992,8817633.0,0.059,0.036
Africa,Niger,NER,1993,9100789.0,0.066,0.04
Africa,Niger,NER,1994,9398266.0,0.061,0.036
Africa,Niger,NER,1995,9714537.0,0.057,0.031
Africa,Niger,NER,1996,10044848.0,0.064,0.037
Africa,Niger,NER,1997,10383977.0,0.062,0.039
Africa,Niger,NER,1998,10741416.0,0.065,0.039
Africa,Niger,NER,1999,11117414.0,0.061,0.038
Africa,Niger,NER,2000,11509634.0,0.059,0.039
Africa,Niger,NER,2001,11920648.0,0.054,0.033
Africa,Niger,NER,2002,12349150.0,0.055,0.033
Africa,Niger,NER,2003,12796979.0,0.058,0.036
Africa,Niger,NER,2004,13265843.0,0.06,0.033
Africa,Niger,NER,2005,13756192.0,0.05,0.031
Africa,Niger,NER,2006,14268583.0,0.047,0.028
Africa,Niger,NER,2007,14803604.0,0.048,0.031
Africa,Niger,NER,2008,15361921.0,0.052,0.033
Africa,Niger,NER,2009,15943673.0,0.06,0.042
Africa,Niger,NER,2010,16548833.0,0.07,0.05
Africa,Niger,NER,2011,17176286.0,0.076,0.054
Africa,Niger,NER,2012,17836770.0,0.104,0.076
Africa,Niger,NER,2013,18519899.0,0.112,0.083
Africa,Niger,NER,2014,19215917.0,0.117,0.087
Africa,Niger,NER,2015,19939496.0,0.11,0.088
Africa,Niger,NER,2016,20685758.0,0.104,0.081
Africa,Niger,NER,2017,21435449.0,0.105,0.085
Africa,Niger,NER,2018,22188074.0,0.081,0.062
Africa,Niger,NER,2019,22947765.0,0.11,0.088
Africa,Niger,NER,2020,23717615.0,0.128,0.106
Africa,Niger,NER,2021,24502145.0,0.106,0.089
Africa,Niger,NER,2022,25311978.0,0.126,0.106
Africa,Niger,NER,2023,26159863.0,0.12,0.098
Africa,Nigeria,NGA,1990,97120926.0,0.399,0.307
Africa,Nigeria,NGA,1991,99720161.0,0.42,0.313
Africa,Nigeria,NGA,1992,102372779.0,0.451,0.343
Africa,Nigeria,NGA,1993,105122075.0,0.425,0.314
Africa,Nigeria,NGA,1994,107935717.0,0.745,0.218
Africa,Nigeria,NGA,1995,110819430.0,0.76,0.201
Africa,Nigeria,NGA,1996,113754783.0,0.859,0.224
Africa,Nigeria,NGA,1997,116754790.0,0.819,0.251
Africa,Nigeria,NGA,1998,119846261.0,0.72,0.214
Africa,Nigeria,NGA,1999,123047324.0,0.689,0.219
Africa,Nigeria,NGA,2000,126382490.0,0.766,0.25
Africa,Nigeria,NGA,2001,129862594.0,0.772,0.286
Africa,Nigeria,NGA,2002,133471995.0,0.674,0.282
Africa,Nigeria,NGA,2003,137202646.0,0.729,0.249
Africa,Nigeria,NGA,2004,141057045.0,0.673,0.219
Africa,Nigeria,NGA,2005,145017256.0,0.701,0.274
Africa,Nigeria,NGA,2006,149077335.0,0.604,0.215
Africa,Nigeria,NGA,2007,153267254.0,0.536,0.178
Africa,Nigeria,NGA,2008,157595014.0,0.549,0.213
Africa,Nigeria,NGA,2009,162049466.0,0.475,0.168
Africa,Nigeria,NGA,2010,166642888.0,0.672,0.352
Africa,Nigeria,NGA,2011,171379602.0,0.736,0.405
Africa,Nigeria,NGA,2012,176200627.0,0.625,0.317
Africa,Nigeria,NGA,2013,181049440.0,0.648,0.344
Africa,Nigeria,NGA,2014,185896917.0,0.667,0.358
Africa,Nigeria,NGA,2015,190671883.0,0.58,0.284
Africa,Nigeria,NGA,2016,195443698.0,0.596,0.31
Africa,Nigeria,NGA,2017,200254580.0,0.562,0.292
Africa,Nigeria,NGA,2018,204938752.0,0.521,0.236
Africa,Nigeria,NGA,2019,209485637.0,0.61,0.325
Africa,Nigeria,NGA,2020,213996185.0,0.584,0.301
Africa,Nigeria,NGA,2021,218529286.0,0.676,0.379
Africa,Nigeria,NGA,2022,223150906.0,0.589,0.311
Africa,Nigeria,NGA,2023,227882949.0,0.568,0.291
Oceania,Niue,NIU,1990,2506.0,2.924,2.924
Oceania,Niue,NIU,1991,2476.0,2.96,2.96
Oceania,Niue,NIU,1992,2443.0,3.0,3.0
Oceania,Niue,NIU,1993,2403.0,3.05,3.05
Oceania,Niue,NIU,1994,2362.0,3.102,3.102
Oceania,Niue,NIU,1995,2326.0,1.575,1.575
Oceania,Niue,NIU,1996,2290.0,1.6,1.6
Oceania,Niue,NIU,1997,2242.0,1.634,1.634
Oceania,Niue,NIU,1998,2187.0,3.351,3.351
Oceania,Niue,NIU,1999,2138.0,3.428,3.428
Oceania,Niue,NIU,2000,2068.0,3.544,3.544
Oceania,Niue,NIU,2001,2007.0,3.651,3.651
Oceania,Niue,NIU,2002,1965.0,3.729,3.729
Oceania,Niue,NIU,2003,1928.0,1.9,1.9
Oceania,Niue,NIU,2004,1891.0,1.938,1.938
Oceania,Niue,NIU,2005,1849.0,1.982,1.982
Oceania,Niue,NIU,2006,1818.0,2.015,2.015
Oceania,Niue,NIU,2007,1810.0,2.024,2.024
Oceania,Niue,NIU,2008,1805.0,4.06,4.06
Oceania,Niue,NIU,2009,1801.0,2.034,2.034
Oceania,Niue,NIU,2010,1786.0,2.052,2.052
Oceania,Niue,NIU,2011,1776.0,2.063,2.063
Oceania,Niue,NIU,2012,1784.0,2.054,2.054
Oceania,Niue,NIU,2013,1786.0,4.103,4.103
Oceania,Niue,NIU,2014,1792.0,4.089,4.089
Oceania,Niue,NIU,2015,1803.0,4.064,4.064
Oceania,Niue,NIU,2016,1806.0,4.058,4.058
Oceania,Niue,NIU,2017,1803.0,4.064,4.064
Oceania,Niue,NIU,2018,1805.0,4.06,4.06
Oceania,Niue,NIU,2019,1814.0,4.04,4.04
Oceania,Niue,NIU,2020,1822.0,4.022,4.022
Oceania,Niue,NIU,2021,1836.0,3.991,3.991
Oceania,Niue,NIU,2022,1844.0,3.974,3.974
Oceania,Niue,NIU,2023,1841.0,3.961,3.961
Asia,North Korea,PRK,1990,21112134.0,5.607,0.384
Asia,North Korea,PRK,1991,21428637.0,5.265,0.288
Asia,North Korea,PRK,1992,21750912.0,4.505,0.231
Asia,North Korea,PRK,1993,22073354.0,4.059,0.204
Asia,North Korea,PRK,1994,22393967.0,3.643,0.136
Asia,North Korea,PRK,1995,22669307.0,3.356,0.178
Asia,North Korea,PRK,1996,22895753.0,2.895,0.19
Asia,North Korea,PRK,1997,23110836.0,2.755,0.131
Asia,North Korea,PRK,1998,23311570.0,2.52,0.171
Asia,North Korea,PRK,1999,23497594.0,2.73,0.111
Asia,North Korea,PRK,2000,23665909.0,2.923,0.133
Asia,North Korea,PRK,2001,23815364.0,3.009,0.146
Asia,North Korea,PRK,2002,23943975.0,2.867,0.146
Asia,North Korea,PRK,2003,24090382.0,2.912,0.141
Asia,North Korea,PRK,2004,24254946.0,2.957,0.141
Asia,North Korea,PRK,2005,24396434.0,3.075,0.118
Asia,North Korea,PRK,2006,24524508.0,3.106,0.089
Asia,North Korea,PRK,2007,24646384.0,2.576,0.106
Asia,North Korea,PRK,2008,24764620.0,2.84,0.108
Asia,North Korea,PRK,2009,24878338.0,2.72,0.104
Asia,North Korea,PRK,2010,24987257.0,2.616,0.103
Asia,North Korea,PRK,2011,25097877.0,1.907,0.105
Asia,North Korea,PRK,2012,25211737.0,1.854,0.1
Asia,North Korea,PRK,2013,25329456.0,1.427,0.108
Asia,North Korea,PRK,2014,25451263.0,1.565,0.103
Asia,North Korea,PRK,2015,25575355.0,1.223,0.117
Asia,North Korea,PRK,2016,25698325.0,1.332,0.124
Asia,North Korea,PRK,2017,25817710.0,2.7,0.114
Asia,North Korea,PRK,2018,25931153.0,2.414,0.112
Asia,North Korea,PRK,2019,26037633.0,2.67,0.122
Asia,North Korea,PRK,2020,26136312.0,2.509,0.117
Asia,North Korea,PRK,2021,26232530.0,2.057,0.094
Asia,North Korea,PRK,2022,26328843.0,2.138,0.099
Asia,North Korea,PRK,2023,26418196.0,2.348,0.098
Europe,North Macedonia,MKD,1990,2063690.0,5.378,2.545
Europe,North Macedonia,MKD,1991,2056002.0,3.788,2.12
Europe,North Macedonia,MKD,1992,2032516.0,4.13,1.552
Europe,North Macedonia,MKD,1993,2006853.0,3.787,1.168
Europe,North Macedonia,MKD,1994,1992669.0,3.966,1.221
Europe,North Macedonia,MKD,1995,1998531.0,3.966,1.142
Europe,North Macedonia,MKD,1996,2012553.0,4.679,1.775
Europe,North Macedonia,MKD,1997,2025764.0,4.169,1.47
Europe,North Macedonia,MKD,1998,2037575.0,4.735,1.342
Europe,North Macedonia,MKD,1999,2048088.0,4.288,1.311
Europe,North Macedonia,MKD,2000,2057254.0,4.116,1.369
Europe,North Macedonia,MKD,2001,2066300.0,4.013,1.112
Europe,North Macedonia,MKD,2002,2074482.0,3.778,1.235
Europe,North Macedonia,MKD,2003,2081417.0,4.1,1.215
Europe,North Macedonia,MKD,2004,2086581.0,3.944,1.245
Europe,North Macedonia,MKD,2005,2089809.0,4.113,1.283
Europe,North Macedonia,MKD,2006,2089232.0,4.141,1.371
Europe,North Macedonia,MKD,2007,2081972.0,4.329,1.488
Europe,North Macedonia,MKD,2008,2070837.0,4.315,1.341
Europe,North Macedonia,MKD,2009,2060601.0,4.002,1.37
Europe,North Macedonia,MKD,2010,2051510.0,3.988,1.335
Europe,North Macedonia,MKD,2011,2040445.0,4.324,1.349
Europe,North Macedonia,MKD,2012,2027288.0,4.171,1.319
Europe,North Macedonia,MKD,2013,2013280.0,3.702,1.291
Europe,North Macedonia,MKD,2014,1997842.0,3.587,1.298
Europe,North Macedonia,MKD,2015,1980366.0,3.393,1.382
Europe,North Macedonia,MKD,2016,1961268.0,3.368,1.433
Europe,North Macedonia,MKD,2017,1940877.0,3.653,1.449
Europe,North Macedonia,MKD,2018,1919730.0,3.466,1.443
Europe,North Macedonia,MKD,2019,1897643.0,4.018,1.59
Europe,North Macedonia,MKD,2020,1872021.0,3.729,1.538
Europe,North Macedonia,MKD,2021,1851109.0,3.521,1.704
Europe,North Macedonia,MKD,2022,1840236.0,3.995,1.891
Europe,North Macedonia,MKD,2023,1831800.0,4.006,1.889
Europe,Norway,NOR,1990,4241440.0,8.254,4.774
Europe,Norway,NOR,1991,4261618.0,7.853,4.564
Europe,Norway,NOR,1992,4286255.0,8.026,4.608
Europe,Norway,NOR,1993,4311864.0,8.337,4.669
Europe,Norway,NOR,1994,4336467.0,8.731,4.814
Europe,Norway,NOR,1995,4358991.0,8.825,4.889
Europe,Norway,NOR,1996,4381137.0,9.482,5.338
Europe,Norway,NOR,1997,4404988.0,9.454,5.231
Europe,Norway,NOR,1998,4431308.0,9.441,5.36
Europe,Norway,NOR,1999,4461789.0,9.55,5.442
Europe,Norway,NOR,2000,4490864.0,9.381,4.976
Europe,Norway,NOR,2001,4513650.0,9.642,5.169
Europe,Norway,NOR,2002,4538016.0,9.381,5.139
Europe,Norway,NOR,2003,4564666.0,9.622,5.342
Europe,Norway,NOR,2004,4591739.0,9.638,5.237
Europe,Norway,NOR,2005,4623120.0,9.361,5.113
Europe,Norway,NOR,2006,4660487.0,9.411,5.309
Europe,Norway,NOR,2007,4709017.0,9.685,5.179
Europe,Norway,NOR,2008,4768097.0,9.373,4.954
Europe,Norway,NOR,2009,4828625.0,8.926,4.793
Europe,Norway,NOR,2010,4889160.0,9.339,5.018
Europe,Norway,NOR,2011,4952969.0,9.04,4.908
Europe,Norway,NOR,2012,5018453.0,8.819,4.838
Europe,Norway,NOR,2013,5080126.0,8.767,4.83
Europe,Norway,NOR,2014,5137397.0,8.754,4.689
Europe,Norway,NOR,2015,5189777.0,8.772,4.604
Europe,Norway,NOR,2016,5235974.0,8.539,4.465
Europe,Norway,NOR,2017,5276807.0,8.376,4.306
Europe,Norway,NOR,2018,5311751.0,8.372,4.395
Europe,Norway,NOR,2019,5347733.0,8.016,4.13
Europe,Norway,NOR,2020,5379275.0,7.673,3.965
Europe,Norway,NOR,2021,5408082.0,7.592,4.081
Europe,Norway,NOR,2022,5456796.0,7.483,4.062
Europe,Norway,NOR,2023,5519167.0,7.043,3.845
Asia,Oman,OMN,1990,1763957.0,6.398,2.966
Asia,Oman,OMN,1991,1851476.0,6.297,2.968
Asia,Oman,OMN,1992,1938240.0,6.168,2.086
Asia,Oman,OMN,1993,2021677.0,6.574,2.021
Asia,Oman,OMN,1994,2081839.0,8.39,2.534
Asia,Oman,OMN,1995,2120531.0,8.873,3.621
Asia,Oman,OMN,1996,2156925.0,8.437,3.372
Asia,Oman,OMN,1997,2190726.0,8.282,2.519
Asia,Oman,OMN,1998,2222492.0,8.343,2.413
Asia,Oman,OMN,1999,2252910.0,9.799,3.435
Asia,Oman,OMN,2000,2282139.0,10.51,3.577
Asia,Oman,OMN,2001,2310223.0,9.744,2.273
Asia,Oman,OMN,2002,2337144.0,11.544,2.664
Asia,Oman,OMN,2003,2363801.0,14.622,4.704
Asia,Oman,OMN,2004,2404822.0,12.162,3.12
Asia,Oman,OMN,2005,2459808.0,12.942,2.793
Asia,Oman,OMN,2006,2514794.0,16.085,5.579
Asia,Oman,OMN,2007,2570175.0,17.629,7.061
Asia,Oman,OMN,2008,2626536.0,18.06,5.054
Asia,Oman,OMN,2009,2684665.0,16.577,3.922
Asia,Oman,OMN,2010,2757450.0,18.651,4.391
Asia,Oman,OMN,2011,3076762.0,18.625,4.047
Asia,Oman,OMN,2012,3547104.0,17.791,4.224
Asia,Oman,OMN,2013,3833915.0,17.107,3.435
Asia,Oman,OMN,2014,4002444.0,16.537,3.567
Asia,Oman,OMN,2015,4184898.0,16.221,3.035
Asia,Oman,OMN,2016,4390880.0,15.086,2.492
Asia,Oman,OMN,2017,4537397.0,14.622,2.607
Asia,Oman,OMN,2018,4597878.0,15.372,2.74
Asia,Oman,OMN,2019,4591248.0,15.69,2.684
Asia,Oman,OMN,2020,4522502.0,15.886,2.226
Asia,Oman,OMN,2021,4500429.0,16.674,2.477
Asia,Oman,OMN,2022,4730229.0,16.488,2.69
Asia,Oman,OMN,2023,5049267.0,15.806,2.528
Asia,Pakistan,PAK,1990,116155584.0,0.584,0.285
Asia,Pakistan,PAK,1991,120060409.0,0.562,0.269
Asia,Pakistan,PAK,1992,123546855.0,0.583,0.283
Asia,Pakistan,PAK,1993,127020117.0,0.608,0.302
Asia,Pakistan,PAK,1994,130748076.0,0.643,0.329
Asia,Pakistan,PAK,1995,134582255.0,0.621,0.325
Asia,Pakistan,PAK,1996,138557089.0,0.675,0.362
Asia,Pakistan,PAK,1997,142531801.0,0.658,0.346
Asia,Pakistan,PAK,1998,146522354.0,0.66,0.359
Asia,Pakistan,PAK,1999,150565381.0,0.66,0.348
Asia,Pakistan,PAK,2000,154879124.0,0.671,0.358
Asia,Pakistan,PAK,2001,159270910.0,0.662,0.346
Asia,Pakistan,PAK,2002,163222552.0,0.677,0.329
Asia,Pakistan,PAK,2003,167110250.0,0.677,0.265
Asia,Pakistan,PAK,2004,171285999.0,0.728,0.27
Asia,Pakistan,PAK,2005,175453212.0,0.741,0.276
Asia,Pakistan,PAK,2006,179682690.0,0.768,0.302
Asia,Pakistan,PAK,2007,184493231.0,0.804,0.314
Asia,Pakistan,PAK,2008,189499112.0,0.78,0.311
Asia,Pakistan,PAK,2009,194376535.0,0.763,0.3
Asia,Pakistan,PAK,2010,199239048.0,0.74,0.312
Asia,Pakistan,PAK,2011,203746069.0,0.734,0.297
Asia,Pakistan,PAK,2012,207667129.0,0.725,0.306
Asia,Pakistan,PAK,2013,211073979.0,0.702,0.289
Asia,Pakistan,PAK,2014,214264649.0,0.704,0.282
Asia,Pakistan,PAK,2015,217290884.0,0.667,0.25
Asia,Pakistan,PAK,2016,220138863.0,0.803,0.338
Asia,Pakistan,PAK,2017,223273974.0,0.949,0.374
Asia,Pakistan,PAK,2018,226928893.0,0.897,0.294
Asia,Pakistan,PAK,2019,230800908.0,0.827,0.268
Asia,Pakistan,PAK,2020,235001745.0,0.917,0.341
Asia,Pakistan,PAK,2021,239477805.0,1.017,0.393
Asia,Pakistan,PAK,2022,243700667.0,0.87,0.301
Asia,Pakistan,PAK,2023,247504505.0,0.755,0.235
Oceania,Palau,PLW,1990,15282.0,15.345,15.345
Oceania,Palau,PLW,1991,15635.0,14.998,14.998
Oceania,Palau,PLW,1992,16017.0,12.124,12.124
Oceania,Palau,PLW,1993,16397.0,11.843,11.843
Oceania,Palau,PLW,1994,16796.0,11.78,11.78
Oceania,Palau,PLW,1995,17217.0,11.279,11.279
Oceania,Palau,PLW,1996,17683.0,11.189,11.189
Oceania,Palau,PLW,1997,18126.0,10.916,10.916
Oceania,Palau,PLW,1998,18548.0,10.865,10.865
Oceania,Palau,PLW,1999,18926.0,10.648,10.648
Oceania,Palau,PLW,2000,19206.0,10.874,10.874
Oceania,Palau,PLW,2001,19379.0,10.966,10.966
Oceania,Palau,PLW,2002,19527.0,10.883,10.883
Oceania,Palau,PLW,2003,19683.0,10.797,10.797
Oceania,Palau,PLW,2004,19841.0,10.711,10.711
Oceania,Palau,PLW,2005,19837.0,11.267,11.267
Oceania,Palau,PLW,2006,19616.0,11.581,11.581
Oceania,Palau,PLW,2007,19324.0,13.083,13.083
Oceania,Palau,PLW,2008,19031.0,10.782,10.782
Oceania,Palau,PLW,2009,18736.0,10.365,10.365
Oceania,Palau,PLW,2010,18420.0,11.338,11.338
Oceania,Palau,PLW,2011,18099.0,11.742,11.742
Oceania,Palau,PLW,2012,17791.0,12.563,12.563
Oceania,Palau,PLW,2013,17670.0,12.856,12.856
Oceania,Palau,PLW,2014,17740.0,12.392,12.392
Oceania,Palau,PLW,2015,17791.0,11.327,11.327
Oceania,Palau,PLW,2016,17824.0,11.717,11.717
Oceania,Palau,PLW,2017,17838.0,12.119,12.119
Oceania,Palau,PLW,2018,17843.0,11.91,11.91
Oceania,Palau,PLW,2019,17821.0,12.13,12.13
Oceania,Palau,PLW,2020,17817.0,11.722,11.722
Oceania,Palau,PLW,2021,17809.0,11.933,11.933
Oceania,Palau,PLW,2022,17784.0,12.215,12.215
Oceania,Palau,PLW,2023,17751.0,12.18,12.18
Asia,Palestine,PSE,1990,2139065.0,0.403,0.403
Asia,Palestine,PSE,1991,2228955.0,0.396,0.396
Asia,Palestine,PSE,1992,2324698.0,0.392,0.392
Asia,Palestine,PSE,1993,2425066.0,0.385,0.385
Asia,Palestine,PSE,1994,2529164.0,0.381,0.381
Asia,Palestine,PSE,1995,2636554.0,0.359,0.359
Asia,Palestine,PSE,1996,2746830.0,0.377,0.377
Asia,Palestine,PSE,1997,2859581.0,0.302,0.302
Asia,Palestine,PSE,1998,2962895.0,0.492,0.492
Asia,Palestine,PSE,1999,3056256.0,0.447,0.447
Asia,Palestine,PSE,2000,3151800.0,0.527,0.527
Asia,Palestine,PSE,2001,3242286.0,0.415,0.415
Asia,Palestine,PSE,2002,3322369.0,0.347,0.347
Asia,Palestine,PSE,2003,3398071.0,0.375,0.375
Asia,Palestine,PSE,2004,3475178.0,0.63,0.63
Asia,Palestine,PSE,2005,3557406.0,0.769,0.769
Asia,Palestine,PSE,2006,3645096.0,0.622,0.622
Asia,Palestine,PSE,2007,3736694.0,0.623,0.623
Asia,Palestine,PSE,2008,3829039.0,0.536,0.536
Asia,Palestine,PSE,2009,3921245.0,0.533,0.533
Asia,Palestine,PSE,2010,4016918.0,0.506,0.506
Asia,Palestine,PSE,2011,4115912.0,0.546,0.546
Asia,Palestine,PSE,2012,4215318.0,0.521,0.521
Asia,Palestine,PSE,2013,4315263.0,0.565,0.565
Asia,Palestine,PSE,2014,4415887.0,0.642,0.642
Asia,Palestine,PSE,2015,4521564.0,0.664,0.664
Asia,Palestine,PSE,2016,4632743.0,0.698,0.698
Asia,Palestine,PSE,2017,4742747.0,0.688,0.688
Asia,Palestine,PSE,2018,4850593.0,0.61,0.61
Asia,Palestine,PSE,2019,4957773.0,0.658,0.658
Asia,Palestine,PSE,2020,5069692.0,0.656,0.656
Asia,Palestine,PSE,2021,5185341.0,0.701,0.701
Asia,Palestine,PSE,2022,5305274.0,0.886,0.886
Asia,Palestine,PSE,2023,5409201.0,0.879,0.879
North America,Panama,PAN,1990,2455588.0,1.066,0.982
North America,Panama,PAN,1991,2508273.0,1.231,1.135
North America,Panama,PAN,1992,2561342.0,1.6,1.513
North America,Panama,PAN,1993,2615099.0,1.434,1.3
North America,Panama,PAN,1994,2669545.0,1.549,1.412
North America,Panama,PAN,1995,2724555.0,1.324,1.209
North America,Panama,PAN,1996,2780228.0,1.581,1.405
North America,Panama,PAN,1997,2836702.0,1.612,1.474
North America,Panama,PAN,1998,2893918.0,2.016,1.874
North America,Panama,PAN,1999,2951820.0,1.881,1.741
North America,Panama,PAN,2000,3010376.0,1.872,1.716
North America,Panama,PAN,2001,3069545.0,2.251,2.097
North America,Panama,PAN,2002,3129343.0,1.825,1.72
North America,Panama,PAN,2003,3189813.0,1.859,1.793
North America,Panama,PAN,2004,3251158.0,1.693,1.624
North America,Panama,PAN,2005,3313024.0,2.035,1.974
North America,Panama,PAN,2006,3375024.0,2.158,2.103
North America,Panama,PAN,2007,3437490.0,2.075,2.016
North America,Panama,PAN,2008,3500646.0,1.945,1.886
North America,Panama,PAN,2009,3564383.0,2.259,2.187
North America,Panama,PAN,2010,3628537.0,2.497,2.338
North America,Panama,PAN,2011,3693509.0,2.68,2.338
North America,Panama,PAN,2012,3759261.0,2.538,2.132
North America,Panama,PAN,2013,3825333.0,2.686,2.271
North America,Panama,PAN,2014,3892100.0,2.746,2.332
North America,Panama,PAN,2015,3960034.0,2.69,2.294
North America,Panama,PAN,2016,4029085.0,2.565,2.201
North America,Panama,PAN,2017,4098704.0,2.334,2.097
North America,Panama,PAN,2018,4167860.0,2.188,1.784
North America,Panama,PAN,2019,4234698.0,2.94,1.921
North America,Panama,PAN,2020,4293258.0,1.527,0.73
North America,Panama,PAN,2021,4345410.0,2.335,1.481
North America,Panama,PAN,2022,4400775.0,2.66,1.947
North America,Panama,PAN,2023,4458758.0,2.916,2.037
Oceania,Papua New Guinea,PNG,1990,3896482.0,0.553,0.513
Oceania,Papua New Guinea,PNG,1991,4021840.0,0.54,0.502
Oceania,Papua New Guinea,PNG,1992,4166702.0,0.526,0.489
Oceania,Papua New Guinea,PNG,1993,4320880.0,0.508,0.471
Oceania,Papua New Guinea,PNG,1994,4480210.0,0.488,0.449
Oceania,Papua New Guinea,PNG,1995,4644282.0,0.442,0.4
Oceania,Papua New Guinea,PNG,1996,4813363.0,0.457,0.4
Oceania,Papua New Guinea,PNG,1997,4987887.0,0.523,0.469
Oceania,Papua New Guinea,PNG,1998,5166390.0,0.684,0.503
Oceania,Papua New Guinea,PNG,1999,5349333.0,0.476,0.412
Oceania,Papua New Guinea,PNG,2000,5537068.0,0.531,0.437
Oceania,Papua New Guinea,PNG,2001,5728444.0,0.582,0.508
Oceania,Papua New Guinea,PNG,2002,5924010.0,0.619,0.539
Oceania,Papua New Guinea,PNG,2003,6124005.0,0.662,0.598
Oceania,Papua New Guinea,PNG,2004,6328042.0,0.741,0.668
Oceania,Papua New Guinea,PNG,2005,6535905.0,0.763,0.626
Oceania,Papua New Guinea,PNG,2006,6747724.0,0.749,0.597
Oceania,Papua New Guinea,PNG,2007,6963353.0,0.945,0.841
Oceania,Papua New Guinea,PNG,2008,7183002.0,0.772,0.627
Oceania,Papua New Guinea,PNG,2009,7406442.0,0.711,0.647
Oceania,Papua New Guinea,PNG,2010,7633524.0,0.618,0.573
Oceania,Papua New Guinea,PNG,2011,7859349.0,0.674,0.626
Oceania,Papua New Guinea,PNG,2012,8081396.0,0.541,0.497
Oceania,Papua New Guinea,PNG,2013,8302700.0,0.546,0.503
Oceania,Papua New Guinea,PNG,2014,8523440.0,0.719,0.579
Oceania,Papua New Guinea,PNG,2015,8743247.0,0.722,0.598
Oceania,Papua New Guinea,PNG,2016,8961717.0,0.784,0.643
Oceania,Papua New Guinea,PNG,2017,9178717.0,0.714,0.581
Oceania,Papua New Guinea,PNG,2018,9394518.0,0.809,0.708
Oceania,Papua New Guinea,PNG,2019,9609014.0,0.789,0.678
Oceania,Papua New Guinea,PNG,2020,9815743.0,0.806,0.595
Oceania,Papua New Guinea,PNG,2021,10012898.0,0.786,0.583
Oceania,Papua New Guinea,PNG,2022,10203177.0,0.827,0.632
Oceania,Papua New Guinea,PNG,2023,10389638.0,0.804,0.618
South America,Paraguay,PRY,1990,4035752.0,0.528,0.494
South America,Paraguay,PRY,1991,4144370.0,0.506,0.475
South America,Paraguay,PRY,1992,4253608.0,0.604,0.555
South America,Paraguay,PRY,1993,4362706.0,0.666,0.62
South America,Paraguay,PRY,1994,4471423.0,0.759,0.702
South America,Paraguay,PRY,1995,4579803.0,0.857,0.796
South America,Paraguay,PRY,1996,4687540.0,0.791,0.735
South America,Paraguay,PRY,1997,4794415.0,0.853,0.804
South America,Paraguay,PRY,1998,4900028.0,0.893,0.844
South America,Paraguay,PRY,1999,5003139.0,0.872,0.826
South America,Paraguay,PRY,2000,5100875.0,0.704,0.659
South America,Paraguay,PRY,2001,5187690.0,0.711,0.674
South America,Paraguay,PRY,2002,5261334.0,0.732,0.698
South America,Paraguay,PRY,2003,5326437.0,0.756,0.715
South America,Paraguay,PRY,2004,5388181.0,0.753,0.715
South America,Paraguay,PRY,2005,5448100.0,0.692,0.652
South America,Paraguay,PRY,2006,5505145.0,0.709,0.669
South America,Paraguay,PRY,2007,5559385.0,0.727,0.691
South America,Paraguay,PRY,2008,5613577.0,0.761,0.721
South America,Paraguay,PRY,2009,5671243.0,0.798,0.751
South America,Paraguay,PRY,2010,5737973.0,0.873,0.831
South America,Paraguay,PRY,2011,5814632.0,0.893,0.858
South America,Paraguay,PRY,2012,5897011.0,0.875,0.826
South America,Paraguay,PRY,2013,5982447.0,0.864,0.828
South America,Paraguay,PRY,2014,6069819.0,0.898,0.857
South America,Paraguay,PRY,2015,6159106.0,0.982,0.924
South America,Paraguay,PRY,2016,6249129.0,1.15,1.088
South America,Paraguay,PRY,2017,6338658.0,1.253,1.21
South America,Paraguay,PRY,2018,6427382.0,1.323,1.259
South America,Paraguay,PRY,2019,6515059.0,1.269,1.202
South America,Paraguay,PRY,2020,6603741.0,1.127,1.076
South America,Paraguay,PRY,2021,6684184.0,1.225,1.173
South America,Paraguay,PRY,2022,6760460.0,1.114,1.063
South America,Paraguay,PRY,2023,6844150.0,1.117,1.067
South America,Peru,PER,1990,22014772.0,0.972,0.824
South America,Peru,PER,1991,22483784.0,0.923,0.767
South America,Peru,PER,1992,22946345.0,0.915,0.771
South America,Peru,PER,1993,23413783.0,1.02,0.846
South America,Peru,PER,1994,23881497.0,1.012,0.823
South America,Peru,PER,1995,24348922.0,1.033,0.845
South America,Peru,PER,1996,24811174.0,0.996,0.811
South America,Peru,PER,1997,25274149.0,1.098,0.92
South America,Peru,PER,1998,25738101.0,1.09,0.896
South America,Peru,PER,1999,26186499.0,1.129,0.937
South America,Peru,PER,2000,26598328.0,1.078,0.871
South America,Peru,PER,2001,26964610.0,0.937,0.749
South America,Peru,PER,2002,27288211.0,0.938,0.71
South America,Peru,PER,2003,27580485.0,0.903,0.669
South America,Peru,PER,2004,27852190.0,1.023,0.743
South America,Peru,PER,2005,28101175.0,1.079,0.746
South America,Peru,PER,2006,28324488.0,0.999,0.661
South America,Peru,PER,2007,28530704.0,1.212,0.789
South America,Peru,PER,2008,28719038.0,1.239,0.746
South America,Peru,PER,2009,28896819.0,1.364,0.819
South America,Peru,PER,2010,29086021.0,1.461,0.797
South America,Peru,PER,2011,29304083.0,1.444,0.816
South America,Peru,PER,2012,29550367.0,1.54,0.87
South America,Peru,PER,2013,29817908.0,1.433,0.781
South America,Peru,PER,2014,30115825.0,1.64,0.825
South America,Peru,PER,2015,30457598.0,1.615,0.821
South America,Peru,PER,2016,30866497.0,1.707,0.903
South America,Peru,PER,2017,31324639.0,1.747,1.057
South America,Peru,PER,2018,31897590.0,1.756,1.063
South America,Peru,PER,2019,32449302.0,1.808,1.093
South America,Peru,PER,2020,32838577.0,1.438,0.89
South America,Peru,PER,2021,33155883.0,1.808,1.042
South America,Peru,PER,2022,33475436.0,1.935,1.082
South America,Peru,PER,2023,33845616.0,1.952,1.101
Asia,Philippines,PHL,1990,62854668.0,0.649,0.556
Asia,Philippines,PHL,1991,64382249.0,0.666,0.564
Asia,Philippines,PHL,1992,65926130.0,0.725,0.624
Asia,Philippines,PHL,1993,67530621.0,0.716,0.611
Asia,Philippines,PHL,1994,69019297.0,0.775,0.663
Asia,Philippines,PHL,1995,70546245.0,0.839,0.719
Asia,Philippines,PHL,1996,72190237.0,0.837,0.693
Asia,Philippines,PHL,1997,73908813.0,0.936,0.771
Asia,Philippines,PHL,1998,75791031.0,0.889,0.737
Asia,Philippines,PHL,1999,77753256.0,0.865,0.655
Asia,Philippines,PHL,2000,79625401.0,0.898,0.64
Asia,Philippines,PHL,2001,81401488.0,0.857,0.615
Asia,Philippines,PHL,2002,83068889.0,0.837,0.566
Asia,Philippines,PHL,2003,84731836.0,0.82,0.531
Asia,Philippines,PHL,2004,86394510.0,0.833,0.538
Asia,Philippines,PHL,2005,88015959.0,0.822,0.477
Asia,Philippines,PHL,2006,89508992.0,0.733,0.432
Asia,Philippines,PHL,2007,91075180.0,0.769,0.402
Asia,Philippines,PHL,2008,92699091.0,0.826,0.423
Asia,Philippines,PHL,2009,94384256.0,0.801,0.41
Asia,Philippines,PHL,2010,96337127.0,0.854,0.432
Asia,Philippines,PHL,2011,98248614.0,0.845,0.397
Asia,Philippines,PHL,2012,100175511.0,0.873,0.414
Asia,Philippines,PHL,2013,102076334.0,0.929,0.405
Asia,Philippines,PHL,2014,103767127.0,0.964,0.416
Asia,Philippines,PHL,2015,105312988.0,1.054,0.473
Asia,Philippines,PHL,2016,106735721.0,1.126,0.502
Asia,Philippines,PHL,2017,108119691.0,1.235,0.516
Asia,Philippines,PHL,2018,109465284.0,1.278,0.524
Asia,Philippines,PHL,2019,110804685.0,1.287,0.5
Asia,Philippines,PHL,2020,112081270.0,1.173,0.413
Asia,Philippines,PHL,2021,113100947.0,1.24,0.437
Asia,Philippines,PHL,2022,113964343.0,1.325,0.521
Asia,Philippines,PHL,2023,114891199.0,1.401,0.53
Europe,Poland,POL,1990,38055448.0,9.889,1.049
Europe,Poland,POL,1991,38152947.0,9.786,1.057
Europe,Poland,POL,1992,38233636.0,9.528,1.074
Europe,Poland,POL,1993,38294882.0,9.53,1.115
Europe,Poland,POL,1994,38344312.0,9.388,1.185
Europe,Poland,POL,1995,38364668.0,9.448,1.21
Europe,Poland,POL,1996,38359164.0,9.831,1.32
Europe,Poland,POL,1997,38348307.0,9.575,1.399
Europe,Poland,POL,1998,38326431.0,8.845,1.37
Europe,Poland,POL,1999,38287717.0,8.598,1.428
Europe,Poland,POL,2000,38258077.0,8.294,1.37
Europe,Poland,POL,2001,38247359.0,8.191,1.364
Europe,Poland,POL,2002,38229407.0,8.0,1.345
Europe,Poland,POL,2003,38203527.0,8.343,1.433
Europe,Poland,POL,2004,38167568.0,8.479,1.52
Europe,Poland,POL,2005,38124377.0,8.461,1.563
Europe,Poland,POL,2006,38071169.0,8.836,1.631
Europe,Poland,POL,2007,38020420.0,8.83,1.71
Europe,Poland,POL,2008,37995902.0,8.67,1.742
Europe,Poland,POL,2009,38002153.0,8.312,1.762
Europe,Poland,POL,2010,38095356.0,8.768,1.837
Europe,Poland,POL,2011,38208644.0,8.726,1.822
Europe,Poland,POL,2012,38247867.0,8.518,1.734
Europe,Poland,POL,2013,38259267.0,8.41,1.612
Europe,Poland,POL,2014,38265113.0,8.086,1.604
Europe,Poland,POL,2015,38266314.0,8.168,1.693
Europe,Poland,POL,2016,38263260.0,8.449,1.905
Europe,Poland,POL,2017,38254964.0,8.796,2.155
Europe,Poland,POL,2018,38241070.0,8.779,2.236
Europe,Poland,POL,2019,38225884.0,8.304,2.283
Europe,Poland,POL,2020,38171005.0,7.914,2.207
Europe,Poland,POL,2021,38040303.0,8.693,2.358
Europe,Poland,POL,2022,38385734.0,8.203,2.37
Europe,Poland,POL,2023,38762847.0,7.307,2.34
Europe,Portugal,PRT,1990,9989526.0,4.536,2.96
Europe,Portugal,PRT,1991,9969181.0,4.702,3.075
Europe,Portugal,PRT,1992,9960345.0,5.116,3.487
Europe,Portugal,PRT,1993,9972341.0,4.961,3.263
Europe,Portugal,PRT,1994,9998487.0,5.025,3.245
Europe,Portugal,PRT,1995,10031756.0,5.433,3.448
Europe,Portugal,PRT,1996,10067655.0,5.145,3.269
Europe,Portugal,PRT,1997,10110548.0,5.407,3.466
Europe,Portugal,PRT,1998,10159524.0,5.828,3.908
Europe,Portugal,PRT,1999,10214877.0,6.547,3.964
Europe,Portugal,PRT,2000,10283196.0,6.37,3.88
Europe,Portugal,PRT,2001,10354329.0,6.296,3.985
Europe,Portugal,PRT,2002,10413045.0,6.682,4.16
Europe,Portugal,PRT,2003,10454246.0,6.168,3.756
Europe,Portugal,PRT,2004,10481386.0,6.421,3.792
Europe,Portugal,PRT,2005,10502993.0,6.63,3.949
Europe,Portugal,PRT,2006,10524123.0,6.163,3.548
Europe,Portugal,PRT,2007,10546822.0,5.915,3.373
Europe,Portugal,PRT,2008,10564086.0,5.681,3.244
Europe,Portugal,PRT,2009,10576265.0,5.403,3.043
Europe,Portugal,PRT,2010,10578659.0,5.0,2.963
Europe,Portugal,PRT,2011,10557050.0,4.905,2.696
Europe,Portugal,PRT,2012,10513155.0,4.749,2.435
Europe,Portugal,PRT,2013,10458287.0,4.604,2.388
Europe,Portugal,PRT,2014,10406203.0,4.607,2.401
Europe,Portugal,PRT,2015,10370264.0,5.037,2.471
Europe,Portugal,PRT,2016,10346377.0,4.863,2.474
Europe,Portugal,PRT,2017,10330838.0,5.34,2.51
Europe,Portugal,PRT,2018,10325355.0,4.972,2.47
Europe,Portugal,PRT,2019,10343218.0,4.6,2.531
Europe,Portugal,PRT,2020,10370519.0,4.025,2.235
Europe,Portugal,PRT,2021,10390957.0,3.878,2.289
Europe,Portugal,PRT,2022,10417074.0,3.909,2.388
Europe,Portugal,PRT,2023,10430735.0,3.607,2.422
Asia,Qatar,QAT,1990,440184.0,25.962,5.452
Asia,Qatar,QAT,1991,454860.0,38.285,6.122
Asia,Qatar,QAT,1992,469657.0,57.097,9.588
Asia,Qatar,QAT,1993,484553.0,63.4,9.392
Asia,Qatar,QAT,1994,499469.0,64.819,8.408
Asia,Qatar,QAT,1995,514334.0,64.491,10.096
Asia,Qatar,QAT,1996,529024.0,65.162,9.634
Asia,Qatar,QAT,1997,550511.0,76.715,15.295
Asia,Qatar,QAT,1998,580543.0,63.665,19.489
Asia,Qatar,QAT,1999,612510.0,59.305,13.017
Asia,Qatar,QAT,2000,644993.0,62.646,14.354
Asia,Qatar,QAT,2001,677934.0,67.727,22.95
Asia,Qatar,QAT,2002,711215.0,63.518,20.581
Asia,Qatar,QAT,2003,744690.0,62.618,18.027
Asia,Qatar,QAT,2004,773341.0,61.344,11.38
Asia,Qatar,QAT,2005,825419.0,57.767,13.148
Asia,Qatar,QAT,2006,972841.0,61.421,19.193
Asia,Qatar,QAT,2007,1208601.0,49.255,10.331
Asia,Qatar,QAT,2008,1426942.0,43.359,10.101
Asia,Qatar,QAT,2009,1586052.0,41.175,9.31
Asia,Qatar,QAT,2010,1709238.0,43.09,8.905
Asia,Qatar,QAT,2011,1810960.0,45.175,5.602
Asia,Qatar,QAT,2012,1907122.0,49.152,3.906
Asia,Qatar,QAT,2013,2032650.0,44.982,1.498
Asia,Qatar,QAT,2014,2218378.0,41.31,2.116
Asia,Qatar,QAT,2015,2427340.0,38.441,2.008
Asia,Qatar,QAT,2016,2599382.0,35.154,2.389
Asia,Qatar,QAT,2017,2706716.0,39.035,5.274
Asia,Qatar,QAT,2018,2761144.0,37.166,4.123
Asia,Qatar,QAT,2019,2797927.0,36.252,3.781
Asia,Qatar,QAT,2020,2803375.0,36.145,3.958
Asia,Qatar,QAT,2021,2814988.0,37.082,3.693
Asia,Qatar,QAT,2022,2892466.0,37.89,5.955
Asia,Qatar,QAT,2023,2979086.0,40.128,6.251
Europe,Romania,ROU,1990,22939530.0,7.696,1.913
Europe,Romania,ROU,1991,22947416.0,6.199,1.591
Europe,Romania,ROU,1992,22912389.0,5.761,1.572
Europe,Romania,ROU,1993,22842257.0,5.372,1.478
Europe,Romania,ROU,1994,22756247.0,5.311,1.437
Europe,Romania,ROU,1995,22657722.0,5.547,1.507
Europe,Romania,ROU,1996,22541915.0,5.728,1.701
Europe,Romania,ROU,1997,22411511.0,5.27,1.783
Europe,Romania,ROU,1998,22284901.0,4.702,1.537
Europe,Romania,ROU,1999,22166156.0,4.011,1.24
Europe,Romania,ROU,2000,22046264.0,4.228,1.278
Europe,Romania,ROU,2001,21919916.0,4.513,1.501
Europe,Romania,ROU,2002,21770020.0,4.551,1.414
Europe,Romania,ROU,2003,21593448.0,4.803,1.362
Europe,Romania,ROU,2004,21403215.0,4.823,1.416
Europe,Romania,ROU,2005,21213395.0,4.777,1.405
Europe,Romania,ROU,2006,21035732.0,4.958,1.348
Europe,Romania,ROU,2007,20870714.0,5.199,1.356
Europe,Romania,ROU,2008,20718745.0,5.164,1.334
Europe,Romania,ROU,2009,20576922.0,4.267,1.2
Europe,Romania,ROU,2010,20432575.0,4.135,1.138
Europe,Romania,ROU,2011,20282009.0,4.555,1.197
Europe,Romania,ROU,2012,20158451.0,4.457,1.266
Europe,Romania,ROU,2013,20062913.0,3.927,1.183
Europe,Romania,ROU,2014,19968179.0,3.973,1.246
Europe,Romania,ROU,2015,19871018.0,3.928,1.215
Europe,Romania,ROU,2016,19777049.0,3.873,1.31
Europe,Romania,ROU,2017,19689405.0,4.034,1.417
Europe,Romania,ROU,2018,19597874.0,4.076,1.452
Europe,Romania,ROU,2019,19501542.0,3.933,1.527
Europe,Romania,ROU,2020,19392467.0,3.813,1.499
Europe,Romania,ROU,2021,19248159.0,4.026,1.609
Europe,Romania,ROU,2022,19166776.0,3.818,1.692
Europe,Romania,ROU,2023,19118482.0,3.55,1.716
Europe,Russia,RUS,1990,148979537.0,17.024,5.973
Europe,Russia,RUS,1991,149448433.0,16.11,5.661
Europe,Russia,RUS,1992,148915993.0,13.185,3.938
Europe,Russia,RUS,1993,148135419.0,12.6,3.448
Europe,Russia,RUS,1994,148200734.0,11.112,2.748
Europe,Russia,RUS,1995,148291406.0,10.913,2.61
Europe,Russia,RUS,1996,148084580.0,10.714,2.443
Europe,Russia,RUS,1997,147853769.0,10.023,2.389
Europe,Russia,RUS,1998,147635543.0,9.929,2.344
Europe,Russia,RUS,1999,147241973.0,10.147,2.383
Europe,Russia,RUS,2000,146717784.0,10.091,2.169
Europe,Russia,RUS,2001,146117290.0,10.389,2.219
Europe,Russia,RUS,2002,145939502.0,10.335,2.162
Europe,Russia,RUS,2003,145794230.0,10.556,2.123
Europe,Russia,RUS,2004,145180091.0,10.644,2.134
Europe,Russia,RUS,2005,144597886.0,10.816,2.215
Europe,Russia,RUS,2006,144102948.0,11.266,2.327
Europe,Russia,RUS,2007,143859767.0,11.291,2.268
Europe,Russia,RUS,2008,143811837.0,11.492,2.39
Europe,Russia,RUS,2009,143869128.0,10.741,2.242
Europe,Russia,RUS,2010,143934468.0,11.346,2.315
Europe,Russia,RUS,2011,144043751.0,11.698,2.395
Europe,Russia,RUS,2012,144291025.0,11.782,2.442
Europe,Russia,RUS,2013,144604105.0,11.324,2.454
Europe,Russia,RUS,2014,144925639.0,11.298,2.648
Europe,Russia,RUS,2015,145307612.0,11.254,2.797
Europe,Russia,RUS,2016,145778668.0,11.177,2.747
Europe,Russia,RUS,2017,146186798.0,11.362,2.836
Europe,Russia,RUS,2018,146430146.0,11.677,2.681
Europe,Russia,RUS,2019,146533063.0,11.632,2.73
Europe,Russia,RUS,2020,146371295.0,11.149,2.61
Europe,Russia,RUS,2021,145836172.0,11.482,2.574
Europe,Russia,RUS,2022,145579889.0,11.509,2.689
Europe,Russia,RUS,2023,145440502.0,11.916,2.937
Africa,Rwanda,RWA,1990,7375313.0,0.071,0.068
Africa,Rwanda,RWA,1991,7526964.0,0.063,0.059
Africa,Rwanda,RWA,1992,7683266.0,0.062,0.059
Africa,Rwanda,RWA,1993,7981142.0,0.061,0.057
Africa,Rwanda,RWA,1994,6792358.0,0.068,0.067
Africa,Rwanda,RWA,1995,5674118.0,0.08,0.078
Africa,Rwanda,RWA,1996,6708767.0,0.069,0.066
Africa,Rwanda,RWA,1997,7755237.0,0.062,0.059
Africa,Rwanda,RWA,1998,8081688.0,0.06,0.057
Africa,Rwanda,RWA,1999,8147917.0,0.062,0.058
Africa,Rwanda,RWA,2000,8213936.0,0.063,0.059
Africa,Rwanda,RWA,2001,8287091.0,0.063,0.058
Africa,Rwanda,RWA,2002,8400185.0,0.061,0.056
Africa,Rwanda,RWA,2003,8586878.0,0.059,0.054
Africa,Rwanda,RWA,2004,8816849.0,0.058,0.054
Africa,Rwanda,RWA,2005,9054532.0,0.057,0.053
Africa,Rwanda,RWA,2006,9299251.0,0.055,0.051
Africa,Rwanda,RWA,2007,9549940.0,0.057,0.053
Africa,Rwanda,RWA,2008,9804268.0,0.054,0.05
Africa,Rwanda,RWA,2009,10060438.0,0.055,0.052
Africa,Rwanda,RWA,2010,10317560.0,0.056,0.053
Africa,Rwanda,RWA,2011,10573742.0,0.061,0.058
Africa,Rwanda,RWA,2012,10829904.0,0.066,0.063
Africa,Rwanda,RWA,2013,11093340.0,0.07,0.067
Africa,Rwanda,RWA,2014,11364758.0,0.073,0.069
Africa,Rwanda,RWA,2015,11640026.0,0.083,0.073
Africa,Rwanda,RWA,2016,11919183.0,0.088,0.071
Africa,Rwanda,RWA,2017,12202062.0,0.096,0.077
Africa,Rwanda,RWA,2018,12488000.0,0.105,0.083
Africa,Rwanda,RWA,2019,12776102.0,0.111,0.087
Africa,Rwanda,RWA,2020,13065838.0,0.107,0.085
Africa,Rwanda,RWA,2021,13355260.0,0.127,0.099
Africa,Rwanda,RWA,2022,13651025.0,0.143,0.1
Africa,Rwanda,RWA,2023,13954473.0,0.144,0.1
Africa,Saint Helena,SHN,1990,6639.0,1.104,1.104
Africa,Saint Helena,SHN,1991,6601.0,1.11,1.11
Africa,Saint Helena,SHN,1992,6545.0,1.12,1.12
Africa,Saint Helena,SHN,1993,6495.0,1.692,1.692
Africa,Saint Helena,SHN,1994,6433.0,1.709,1.709
Africa,Saint Helena,SHN,1995,6373.0,1.725,1.725
Africa,Saint Helena,SHN,1996,6309.0,1.742,1.742
Africa,Saint Helena,SHN,1997,6249.0,1.759,1.759
Africa,Saint Helena,SHN,1998,6184.0,1.777,1.777
Africa,Saint Helena,SHN,1999,6113.0,1.798,1.798
Africa,Saint Helena,SHN,2000,6045.0,1.818,1.818
Africa,Saint Helena,SHN,2001,5963.0,1.843,1.843
Africa,Saint Helena,SHN,2002,5879.0,1.87,1.87
Africa,Saint Helena,SHN,2003,5775.0,1.903,1.903
Africa,Saint Helena,SHN,2004,5678.0,1.291,1.291
Africa,Saint Helena,SHN,2005,5570.0,1.973,1.973
Africa,Saint Helena,SHN,2006,5457.0,2.014,2.014
Africa,Saint Helena,SHN,2007,5346.0,2.056,2.056
Africa,Saint Helena,SHN,2008,5295.0,2.076,2.076
Africa,Saint Helena,SHN,2009,5320.0,2.066,2.066
Africa,Saint Helena,SHN,2010,5352.0,2.054,2.054
Africa,Saint Helena,SHN,2011,5385.0,2.041,2.041
Africa,Saint Helena,SHN,2012,5428.0,2.025,2.025
Africa,Saint Helena,SHN,2013,5462.0,2.012,2.012
Africa,Saint Helena,SHN,2014,5493.0,2.001,2.001
Africa,Saint Helena,SHN,2015,5529.0,1.988,1.988
Africa,Saint Helena,SHN,2016,5544.0,2.644,2.644
Africa,Saint Helena,SHN,2017,5528.0,1.988,1.988
Africa,Saint Helena,SHN,2018,5507.0,1.996,1.996
Africa,Saint Helena,SHN,2019,5485.0,2.672,2.672
Africa,Saint Helena,SHN,2020,5451.0,2.017,2.017
Africa,Saint Helena,SHN,2021,5415.0,1.353,1.353
Africa,Saint Helena,SHN,2022,5369.0,2.047,2.047
Africa,Saint Helena,SHN,2023,5316.0,2.064,2.064
North America,Saint Kitts and Nevis,KNA,1990,40456.0,2.626,2.626
North America,Saint Kitts and Nevis,KNA,1991,40382.0,2.631,2.631
North America,Saint Kitts and Nevis,KNA,1992,40740.0,2.698,2.698
North America,Saint Kitts and Nevis,KNA,1993,41266.0,2.752,2.752
North America,Saint Kitts and Nevis,KNA,1994,41798.0,2.893,2.893
North America,Saint Kitts and Nevis,KNA,1995,42347.0,2.942,2.942
North America,Saint Kitts and Nevis,KNA,1996,42903.0,3.074,3.074
North America,Saint Kitts and Nevis,KNA,1997,43453.0,3.204,3.204
North America,Saint Kitts and Nevis,KNA,1998,44018.0,3.413,3.413
North America,Saint Kitts and Nevis,KNA,1999,44625.0,3.531,3.531
North America,Saint Kitts and Nevis,KNA,2000,45272.0,3.804,3.804
North America,Saint Kitts and Nevis,KNA,2001,45785.0,3.841,3.841
North America,Saint Kitts and Nevis,KNA,2002,46048.0,4.217,4.217
North America,Saint Kitts and Nevis,KNA,2003,46200.0,4.203,4.203
North America,Saint Kitts and Nevis,KNA,2004,46337.0,4.507,4.507
North America,Saint Kitts and Nevis,KNA,2005,46459.0,4.18,4.18
North America,Saint Kitts and Nevis,KNA,2006,46592.0,4.325,4.325
North America,Saint Kitts and Nevis,KNA,2007,46734.0,4.626,4.626
North America,Saint Kitts and Nevis,KNA,2008,46857.0,4.614,4.614
North America,Saint Kitts and Nevis,KNA,2009,46941.0,4.683,4.683
North America,Saint Kitts and Nevis,KNA,2010,46871.0,4.69,4.69
North America,Saint Kitts and Nevis,KNA,2011,46917.0,4.842,4.842
North America,Saint Kitts and Nevis,KNA,2012,47056.0,4.75,4.75
North America,Saint Kitts and Nevis,KNA,2013,47092.0,4.746,4.746
North America,Saint Kitts and Nevis,KNA,2014,47112.0,4.822,4.822
North America,Saint Kitts and Nevis,KNA,2015,47108.0,4.9,4.9
North America,Saint Kitts and Nevis,KNA,2016,47099.0,5.057,5.057
North America,Saint Kitts and Nevis,KNA,2017,47075.0,5.137,5.137
North America,Saint Kitts and Nevis,KNA,2018,47032.0,5.297,5.297
North America,Saint Kitts and Nevis,KNA,2019,46976.0,5.538,5.538
North America,Saint Kitts and Nevis,KNA,2020,46896.0,5.157,5.157
North America,Saint Kitts and Nevis,KNA,2021,46786.0,5.012,5.012
North America,Saint Kitts and Nevis,KNA,2022,46732.0,5.364,5.364
North America,Saint Kitts and Nevis,KNA,2023,46783.0,5.347,5.347
North America,Saint Lucia,LCA,1990,137874.0,1.302,1.302
North America,Saint Lucia,LCA,1991,139536.0,1.339,1.339
North America,Saint Lucia,LCA,1992,141629.0,1.5,1.5
North America,Saint Lucia,LCA,1993,143735.0,1.631,1.631
North America,Saint Lucia,LCA,1994,145901.0,1.783,1.783
North America,Saint Lucia,LCA,1995,148227.0,1.854,1.854
North America,Saint Lucia,LCA,1996,150453.0,1.948,1.948
North America,Saint Lucia,LCA,1997,152584.0,1.921,1.921
North America,Saint Lucia,LCA,1998,154688.0,2.084,2.084
North America,Saint Lucia,LCA,1999,156719.0,2.151,2.151
North America,Saint Lucia,LCA,2000,158624.0,2.148,2.148
North America,Saint Lucia,LCA,2001,160247.0,2.241,2.241
North America,Saint Lucia,LCA,2002,161655.0,2.199,2.199
North America,Saint Lucia,LCA,2003,162985.0,2.316,2.316
North America,Saint Lucia,LCA,2004,164250.0,2.432,2.432
North America,Saint Lucia,LCA,2005,165460.0,2.369,2.369
North America,Saint Lucia,LCA,2006,166657.0,2.484,2.484
North America,Saint Lucia,LCA,2007,167766.0,2.512,2.512
North America,Saint Lucia,LCA,2008,168816.0,2.518,2.518
North America,Saint Lucia,LCA,2009,169880.0,2.502,2.502
North America,Saint Lucia,LCA,2010,170921.0,2.83,2.83
North America,Saint Lucia,LCA,2011,171814.0,2.815,2.815
North America,Saint Lucia,LCA,2012,172595.0,2.823,2.823
North America,Saint Lucia,LCA,2013,173380.0,2.811,2.811
North America,Saint Lucia,LCA,2014,174145.0,2.798,2.798
North America,Saint Lucia,LCA,2015,174919.0,2.744,2.744
North America,Saint Lucia,LCA,2016,175651.0,2.691,2.691
North America,Saint Lucia,LCA,2017,176352.0,2.805,2.805
North America,Saint Lucia,LCA,2018,177032.0,2.877,2.877
North America,Saint Lucia,LCA,2019,177675.0,2.825,2.825
North America,Saint Lucia,LCA,2020,178261.0,2.734,2.734
North America,Saint Lucia,LCA,2021,178540.0,2.832,2.832
North America,Saint Lucia,LCA,2022,178794.0,2.898,2.898
North America,Saint Lucia,LCA,2023,179291.0,2.884,2.884
North America,Saint Pierre and Miquelon,SPM,1990,6377.0,14.364,14.364
North America,Saint Pierre and Miquelon,SPM,1991,6400.0,16.03,16.03
North America,Saint Pierre and Miquelon,SPM,1992,6428.0,14.82,14.82
North America,Saint Pierre and Miquelon,SPM,1993,6440.0,11.379,11.379
North America,Saint Pierre and Miquelon,SPM,1994,6455.0,10.785,10.785
North America,Saint Pierre and Miquelon,SPM,1995,6459.0,10.778,10.778
North America,Saint Pierre and Miquelon,SPM,1996,6451.0,10.792,10.792
North America,Saint Pierre and Miquelon,SPM,1997,6438.0,7.399,7.399
North America,Saint Pierre and Miquelon,SPM,1998,6392.0,8.598,8.598
North America,Saint Pierre and Miquelon,SPM,1999,6338.0,8.672,8.672
North America,Saint Pierre and Miquelon,SPM,2000,6317.0,8.7,8.7
North America,Saint Pierre and Miquelon,SPM,2001,6299.0,8.725,8.725
North America,Saint Pierre and Miquelon,SPM,2002,6273.0,9.345,9.345
North America,Saint Pierre and Miquelon,SPM,2003,6234.0,9.992,9.992
North America,Saint Pierre and Miquelon,SPM,2004,6191.0,9.469,9.469
North America,Saint Pierre and Miquelon,SPM,2005,6139.0,10.146,10.146
North America,Saint Pierre and Miquelon,SPM,2006,6094.0,10.221,10.221
North America,Saint Pierre and Miquelon,SPM,2007,6074.0,10.255,10.255
North America,Saint Pierre and Miquelon,SPM,2008,6063.0,10.273,10.273
North America,Saint Pierre and Miquelon,SPM,2009,6054.0,10.289,10.289
North America,Saint Pierre and Miquelon,SPM,2010,6047.0,10.301,10.301
North America,Saint Pierre and Miquelon,SPM,2011,6036.0,10.926,10.926
North America,Saint Pierre and Miquelon,SPM,2012,6019.0,10.957,10.957
North America,Saint Pierre and Miquelon,SPM,2013,5999.0,10.994,10.994
North America,Saint Pierre and Miquelon,SPM,2014,5984.0,11.021,11.021
North America,Saint Pierre and Miquelon,SPM,2015,5971.0,11.045,11.045
North America,Saint Pierre and Miquelon,SPM,2016,5957.0,11.071,11.071
North America,Saint Pierre and Miquelon,SPM,2017,5946.0,11.092,11.092
North America,Saint Pierre and Miquelon,SPM,2018,5932.0,9.883,9.883
North America,Saint Pierre and Miquelon,SPM,2019,5899.0,11.18,11.18
North America,Saint Pierre and Miquelon,SPM,2020,5852.0,10.644,10.644
North America,Saint Pierre and Miquelon,SPM,2021,5802.0,9.473,9.473
North America,Saint Pierre and Miquelon,SPM,2022,5760.0,9.268,9.268
North America,Saint Pierre and Miquelon,SPM,2023,5707.0,9.335,9.335
North America,Saint Vincent and the Grenadines,VCT,1990,111825.0,0.721,0.721
North America,Saint Vincent and the Grenadines,VCT,1991,112236.0,0.751,0.751
North America,Saint Vincent and the Grenadines,VCT,1992,112524.0,0.749,0.749
North America,Saint Vincent and the Grenadines,VCT,1993,112753.0,0.91,0.91
North America,Saint Vincent and the Grenadines,VCT,1994,112933.0,1.071,1.071
North America,Saint Vincent and the Grenadines,VCT,1995,113064.0,1.134,1.134
North America,Saint Vincent and the Grenadines,VCT,1996,113136.0,1.166,1.166
North America,Saint Vincent and the Grenadines,VCT,1997,113158.0,1.166,1.166
North America,Saint Vincent and the Grenadines,VCT,1998,113195.0,1.424,1.424
North America,Saint Vincent and the Grenadines,VCT,1999,113384.0,1.454,1.454
North America,Saint Vincent and the Grenadines,VCT,2000,113561.0,1.258,1.258
North America,Saint Vincent and the Grenadines,VCT,2001,113506.0,1.549,1.549
North America,Saint Vincent and the Grenadines,VCT,2002,113365.0,1.648,1.648
North America,Saint Vincent and the Grenadines,VCT,2003,113149.0,1.781,1.781
North America,Saint Vincent and the Grenadines,VCT,2004,112856.0,1.948,1.948
North America,Saint Vincent and the Grenadines,VCT,2005,112465.0,1.955,1.955
North America,Saint Vincent and the Grenadines,VCT,2006,112027.0,1.962,1.962
North America,Saint Vincent and the Grenadines,VCT,2007,111544.0,2.135,2.135
North America,Saint Vincent and the Grenadines,VCT,2008,111047.0,1.98,1.98
North America,Saint Vincent and the Grenadines,VCT,2009,110521.0,2.52,2.52
North America,Saint Vincent and the Grenadines,VCT,2010,109974.0,2.032,2.032
North America,Saint Vincent and the Grenadines,VCT,2011,109367.0,1.977,1.977
North America,Saint Vincent and the Grenadines,VCT,2012,108753.0,2.123,2.123
North America,Saint Vincent and the Grenadines,VCT,2013,108156.0,1.999,1.999
North America,Saint Vincent and the Grenadines,VCT,2014,107555.0,2.385,2.385
North America,Saint Vincent and the Grenadines,VCT,2015,106975.0,2.192,2.192
North America,Saint Vincent and the Grenadines,VCT,2016,106365.0,2.274,2.274
North America,Saint Vincent and the Grenadines,VCT,2017,105674.0,2.011,2.011
North America,Saint Vincent and the Grenadines,VCT,2018,104939.0,2.304,2.304
North America,Saint Vincent and the Grenadines,VCT,2019,104183.0,2.11,2.11
North America,Saint Vincent and the Grenadines,VCT,2020,103540.0,2.3,2.3
North America,Saint Vincent and the Grenadines,VCT,2021,102848.0,2.28,2.28
North America,Saint Vincent and the Grenadines,VCT,2022,102063.0,2.417,2.417
North America,Saint Vincent and the Grenadines,VCT,2023,101331.0,2.43,2.43
Oceania,Samoa,WSM,1990,169061.0,0.542,0.542
Oceania,Samoa,WSM,1991,169378.0,0.562,0.562
Oceania,Samoa,WSM,1992,170340.0,0.581,0.581
Oceania,Samoa,WSM,1993,171786.0,0.619,0.619
Oceania,Samoa,WSM,1994,173167.0,0.571,0.571
Oceania,Samoa,WSM,1995,174585.0,0.63,0.63
Oceania,Samoa,WSM,1996,176086.0,0.707,0.707
Oceania,Samoa,WSM,1997,177561.0,0.702,0.702
Oceania,Samoa,WSM,1998,178921.0,0.778,0.778
Oceania,Samoa,WSM,1999,180279.0,0.772,0.772
Oceania,Samoa,WSM,2000,181695.0,0.786,0.786
Oceania,Samoa,WSM,2001,183174.0,0.84,0.84
Oceania,Samoa,WSM,2002,184482.0,0.874,0.874
Oceania,Samoa,WSM,2003,185447.0,0.869,0.869
Oceania,Samoa,WSM,2004,186265.0,0.905,0.905
Oceania,Samoa,WSM,2005,186993.0,0.921,0.921
Oceania,Samoa,WSM,2006,187724.0,0.898,0.898
Oceania,Samoa,WSM,2007,188766.0,0.951,0.951
Oceania,Samoa,WSM,2008,190117.0,0.848,0.848
Oceania,Samoa,WSM,2009,191530.0,0.88,0.88
Oceania,Samoa,WSM,2010,193035.0,0.968,0.968
Oceania,Samoa,WSM,2011,194726.0,0.978,0.978
Oceania,Samoa,WSM,2012,196518.0,0.97,0.97
Oceania,Samoa,WSM,2013,198284.0,0.961,0.961
Oceania,Samoa,WSM,2014,200051.0,1.007,1.007
Oceania,Samoa,WSM,2015,201794.0,1.126,1.126
Oceania,Samoa,WSM,2016,203509.0,1.17,1.17
Oceania,Samoa,WSM,2017,205423.0,1.142,1.142
Oceania,Samoa,WSM,2018,207595.0,1.13,1.13
Oceania,Samoa,WSM,2019,209794.0,1.24,1.24
Oceania,Samoa,WSM,2020,211957.0,1.106,1.106
Oceania,Samoa,WSM,2021,213792.0,1.251,1.251
Oceania,Samoa,WSM,2022,215270.0,1.096,1.096
Oceania,Samoa,WSM,2023,216673.0,1.084,1.084
Africa,Sao Tome and Principe,STP,1990,122993.0,0.387,0.387
Africa,Sao Tome and Principe,STP,1991,125711.0,0.379,0.379
Africa,Sao Tome and Principe,STP,1992,128127.0,0.372,0.372
Africa,Sao Tome and Principe,STP,1993,130478.0,0.365,0.365
Africa,Sao Tome and Principe,STP,1994,132745.0,0.359,0.359
Africa,Sao Tome and Principe,STP,1995,134905.0,0.353,0.353
Africa,Sao Tome and Principe,STP,1996,136974.0,0.348,0.348
Africa,Sao Tome and Principe,STP,1997,138935.0,0.343,0.343
Africa,Sao Tome and Principe,STP,1998,140765.0,0.338,0.338
Africa,Sao Tome and Principe,STP,1999,142459.0,0.334,0.334
Africa,Sao Tome and Principe,STP,2000,144029.0,0.356,0.356
Africa,Sao Tome and Principe,STP,2001,146386.0,0.35,0.35
Africa,Sao Tome and Principe,STP,2002,149932.0,0.367,0.367
Africa,Sao Tome and Principe,STP,2003,153824.0,0.405,0.405
Africa,Sao Tome and Principe,STP,2004,157721.0,0.465,0.465
Africa,Sao Tome and Principe,STP,2005,161650.0,0.476,0.476
Africa,Sao Tome and Principe,STP,2006,165651.0,0.487,0.487
Africa,Sao Tome and Principe,STP,2007,169709.0,0.475,0.475
Africa,Sao Tome and Principe,STP,2008,173808.0,0.485,0.485
Africa,Sao Tome and Principe,STP,2009,177866.0,0.515,0.515
Africa,Sao Tome and Principe,STP,2010,181810.0,0.584,0.584
Africa,Sao Tome and Principe,STP,2011,185665.0,0.533,0.533
Africa,Sao Tome and Principe,STP,2012,189452.0,0.58,0.58
Africa,Sao Tome and Principe,STP,2013,193158.0,0.569,0.569
Africa,Sao Tome and Principe,STP,2014,196780.0,0.652,0.652
Africa,Sao Tome and Principe,STP,2015,200308.0,0.677,0.677
Africa,Sao Tome and Principe,STP,2016,203702.0,0.719,0.719
Africa,Sao Tome and Principe,STP,2017,206986.0,0.673,0.673
Africa,Sao Tome and Principe,STP,2018,210198.0,0.662,0.662
Africa,Sao Tome and Principe,STP,2019,213405.0,0.687,0.687
Africa,Sao Tome and Principe,STP,2020,217450.0,0.657,0.657
Africa,Sao Tome and Principe,STP,2021,221975.0,0.644,0.644
Africa,Sao Tome and Principe,STP,2022,226313.0,0.599,0.599
Africa,Sao Tome and Principe,STP,2023,230882.0,0.606,0.606
Asia,Saudi Arabia,SAU,1990,10640697.0,17.101,10.469
Asia,Saudi Arabia,SAU,1991,11160752.0,21.91,15.293
Asia,Saudi Arabia,SAU,1992,11686682.0,23.618,16.66
Asia,Saudi Arabia,SAU,1993,12215864.0,24.374,17.419
Asia,Saudi Arabia,SAU,1994,12750037.0,22.84,15.307
Asia,Saudi Arabia,SAU,1995,13289246.0,20.664,13.428
Asia,Saudi Arabia,SAU,1996,13831002.0,19.485,12.244
Asia,Saudi Arabia,SAU,1997,14374948.0,15.802,8.626
Asia,Saudi Arabia,SAU,1998,14922188.0,14.67,7.701
Asia,Saudi Arabia,SAU,1999,15472076.0,15.364,8.735
Asia,Saudi Arabia,SAU,2000,16177733.0,19.14,12.262
Asia,Saudi Arabia,SAU,2001,17041405.0,19.034,12.03
Asia,Saudi Arabia,SAU,2002,17910909.0,19.37,12.253
Asia,Saudi Arabia,SAU,2003,18786771.0,18.695,11.542
Asia,Saudi Arabia,SAU,2004,19669486.0,20.728,13.381
Asia,Saudi Arabia,SAU,2005,20559886.0,20.05,12.485
Asia,Saudi Arabia,SAU,2006,21459141.0,20.736,13.224
Asia,Saudi Arabia,SAU,2007,22368313.0,18.925,11.555
Asia,Saudi Arabia,SAU,2008,23287884.0,20.158,12.402
Asia,Saudi Arabia,SAU,2009,24217656.0,20.81,13.464
Asia,Saudi Arabia,SAU,2010,25157134.0,22.087,14.296
Asia,Saudi Arabia,SAU,2011,26105636.0,20.694,12.86
Asia,Saudi Arabia,SAU,2012,27062447.0,22.382,14.271
Asia,Saudi Arabia,SAU,2013,28026825.0,20.808,12.823
Asia,Saudi Arabia,SAU,2014,28998127.0,20.177,12.252
Asia,Saudi Arabia,SAU,2015,29974944.0,20.836,13.028
Asia,Saudi Arabia,SAU,2016,30717804.0,20.873,12.883
Asia,Saudi Arabia,SAU,2017,30782400.0,20.937,12.771
Asia,Saudi Arabia,SAU,2018,30365119.0,21.479,12.897
Asia,Saudi Arabia,SAU,2019,30472809.0,23.245,14.669
Asia,Saudi Arabia,SAU,2020,30991206.0,21.089,12.529
Asia,Saudi Arabia,SAU,2021,31328374.0,22.197,13.427
Asia,Saudi Arabia,SAU,2022,32175351.0,20.73,13.535
Asia,Saudi Arabia,SAU,2023,33264289.0,20.365,13.34
Africa,Senegal,SEN,1990,7720524.0,0.38,0.353
Africa,Senegal,SEN,1991,7943091.0,0.391,0.364
Africa,Senegal,SEN,1992,8168396.0,0.388,0.357
Africa,Senegal,SEN,1993,8396289.0,0.391,0.36
Africa,Senegal,SEN,1994,8624077.0,0.422,0.385
Africa,Senegal,SEN,1995,8848112.0,0.338,0.296
Africa,Senegal,SEN,1996,9067018.0,0.358,0.312
Africa,Senegal,SEN,1997,9283505.0,0.343,0.301
Africa,Senegal,SEN,1998,9502951.0,0.351,0.304
Africa,Senegal,SEN,1999,9730897.0,0.37,0.328
Africa,Senegal,SEN,2000,9968262.0,0.391,0.337
Africa,Senegal,SEN,2001,10212941.0,0.417,0.356
Africa,Senegal,SEN,2002,10466216.0,0.424,0.334
Africa,Senegal,SEN,2003,10721176.0,0.46,0.368
Africa,Senegal,SEN,2004,10975711.0,0.477,0.355
Africa,Senegal,SEN,2005,11235473.0,0.493,0.365
Africa,Senegal,SEN,2006,11500094.0,0.385,0.246
Africa,Senegal,SEN,2007,11770348.0,0.441,0.276
Africa,Senegal,SEN,2008,12048963.0,0.393,0.244
Africa,Senegal,SEN,2009,12337390.0,0.426,0.26
Africa,Senegal,SEN,2010,12635418.0,0.543,0.362
Africa,Senegal,SEN,2011,12958902.0,0.603,0.39
Africa,Senegal,SEN,2012,13310499.0,0.553,0.353
Africa,Senegal,SEN,2013,13710857.0,0.573,0.36
Africa,Senegal,SEN,2014,14152103.0,0.616,0.399
Africa,Senegal,SEN,2015,14593335.0,0.675,0.47
Africa,Senegal,SEN,2016,15034517.0,0.666,0.45
Africa,Senegal,SEN,2017,15475001.0,0.695,0.469
Africa,Senegal,SEN,2018,15914495.0,0.712,0.437
Africa,Senegal,SEN,2019,16352926.0,0.777,0.487
Africa,Senegal,SEN,2020,16789217.0,0.644,0.4
Africa,Senegal,SEN,2021,17220866.0,0.715,0.431
Africa,Senegal,SEN,2022,17651099.0,0.801,0.506
Africa,Senegal,SEN,2023,18077573.0,0.779,0.473
Europe,Serbia,SRB,1990,7874595.0,7.307,1.169
Europe,Serbia,SRB,1991,7867067.0,5.158,1.046
Europe,Serbia,SRB,1992,7859811.0,5.552,0.613
Europe,Serbia,SRB,1993,7849723.0,4.841,0.461
Europe,Serbia,SRB,1994,7837157.0,4.717,0.438
Europe,Serbia,SRB,1995,7823281.0,4.991,0.462
Europe,Serbia,SRB,1996,7807720.0,5.853,0.926
Europe,Serbia,SRB,1997,7789186.0,6.303,1.294
Europe,Serbia,SRB,1998,7765929.0,6.656,1.138
Europe,Serbia,SRB,1999,7734367.0,4.609,0.54
Europe,Serbia,SRB,2000,7694608.0,5.147,0.51
Europe,Serbia,SRB,2001,7651927.0,5.56,0.944
Europe,Serbia,SRB,2002,7616741.0,5.972,1.108
Europe,Serbia,SRB,2003,7590946.0,6.409,1.249
Europe,Serbia,SRB,2004,7565843.0,6.998,1.466
Europe,Serbia,SRB,2005,7539139.0,6.64,1.683
Europe,Serbia,SRB,2006,7511395.0,7.152,1.79
Europe,Serbia,SRB,2007,7482996.0,6.97,1.612
Europe,Serbia,SRB,2008,7454285.0,6.941,1.378
Europe,Serbia,SRB,2009,7425346.0,6.184,1.367
Europe,Serbia,SRB,2010,7395872.0,6.178,1.296
Europe,Serbia,SRB,2011,7364858.0,6.647,1.262
Europe,Serbia,SRB,2012,7324624.0,5.975,1.214
Europe,Serbia,SRB,2013,7276183.0,6.126,1.129
Europe,Serbia,SRB,2014,7227203.0,5.165,1.137
Europe,Serbia,SRB,2015,7177257.0,6.116,1.183
Europe,Serbia,SRB,2016,7126083.0,6.342,1.247
Europe,Serbia,SRB,2017,7073507.0,6.457,1.255
Europe,Serbia,SRB,2018,7020014.0,6.336,1.278
Europe,Serbia,SRB,2019,6966155.0,6.38,1.324
Europe,Serbia,SRB,2020,6907814.0,6.566,1.245
Europe,Serbia,SRB,2021,6835429.0,6.42,1.412
Europe,Serbia,SRB,2022,6791215.0,6.547,1.584
Europe,Serbia,SRB,2023,6773204.0,6.335,1.567
Africa,Seychelles,SYC,1990,74000.0,2.03,2.03
Africa,Seychelles,SYC,1991,74838.0,2.301,2.301
Africa,Seychelles,SYC,1992,75630.0,2.277,2.277
Africa,Seychelles,SYC,1993,76420.0,2.397,2.397
Africa,Seychelles,SYC,1994,77279.0,2.608,2.608
Africa,Seychelles,SYC,1995,78144.0,2.532,2.532
Africa,Seychelles,SYC,1996,78901.0,2.972,2.972
Africa,Seychelles,SYC,1997,79670.0,3.403,3.403
Africa,Seychelles,SYC,1998,80738.0,3.585,3.585
Africa,Seychelles,SYC,1999,82033.0,3.707,3.707
Africa,Seychelles,SYC,2000,83339.0,3.825,3.825
Africa,Seychelles,SYC,2001,84621.0,4.027,4.027
Africa,Seychelles,SYC,2002,85878.0,4.053,4.053
Africa,Seychelles,SYC,2003,87056.0,3.914,3.914
Africa,Seychelles,SYC,2004,88175.0,4.28,4.28
Africa,Seychelles,SYC,2005,89288.0,4.268,4.268
Africa,Seychelles,SYC,2006,90391.0,4.256,4.256
Africa,Seychelles,SYC,2007,91483.0,4.406,4.406
Africa,Seychelles,SYC,2008,92563.0,4.473,4.473
Africa,Seychelles,SYC,2009,93644.0,4.734,4.734
Africa,Seychelles,SYC,2010,94993.0,4.629,4.629
Africa,Seychelles,SYC,2011,97041.0,4.153,4.153
Africa,Seychelles,SYC,2012,99565.0,4.195,4.195
Africa,Seychelles,SYC,2013,102108.0,4.055,4.055
Africa,Seychelles,SYC,2014,104663.0,4.376,4.376
Africa,Seychelles,SYC,2015,107247.0,4.646,4.646
Africa,Seychelles,SYC,2016,109836.0,5.037,5.037
Africa,Seychelles,SYC,2017,112443.0,5.116,5.116
Africa,Seychelles,SYC,2018,115053.0,5.191,5.191
Africa,Seychelles,SYC,2019,117662.0,5.014,5.014
Africa,Seychelles,SYC,2020,120299.0,4.965,4.965
Africa,Seychelles,SYC,2021,123000.0,4.975,4.975
Africa,Seychelles,SYC,2022,125533.0,5.01,5.01
Africa,Seychelles,SYC,2023,127961.0,5.012,5.012
Africa,Sierra Leone,SLE,1990,4196834.0,0.119,0.119
Africa,Sierra Leone,SLE,1991,4246268.0,0.131,0.131
Africa,Sierra Leone,SLE,1992,4166368.0,0.068,0.068
Africa,Sierra Leone,SLE,1993,4157128.0,0.063,0.063
Africa,Sierra Leone,SLE,1994,4173111.0,0.066,0.066
Africa,Sierra Leone,SLE,1995,4179178.0,0.053,0.053
Africa,Sierra Leone,SLE,1996,4199215.0,0.055,0.055
Africa,Sierra Leone,SLE,1997,4253710.0,0.048,0.048
Africa,Sierra Leone,SLE,1998,4295783.0,0.051,0.051
Africa,Sierra Leone,SLE,1999,4318047.0,0.041,0.041
Africa,Sierra Leone,SLE,2000,4423615.0,0.061,0.061
Africa,Sierra Leone,SLE,2001,4692715.0,0.08,0.08
Africa,Sierra Leone,SLE,2002,4971435.0,0.101,0.098
Africa,Sierra Leone,SLE,2003,5177686.0,0.104,0.104
Africa,Sierra Leone,SLE,2004,5355715.0,0.097,0.097
Africa,Sierra Leone,SLE,2005,5501707.0,0.079,0.079
Africa,Sierra Leone,SLE,2006,5624464.0,0.102,0.102
Africa,Sierra Leone,SLE,2007,5749353.0,0.085,0.085
Africa,Sierra Leone,SLE,2008,5894728.0,0.086,0.086
Africa,Sierra Leone,SLE,2009,6055655.0,0.083,0.083
Africa,Sierra Leone,SLE,2010,6222715.0,0.088,0.088
Africa,Sierra Leone,SLE,2011,6387258.0,0.112,0.112
Africa,Sierra Leone,SLE,2012,6551078.0,0.127,0.127
Africa,Sierra Leone,SLE,2013,6714057.0,0.157,0.157
Africa,Sierra Leone,SLE,2014,6876385.0,0.164,0.164
Africa,Sierra Leone,SLE,2015,7037660.0,0.154,0.154
Africa,Sierra Leone,SLE,2016,7205339.0,0.158,0.158
Africa,Sierra Leone,SLE,2017,7379300.0,0.148,0.148
Africa,Sierra Leone,SLE,2018,7554568.0,0.137,0.137
Africa,Sierra Leone,SLE,2019,7731994.0,0.145,0.145
Africa,Sierra Leone,SLE,2020,7912557.0,0.15,0.15
Africa,Sierra Leone,SLE,2021,8094603.0,0.183,0.183
Africa,Sierra Leone,SLE,2022,8276809.0,0.174,0.174
Africa,Sierra Leone,SLE,2023,8460523.0,0.163,0.163
Asia,Singapore,SGP,1990,3039593.0,14.323,14.298
Asia,Singapore,SGP,1991,3136294.0,14.104,14.09
Asia,Singapore,SGP,1992,3226461.0,14.704,14.4
Asia,Singapore,SGP,1993,3317892.0,14.968,14.124
Asia,Singapore,SGP,1994,3417818.0,17.58,16.604
Asia,Singapore,SGP,1995,3533624.0,11.474,10.506
Asia,Singapore,SGP,1996,3664566.0,13.102,12.279
Asia,Singapore,SGP,1997,3796629.0,14.944,14.16
Asia,Singapore,SGP,1998,3901418.0,12.153,11.318
Asia,Singapore,SGP,1999,3966562.0,12.404,11.735
Asia,Singapore,SGP,2000,4035251.0,9.261,8.59
Asia,Singapore,SGP,2001,4116169.0,9.359,8.366
Asia,Singapore,SGP,2002,4146898.0,9.696,8.096
Asia,Singapore,SGP,2003,4138241.0,9.553,7.066
Asia,Singapore,SGP,2004,4172767.0,9.826,6.917
Asia,Singapore,SGP,2005,4268363.0,9.278,6.58
Asia,Singapore,SGP,2006,4407064.0,9.212,6.397
Asia,Singapore,SGP,2007,4596516.0,8.942,6.047
Asia,Singapore,SGP,2008,4806742.0,8.363,5.534
Asia,Singapore,SGP,2009,4968574.0,8.212,5.447
Asia,Singapore,SGP,2010,5077020.0,8.745,5.809
Asia,Singapore,SGP,2011,5182242.0,9.069,6.168
Asia,Singapore,SGP,2012,5293345.0,8.709,5.617
Asia,Singapore,SGP,2013,5385589.0,8.727,5.139
Asia,Singapore,SGP,2014,5457899.0,8.721,4.931
Asia,Singapore,SGP,2015,5525343.0,8.941,5.123
Asia,Singapore,SGP,2016,5577936.0,8.803,4.919
Asia,Singapore,SGP,2017,5604087.0,8.94,4.736
Asia,Singapore,SGP,2018,5634366.0,8.927,4.953
Asia,Singapore,SGP,2019,5669562.0,8.643,4.652
Asia,Singapore,SGP,2020,5620151.0,8.309,4.26
Asia,Singapore,SGP,2021,5546291.0,9.033,4.83
Asia,Singapore,SGP,2022,5649888.0,8.661,4.652
Asia,Singapore,SGP,2023,5789092.0,8.821,5.163
Europe,Slovakia,SVK,1990,5266077.0,11.684,2.426
Europe,Slovakia,SVK,1991,5284876.0,10.092,1.97
Europe,Slovakia,SVK,1992,5306445.0,9.221,1.668
Europe,Slovakia,SVK,1993,5326363.0,8.71,1.528
Europe,Slovakia,SVK,1994,5343230.0,8.198,1.555
Europe,Slovakia,SVK,1995,5354287.0,8.254,1.523
Europe,Slovakia,SVK,1996,5362430.0,8.219,1.508
Europe,Slovakia,SVK,1997,5369781.0,8.221,1.503
Europe,Slovakia,SVK,1998,5374801.0,8.164,1.491
Europe,Slovakia,SVK,1999,5378105.0,8.012,1.442
Europe,Slovakia,SVK,2000,5380001.0,7.656,1.365
Europe,Slovakia,SVK,2001,5379439.0,8.044,1.48
Europe,Slovakia,SVK,2002,5377685.0,7.816,1.477
Europe,Slovakia,SVK,2003,5376197.0,7.879,1.491
Europe,Slovakia,SVK,2004,5376038.0,7.972,1.532
Europe,Slovakia,SVK,2005,5376697.0,7.971,1.711
Europe,Slovakia,SVK,2006,5376847.0,7.93,1.639
Europe,Slovakia,SVK,2007,5376993.0,7.631,1.704
Europe,Slovakia,SVK,2008,5379127.0,7.701,1.765
Europe,Slovakia,SVK,2009,5385074.0,6.997,1.65
Europe,Slovakia,SVK,2010,5391857.0,7.134,1.712
Europe,Slovakia,SVK,2011,5398105.0,7.048,1.621
Europe,Slovakia,SVK,2012,5404877.0,6.654,1.666
Europe,Slovakia,SVK,2013,5410422.0,6.584,1.639
Europe,Slovakia,SVK,2014,5415238.0,6.225,1.615
Europe,Slovakia,SVK,2015,5420278.0,6.37,1.758
Europe,Slovakia,SVK,2016,5427262.0,6.445,1.824
Europe,Slovakia,SVK,2017,5435702.0,6.657,1.842
Europe,Slovakia,SVK,2018,5443229.0,6.648,1.86
Europe,Slovakia,SVK,2019,5450627.0,6.211,1.875
Europe,Slovakia,SVK,2020,5455028.0,5.715,1.745
Europe,Slovakia,SVK,2021,5442766.0,6.477,1.864
Europe,Slovakia,SVK,2022,5473195.0,5.772,1.891
Europe,Slovakia,SVK,2023,5518057.0,5.576,1.834
Europe,Slovenia,SVN,1990,1998010.0,7.556,2.695
Europe,Slovenia,SVN,1991,1999191.0,6.991,2.563
Europe,Slovenia,SVN,1992,1995862.0,6.957,2.46
Europe,Slovenia,SVN,1993,1990815.0,7.16,2.968
Europe,Slovenia,SVN,1994,1988262.0,7.363,3.257
Europe,Slovenia,SVN,1995,1988098.0,7.724,3.551
Europe,Slovenia,SVN,1996,1986792.0,8.054,4.062
Europe,Slovenia,SVN,1997,1984404.0,8.321,4.134
Europe,Slovenia,SVN,1998,1980071.0,8.103,3.79
Europe,Slovenia,SVN,1999,1981198.0,7.782,3.76
Europe,Slovenia,SVN,2000,1986817.0,7.58,3.42
Europe,Slovenia,SVN,2001,1989684.0,8.197,3.664
Europe,Slovenia,SVN,2002,1991571.0,8.321,3.635
Europe,Slovenia,SVN,2003,1992499.0,8.17,3.594
Europe,Slovenia,SVN,2004,1993548.0,8.382,3.69
Europe,Slovenia,SVN,2005,1996915.0,8.484,3.777
Europe,Slovenia,SVN,2006,2003116.0,8.579,3.849
Europe,Slovenia,SVN,2007,2014159.0,8.614,3.777
Europe,Slovenia,SVN,2008,2025090.0,9.029,4.338
Europe,Slovenia,SVN,2009,2035610.0,7.963,3.719
Europe,Slovenia,SVN,2010,2044611.0,8.053,3.728
Europe,Slovenia,SVN,2011,2048805.0,7.987,3.736
Europe,Slovenia,SVN,2012,2053322.0,7.678,3.633
Europe,Slovenia,SVN,2013,2056452.0,7.361,3.445
Europe,Slovenia,SVN,2014,2058395.0,6.592,3.364
Europe,Slovenia,SVN,2015,2059946.0,6.631,3.323
Europe,Slovenia,SVN,2016,2061379.0,7.019,3.5
Europe,Slovenia,SVN,2017,2062410.0,7.097,3.532
Europe,Slovenia,SVN,2018,2069484.0,7.037,3.543
Europe,Slovenia,SVN,2019,2083438.0,6.745,3.376
Europe,Slovenia,SVN,2020,2102421.0,6.123,2.852
Europe,Slovenia,SVN,2021,2113495.0,6.187,3.082
Europe,Slovenia,SVN,2022,2115231.0,6.017,3.365
Europe,Slovenia,SVN,2023,2118394.0,5.67,3.125
Oceania,Solomon Islands,SLB,1990,331448.0,0.442,0.442
Oceania,Solomon Islands,SLB,1991,341743.0,0.45,0.45
Oceania,Solomon Islands,SLB,1992,352215.0,0.458,0.458
Oceania,Solomon Islands,SLB,1993,362850.0,0.475,0.475
Oceania,Solomon Islands,SLB,1994,373685.0,0.49,0.49
Oceania,Solomon Islands,SLB,1995,384744.0,0.495,0.495
Oceania,Solomon Islands,SLB,1996,396017.0,0.5,0.5
Oceania,Solomon Islands,SLB,1997,407480.0,0.504,0.504
Oceania,Solomon Islands,SLB,1998,419078.0,0.507,0.507
Oceania,Solomon Islands,SLB,1999,430511.0,0.511,0.511
Oceania,Solomon Islands,SLB,2000,440481.0,0.516,0.516
Oceania,Solomon Islands,SLB,2001,449137.0,0.53,0.53
Oceania,Solomon Islands,SLB,2002,457676.0,0.536,0.536
Oceania,Solomon Islands,SLB,2003,466164.0,0.55,0.55
Oceania,Solomon Islands,SLB,2004,474618.0,0.579,0.579
Oceania,Solomon Islands,SLB,2005,483090.0,0.584,0.584
Oceania,Solomon Islands,SLB,2006,491602.0,0.596,0.596
Oceania,Solomon Islands,SLB,2007,500168.0,0.601,0.601
Oceania,Solomon Islands,SLB,2008,508802.0,0.612,0.612
Oceania,Solomon Islands,SLB,2009,518150.0,0.622,0.622
Oceania,Solomon Islands,SLB,2010,532976.0,0.626,0.626
Oceania,Solomon Islands,SLB,2011,552958.0,0.629,0.629
Oceania,Solomon Islands,SLB,2012,573623.0,0.6,0.6
Oceania,Solomon Islands,SLB,2013,594952.0,0.634,0.634
Oceania,Solomon Islands,SLB,2014,616915.0,0.535,0.535
Oceania,Solomon Islands,SLB,2015,639423.0,0.464,0.464
Oceania,Solomon Islands,SLB,2016,662387.0,0.443,0.443
Oceania,Solomon Islands,SLB,2017,685677.0,0.422,0.422
Oceania,Solomon Islands,SLB,2018,709109.0,0.413,0.413
Oceania,Solomon Islands,SLB,2019,728156.0,0.408,0.408
Oceania,Solomon Islands,SLB,2020,744505.0,0.394,0.394
Oceania,Solomon Islands,SLB,2021,762594.0,0.38,0.38
Oceania,Solomon Islands,SLB,2022,781075.0,0.362,0.362
Oceania,Solomon Islands,SLB,2023,800014.0,0.352,0.352
Africa,Somalia,SOM,1990,7082816.0,0.11,0.108
Africa,Somalia,SOM,1991,6813762.0,0.104,0.103
Africa,Somalia,SOM,1992,6495109.0,0.103,0.101
Africa,Somalia,SOM,1993,6681406.0,0.094,0.092
Africa,Somalia,SOM,1994,7026804.0,0.088,0.087
Africa,Somalia,SOM,1995,7285013.0,0.08,0.079
Africa,Somalia,SOM,1996,7554476.0,0.076,0.076
Africa,Somalia,SOM,1997,7824531.0,0.068,0.068
Africa,Somalia,SOM,1998,8155414.0,0.062,0.062
Africa,Somalia,SOM,1999,8492066.0,0.057,0.057
Africa,Somalia,SOM,2000,8838714.0,0.058,0.058
Africa,Somalia,SOM,2001,9198495.0,0.059,0.059
Africa,Somalia,SOM,2002,9550069.0,0.06,0.06
Africa,Somalia,SOM,2003,9909161.0,0.061,0.061
Africa,Somalia,SOM,2004,10281001.0,0.061,0.061
Africa,Somalia,SOM,2005,10644234.0,0.061,0.061
Africa,Somalia,SOM,2006,10975502.0,0.061,0.061
Africa,Somalia,SOM,2007,11322581.0,0.061,0.061
Africa,Somalia,SOM,2008,11663090.0,0.062,0.062
Africa,Somalia,SOM,2009,11961205.0,0.062,0.062
Africa,Somalia,SOM,2010,12261761.0,0.063,0.063
Africa,Somalia,SOM,2011,12348829.0,0.066,0.066
Africa,Somalia,SOM,2012,12461163.0,0.067,0.067
Africa,Somalia,SOM,2013,12869599.0,0.067,0.067
Africa,Somalia,SOM,2014,13339497.0,0.066,0.066
Africa,Somalia,SOM,2015,13806969.0,0.067,0.067
Africa,Somalia,SOM,2016,14348741.0,0.067,0.067
Africa,Somalia,SOM,2017,14916630.0,0.067,0.067
Africa,Somalia,SOM,2018,15452489.0,0.067,0.067
Africa,Somalia,SOM,2019,16030969.0,0.067,0.067
Africa,Somalia,SOM,2020,16651200.0,0.068,0.068
Africa,Somalia,SOM,2021,17271435.0,0.067,0.067
Africa,Somalia,SOM,2022,17801895.0,0.071,0.071
Africa,Somalia,SOM,2023,18358622.0,0.071,0.071
Africa,South Africa,ZAF,1990,40746274.0,7.68,0.997
Africa,South Africa,ZAF,1991,41687903.0,7.821,0.989
Africa,South Africa,ZAF,1992,42443510.0,7.1,0.819
Africa,South Africa,ZAF,1993,43297155.0,7.399,0.535
Africa,South Africa,ZAF,1994,44004140.0,7.697,0.719
Africa,South Africa,ZAF,1995,44541557.0,8.121,0.758
Africa,South Africa,ZAF,1996,45123023.0,8.061,0.701
Africa,South Africa,ZAF,1997,45666835.0,8.435,0.969
Africa,South Africa,ZAF,1998,46223888.0,8.162,0.965
Africa,South Africa,ZAF,1999,46730331.0,8.022,0.657
Africa,South Africa,ZAF,2000,47159715.0,8.022,0.706
Africa,South Africa,ZAF,2001,47566805.0,7.812,0.544
Africa,South Africa,ZAF,2002,48019414.0,7.424,0.468
Africa,South Africa,ZAF,2003,48500351.0,8.338,0.819
Africa,South Africa,ZAF,2004,48991420.0,9.171,1.107
Africa,South Africa,ZAF,2005,49490041.0,8.41,0.562
Africa,South Africa,ZAF,2006,49998271.0,8.935,1.062
Africa,South Africa,ZAF,2007,50528575.0,9.203,1.174
Africa,South Africa,ZAF,2008,51114595.0,9.678,1.228
Africa,South Africa,ZAF,2009,51728518.0,9.173,1.374
Africa,South Africa,ZAF,2010,52344047.0,8.928,0.885
Africa,South Africa,ZAF,2011,52995212.0,8.949,1.137
Africa,South Africa,ZAF,2012,53782570.0,8.58,0.92
Africa,South Africa,ZAF,2013,54678789.0,8.343,0.906
Africa,South Africa,ZAF,2014,55594840.0,8.663,0.981
Africa,South Africa,ZAF,2015,56723536.0,8.065,0.964
Africa,South Africa,ZAF,2016,57259550.0,7.982,1.031
Africa,South Africa,ZAF,2017,57635158.0,7.634,0.993
Africa,South Africa,ZAF,2018,58613001.0,7.742,0.926
Africa,South Africa,ZAF,2019,59587880.0,7.9,0.842
Africa,South Africa,ZAF,2020,60562374.0,7.188,0.77
Africa,South Africa,ZAF,2021,61502602.0,7.145,0.974
Africa,South Africa,ZAF,2022,62378417.0,6.874,0.948
Africa,South Africa,ZAF,2023,63212386.0,6.907,0.943
Asia,South Korea,KOR,1990,44081425.0,5.683,2.971
Asia,South Korea,KOR,1991,44439146.0,6.204,3.413
Asia,South Korea,KOR,1992,44653699.0,6.716,3.896
Asia,South Korea,KOR,1993,44887721.0,7.356,4.22
Asia,South Korea,KOR,1994,45130842.0,7.881,4.577
Asia,South Korea,KOR,1995,45368425.0,8.457,4.983
Asia,South Korea,KOR,1996,45638701.0,9.225,5.247
Asia,South Korea,KOR,1997,45941541.0,9.686,5.356
Asia,South Korea,KOR,1998,46230885.0,8.177,3.971
Asia,South Korea,KOR,1999,46500382.0,8.828,4.315
Asia,South Korea,KOR,2000,46766660.0,9.408,4.41
Asia,South Korea,KOR,2001,47043467.0,9.685,4.381
Asia,South Korea,KOR,2002,47299118.0,10.065,4.379
Asia,South Korea,KOR,2003,47514158.0,10.212,4.322
Asia,South Korea,KOR,2004,47697076.0,10.302,4.115
Asia,South Korea,KOR,2005,47851646.0,10.422,4.077
Asia,South Korea,KOR,2006,48006518.0,10.488,3.959
Asia,South Korea,KOR,2007,48178122.0,10.829,3.887
Asia,South Korea,KOR,2008,48356485.0,11.015,3.538
Asia,South Korea,KOR,2009,48546690.0,11.078,3.558
Asia,South Korea,KOR,2010,48769329.0,12.187,3.612
Asia,South Korea,KOR,2011,49127640.0,12.69,3.49
Asia,South Korea,KOR,2012,49599580.0,12.66,3.444
Asia,South Korea,KOR,2013,50071168.0,12.674,3.367
Asia,South Korea,KOR,2014,50539055.0,12.453,3.196
Asia,South Korea,KOR,2015,50983909.0,12.439,3.346
Asia,South Korea,KOR,2016,51297836.0,12.435,3.588
Asia,South Korea,KOR,2017,51486268.0,12.713,3.485
Asia,South Korea,KOR,2018,51640894.0,12.977,3.44
Asia,South Korea,KOR,2019,51767844.0,12.481,3.396
Asia,South Korea,KOR,2020,51858481.0,11.524,3.183
Asia,South Korea,KOR,2021,51848401.0,11.882,3.307
Asia,South Korea,KOR,2022,51782515.0,11.72,3.354
Asia,South Korea,KOR,2023,51748744.0,11.385,3.292
Africa,South Sudan,SSD,1990,4737637.0,0.089,0.089
Africa,South Sudan,SSD,1991,4836686.0,0.081,0.081
Africa,South Sudan,SSD,1992,4909746.0,0.072,0.072
Africa,South Sudan,SSD,1993,4956006.0,0.049,0.049
Africa,South Sudan,SSD,1994,5071191.0,0.066,0.066
Africa,South Sudan,SSD,1995,5225840.0,0.066,0.066
Africa,South Sudan,SSD,1996,5356925.0,0.066,0.066
Africa,South Sudan,SSD,1997,5509142.0,0.079,0.079
Africa,South Sudan,SSD,1998,5620077.0,0.067,0.067
Africa,South Sudan,SSD,1999,5771632.0,0.071,0.071
Africa,South Sudan,SSD,2000,6032274.0,0.074,0.074
Africa,South Sudan,SSD,2001,6308399.0,0.081,0.081
Africa,South Sudan,SSD,2002,6596810.0,0.099,0.099
Africa,South Sudan,SSD,2003,6903129.0,0.106,0.106
Africa,South Sudan,SSD,2004,7233040.0,0.127,0.127
Africa,South Sudan,SSD,2005,7590147.0,0.116,0.116
Africa,South Sudan,SSD,2006,7976532.0,0.121,0.121
Africa,South Sudan,SSD,2007,8388785.0,0.135,0.135
Africa,South Sudan,SSD,2008,8817645.0,0.136,0.136
Africa,South Sudan,SSD,2009,9243560.0,0.135,0.135
Africa,South Sudan,SSD,2010,9745955.0,0.13,0.13
Africa,South Sudan,SSD,2011,10288112.0,0.12,0.12
Africa,South Sudan,SSD,2012,10756245.0,0.124,0.124
Africa,South Sudan,SSD,2013,11166280.0,0.129,0.129
Africa,South Sudan,SSD,2014,11235071.0,0.133,0.133
Africa,South Sudan,SSD,2015,11107569.0,0.172,0.172
Africa,South Sudan,SSD,2016,10830108.0,0.157,0.157
Africa,South Sudan,SSD,2017,10259150.0,0.142,0.142
Africa,South Sudan,SSD,2018,10122983.0,0.172,0.172
Africa,South Sudan,SSD,2019,10423382.0,0.17,0.17
Africa,South Sudan,SSD,2020,10698471.0,0.16,0.16
Africa,South Sudan,SSD,2021,10865786.0,0.16,0.16
Africa,South Sudan,SSD,2022,11021175.0,0.148,0.148
Africa,South Sudan,SSD,2023,11483370.0,0.145,0.145
Europe,Spain,ESP,1990,39084975.0,5.869,3.099
Europe,Spain,ESP,1991,39201750.0,6.104,3.256
Europe,Spain,ESP,1992,39420344.0,6.283,3.372
Europe,Spain,ESP,1993,39651627.0,6.03,3.24
Europe,Spain,ESP,1994,39858721.0,6.307,3.439
Europe,Spain,ESP,1995,40052733.0,6.618,3.581
Europe,Spain,ESP,1996,40237375.0,6.277,3.529
Europe,Spain,ESP,1997,40423823.0,6.553,3.578
Europe,Spain,ESP,1998,40617436.0,6.737,3.765
Europe,Spain,ESP,1999,40812855.0,7.278,3.953
Europe,Spain,ESP,2000,41019772.0,7.539,3.985
Europe,Spain,ESP,2001,41245602.0,7.541,4.107
Europe,Spain,ESP,2002,41755703.0,7.928,4.165
Europe,Spain,ESP,2003,42506540.0,7.894,4.193
Europe,Spain,ESP,2004,43234562.0,8.145,4.246
Europe,Spain,ESP,2005,43958883.0,8.359,4.271
Europe,Spain,ESP,2006,44695446.0,8.029,4.104
Europe,Spain,ESP,2007,45516501.0,8.051,4.019
Europe,Spain,ESP,2008,46235055.0,7.252,3.746
Europe,Spain,ESP,2009,46635182.0,6.351,3.454
Europe,Spain,ESP,2010,46840469.0,6.033,3.338
Europe,Spain,ESP,2011,46998040.0,6.027,3.107
Europe,Spain,ESP,2012,47018323.0,5.901,2.864
Europe,Spain,ESP,2013,46860394.0,5.38,2.774
Europe,Spain,ESP,2014,46720187.0,5.429,2.78
Europe,Spain,ESP,2015,46683683.0,5.789,2.921
Europe,Spain,ESP,2016,46732768.0,5.554,3.002
Europe,Spain,ESP,2017,46868594.0,5.835,3.011
Europe,Spain,ESP,2018,47092817.0,5.702,3.018
Europe,Spain,ESP,2019,47435121.0,5.285,2.952
Europe,Spain,ESP,2020,47679482.0,4.441,2.491
Europe,Spain,ESP,2021,47735670.0,4.793,2.717
Europe,Spain,ESP,2022,47828386.0,4.897,2.823
Europe,Spain,ESP,2023,47911583.0,4.497,2.739
Asia,Sri Lanka,LKA,1990,16352460.0,0.233,0.224
Asia,Sri Lanka,LKA,1991,16475354.0,0.249,0.241
Asia,Sri Lanka,LKA,1992,16739297.0,0.301,0.285
Asia,Sri Lanka,LKA,1993,17025924.0,0.289,0.276
Asia,Sri Lanka,LKA,1994,17275777.0,0.309,0.292
Asia,Sri Lanka,LKA,1995,17564065.0,0.325,0.31
Asia,Sri Lanka,LKA,1996,17905020.0,0.383,0.368
Asia,Sri Lanka,LKA,1997,18248205.0,0.406,0.39
Asia,Sri Lanka,LKA,1998,18596006.0,0.41,0.397
Asia,Sri Lanka,LKA,1999,18944734.0,0.442,0.429
Asia,Sri Lanka,LKA,2000,19293056.0,0.518,0.504
Asia,Sri Lanka,LKA,2001,19600361.0,0.518,0.504
Asia,Sri Lanka,LKA,2002,19805750.0,0.545,0.532
Asia,Sri Lanka,LKA,2003,19951521.0,0.539,0.514
Asia,Sri Lanka,LKA,2004,20087608.0,0.593,0.566
Asia,Sri Lanka,LKA,2005,20216531.0,0.577,0.55
Asia,Sri Lanka,LKA,2006,20352416.0,0.565,0.538
Asia,Sri Lanka,LKA,2007,20492546.0,0.578,0.553
Asia,Sri Lanka,LKA,2008,20629377.0,0.565,0.537
Asia,Sri Lanka,LKA,2009,20756438.0,0.606,0.578
Asia,Sri Lanka,LKA,2010,20879092.0,0.608,0.582
Asia,Sri Lanka,LKA,2011,21009054.0,0.689,0.619
Asia,Sri Lanka,LKA,2012,21169461.0,0.727,0.619
Asia,Sri Lanka,LKA,2013,21358829.0,0.662,0.551
Asia,Sri Lanka,LKA,2014,21547454.0,0.792,0.595
Asia,Sri Lanka,LKA,2015,21729975.0,0.883,0.626
Asia,Sri Lanka,LKA,2016,21910763.0,1.02,0.75
Asia,Sri Lanka,LKA,2017,22087525.0,1.004,0.728
Asia,Sri Lanka,LKA,2018,22253116.0,0.905,0.64
Asia,Sri Lanka,LKA,2019,22410552.0,0.942,0.662
Asia,Sri Lanka,LKA,2020,22561808.0,0.905,0.574
Asia,Sri Lanka,LKA,2021,22700377.0,0.917,0.629
Asia,Sri Lanka,LKA,2022,22834965.0,0.805,0.525
Asia,Sri Lanka,LKA,2023,22971615.0,0.834,0.583
Africa,Sudan,SDN,1990,22021484.0,0.217,0.214
Africa,Sudan,SDN,1991,22470676.0,0.199,0.196
Africa,Sudan,SDN,1992,22927356.0,0.175,0.17
Africa,Sudan,SDN,1993,23445599.0,0.117,0.113
Africa,Sudan,SDN,1994,24043951.0,0.16,0.155
Africa,Sudan,SDN,1995,24672144.0,0.161,0.152
Africa,Sudan,SDN,1996,25231534.0,0.162,0.154
Africa,Sudan,SDN,1997,25799826.0,0.195,0.188
Africa,Sudan,SDN,1998,26458999.0,0.165,0.159
Africa,Sudan,SDN,1999,27130619.0,0.175,0.168
Africa,Sudan,SDN,2000,27816748.0,0.19,0.18
Africa,Sudan,SDN,2001,28516774.0,0.211,0.202
Africa,Sudan,SDN,2002,29228728.0,0.261,0.252
Africa,Sudan,SDN,2003,29896038.0,0.285,0.274
Africa,Sudan,SDN,2004,30556641.0,0.356,0.34
Africa,Sudan,SDN,2005,31262447.0,0.338,0.318
Africa,Sudan,SDN,2006,31992438.0,0.361,0.342
Africa,Sudan,SDN,2007,32764139.0,0.414,0.391
Africa,Sudan,SDN,2008,33623980.0,0.422,0.404
Africa,Sudan,SDN,2009,34569114.0,0.428,0.405
Africa,Sudan,SDN,2010,35414403.0,0.426,0.387
Africa,Sudan,SDN,2011,36140808.0,0.407,0.357
Africa,Sudan,SDN,2012,36923175.0,0.427,0.372
Africa,Sudan,SDN,2013,37785852.0,0.46,0.401
Africa,Sudan,SDN,2014,38823324.0,0.337,0.28
Africa,Sudan,SDN,2015,40024433.0,0.356,0.294
Africa,Sudan,SDN,2016,41259892.0,0.478,0.423
Africa,Sudan,SDN,2017,42714311.0,0.475,0.422
Africa,Sudan,SDN,2018,44230597.0,0.464,0.413
Africa,Sudan,SDN,2019,45548179.0,0.483,0.438
Africa,Sudan,SDN,2020,46789237.0,0.423,0.413
Africa,Sudan,SDN,2021,48066930.0,0.4,0.39
Africa,Sudan,SDN,2022,49383344.0,0.355,0.347
Africa,Sudan,SDN,2023,50042800.0,0.354,0.349
South America,Suriname,SUR,1990,412500.0,4.214,4.157
South America,Suriname,SUR,1991,415021.0,4.877,4.82
South America,Suriname,SUR,1992,417602.0,4.864,4.808
South America,Suriname,SUR,1993,419357.0,4.861,4.805
South America,Suriname,SUR,1994,422382.0,4.837,4.771
South America,Suriname,SUR,1995,429611.0,4.798,4.733
South America,Suriname,SUR,1996,438834.0,4.747,4.684
South America,Suriname,SUR,1997,448068.0,4.698,4.637
South America,Suriname,SUR,1998,457413.0,4.602,4.542
South America,Suriname,SUR,1999,466925.0,4.547,4.489
South America,Suriname,SUR,2000,476647.0,4.601,4.543
South America,Suriname,SUR,2001,486566.0,4.857,4.782
South America,Suriname,SUR,2002,496566.0,3.143,3.069
South America,Suriname,SUR,2003,506421.0,3.038,2.966
South America,Suriname,SUR,2004,513928.0,3.022,2.952
South America,Suriname,SUR,2005,519321.0,3.054,2.984
South America,Suriname,SUR,2006,525003.0,3.314,3.245
South America,Suriname,SUR,2007,531026.0,3.311,3.243
South America,Suriname,SUR,2008,537252.0,3.613,3.546
South America,Suriname,SUR,2009,543580.0,3.659,3.606
South America,Suriname,SUR,2010,549931.0,4.319,4.271
South America,Suriname,SUR,2011,556279.0,4.958,4.887
South America,Suriname,SUR,2012,562640.0,4.432,4.337
South America,Suriname,SUR,2013,569024.0,5.538,5.435
South America,Suriname,SUR,2014,575380.0,5.563,5.502
South America,Suriname,SUR,2015,581634.0,4.666,4.605
South America,Suriname,SUR,2016,587765.0,4.957,4.931
South America,Suriname,SUR,2017,593720.0,4.093,4.061
South America,Suriname,SUR,2018,599519.0,3.491,3.453
South America,Suriname,SUR,2019,605779.0,4.345,4.294
South America,Suriname,SUR,2020,612320.0,4.772,4.715
South America,Suriname,SUR,2021,617905.0,4.284,4.234
South America,Suriname,SUR,2022,623172.0,4.537,4.475
South America,Suriname,SUR,2023,628892.0,4.561,4.504
Europe,Sweden,SWE,1990,8558571.0,6.709,4.894
Europe,Sweden,SWE,1991,8616955.0,6.692,4.891
Europe,Sweden,SWE,1992,8667576.0,6.635,4.908
Europe,Sweden,SWE,1993,8718038.0,6.597,4.869
Europe,Sweden,SWE,1994,8780190.0,6.833,5.093
Europe,Sweden,SWE,1995,8826298.0,6.74,4.986
Europe,Sweden,SWE,1996,8840330.0,7.166,5.272
Europe,Sweden,SWE,1997,8845525.0,6.597,4.89
Europe,Sweden,SWE,1998,8850606.0,6.64,4.89
Europe,Sweden,SWE,1999,8857691.0,6.315,4.69
Europe,Sweden,SWE,2000,8872099.0,6.187,4.554
Europe,Sweden,SWE,2001,8896018.0,6.27,4.509
Europe,Sweden,SWE,2002,8925045.0,6.345,4.531
Europe,Sweden,SWE,2003,8958434.0,6.387,4.592
Europe,Sweden,SWE,2004,8993805.0,6.274,4.457
Europe,Sweden,SWE,2005,9029771.0,5.957,4.268
Europe,Sweden,SWE,2006,9080628.0,5.908,4.183
Europe,Sweden,SWE,2007,9148280.0,5.78,4.046
Europe,Sweden,SWE,2008,9219903.0,5.506,3.859
Europe,Sweden,SWE,2009,9298738.0,5.07,3.723
Europe,Sweden,SWE,2010,9378234.0,5.654,3.885
Europe,Sweden,SWE,2011,9449263.0,5.198,3.601
Europe,Sweden,SWE,2012,9519477.0,4.896,3.427
Europe,Sweden,SWE,2013,9600620.0,4.698,3.254
Europe,Sweden,SWE,2014,9696438.0,4.474,3.124
Europe,Sweden,SWE,2015,9799483.0,4.42,3.1
Europe,Sweden,SWE,2016,9923281.0,4.364,3.047
Europe,Sweden,SWE,2017,10057864.0,4.211,2.915
Europe,Sweden,SWE,2018,10175400.0,4.113,2.84
Europe,Sweden,SWE,2019,10279120.0,3.967,2.769
Europe,Sweden,SWE,2020,10353682.0,3.537,2.538
Europe,Sweden,SWE,2021,10416134.0,3.703,2.678
Europe,Sweden,SWE,2022,10487335.0,3.465,2.444
Europe,Sweden,SWE,2023,10551493.0,3.479,2.459
Europe,Switzerland,CHE,1990,6713168.0,6.576,5.352
Europe,Switzerland,CHE,1991,6796942.0,6.787,5.596
Europe,Switzerland,CHE,1992,6875049.0,6.693,5.552
Europe,Switzerland,CHE,1993,6938106.0,6.286,5.17
Europe,Switzerland,CHE,1994,6993594.0,6.101,4.976
Europe,Switzerland,CHE,1995,7040481.0,6.166,4.998
Europe,Switzerland,CHE,1996,7071885.0,6.237,5.07
Europe,Switzerland,CHE,1997,7089161.0,6.072,4.972
Europe,Switzerland,CHE,1998,7110294.0,6.276,5.165
Europe,Switzerland,CHE,1999,7144119.0,6.221,5.085
Europe,Switzerland,CHE,2000,7184003.0,6.072,4.901
Europe,Switzerland,CHE,2001,7226391.0,6.239,5.036
Europe,Switzerland,CHE,2002,7278744.0,5.972,4.811
Europe,Switzerland,CHE,2003,7333451.0,6.089,4.895
Europe,Switzerland,CHE,2004,7384196.0,6.125,4.897
Europe,Switzerland,CHE,2005,7431824.0,6.159,4.894
Europe,Switzerland,CHE,2006,7478514.0,6.066,4.828
Europe,Switzerland,CHE,2007,7545386.0,5.746,4.529
Europe,Switzerland,CHE,2008,7641730.0,5.85,4.608
Europe,Switzerland,CHE,2009,7737644.0,5.625,4.446
Europe,Switzerland,CHE,2010,7825750.0,5.755,4.474
Europe,Switzerland,CHE,2011,7914379.0,5.177,4.02
Europe,Switzerland,CHE,2012,7998927.0,5.281,4.084
Europe,Switzerland,CHE,2013,8091199.0,5.337,4.107
Europe,Switzerland,CHE,2014,8190238.0,4.792,3.685
Europe,Switzerland,CHE,2015,8283940.0,4.678,3.561
Europe,Switzerland,CHE,2016,8374903.0,4.684,3.535
Europe,Switzerland,CHE,2017,8453630.0,4.523,3.393
Europe,Switzerland,CHE,2018,8516341.0,4.338,3.27
Europe,Switzerland,CHE,2019,8577525.0,4.293,3.216
Europe,Switzerland,CHE,2020,8640582.0,3.975,2.941
Europe,Switzerland,CHE,2021,8707019.0,4.123,3.022
Europe,Switzerland,CHE,2022,8792180.0,3.748,2.802
Europe,Switzerland,CHE,2023,8870564.0,3.605,2.749
Asia,Syria,SYR,1990,12579212.0,2.962,2.256
Asia,Syria,SYR,1991,12980824.0,3.268,2.473
Asia,Syria,SYR,1992,13385570.0,3.198,2.344
Asia,Syria,SYR,1993,13795687.0,3.3,2.374
Asia,Syria,SYR,1994,14208585.0,3.234,2.311
Asia,Syria,SYR,1995,14616804.0,3.174,2.218
Asia,Syria,SYR,1996,15018110.0,3.159,2.211
Asia,Syria,SYR,1997,15417539.0,3.217,2.114
Asia,Syria,SYR,1998,15820409.0,3.381,2.181
Asia,Syria,SYR,1999,16228064.0,3.422,2.22
Asia,Syria,SYR,2000,16637884.0,3.277,2.094
Asia,Syria,SYR,2001,17051337.0,3.011,2.012
Asia,Syria,SYR,2002,17468335.0,2.331,1.315
Asia,Syria,SYR,2003,17889297.0,3.096,2.103
Asia,Syria,SYR,2004,18336879.0,2.819,1.854
Asia,Syria,SYR,2005,18814092.0,2.719,1.883
Asia,Syria,SYR,2006,19637016.0,2.752,1.947
Asia,Syria,SYR,2007,20884136.0,3.207,2.458
Asia,Syria,SYR,2008,21636566.0,3.147,2.448
Asia,Syria,SYR,2009,21976971.0,2.879,2.062
Asia,Syria,SYR,2010,22482417.0,2.76,1.772
Asia,Syria,SYR,2011,22878104.0,2.582,1.764
Asia,Syria,SYR,2012,22759763.0,2.036,1.344
Asia,Syria,SYR,2013,21666921.0,1.581,1.016
Asia,Syria,SYR,2014,20273661.0,1.72,1.199
Asia,Syria,SYR,2015,19424615.0,1.602,1.102
Asia,Syria,SYR,2016,19193835.0,1.519,1.067
Asia,Syria,SYR,2017,19224671.0,1.793,1.275
Asia,Syria,SYR,2018,19577849.0,1.623,1.169
Asia,Syria,SYR,2019,20353536.0,1.645,1.197
Asia,Syria,SYR,2020,21049431.0,1.537,1.129
Asia,Syria,SYR,2021,21628837.0,1.503,1.067
Asia,Syria,SYR,2022,22462170.0,1.399,1.033
Asia,Syria,SYR,2023,23594623.0,1.342,0.994
Asia,Taiwan,TWN,1990,20594907.0,6.033,3.281
Asia,Taiwan,TWN,1991,20781752.0,6.43,3.415
Asia,Taiwan,TWN,1992,20982088.0,6.788,3.39
Asia,Taiwan,TWN,1993,21174678.0,7.275,3.57
Asia,Taiwan,TWN,1994,21357145.0,7.565,3.68
Asia,Taiwan,TWN,1995,21534497.0,7.897,3.905
Asia,Taiwan,TWN,1996,21709270.0,8.202,3.837
Asia,Taiwan,TWN,1997,21885332.0,8.717,3.843
Asia,Taiwan,TWN,1998,22049226.0,9.095,3.938
Asia,Taiwan,TWN,1999,22203788.0,9.369,4.114
Asia,Taiwan,TWN,2000,22332873.0,10.161,4.126
Asia,Taiwan,TWN,2001,22446254.0,10.31,3.929
Asia,Taiwan,TWN,2002,22566898.0,10.572,3.778
Asia,Taiwan,TWN,2003,22664130.0,10.992,3.764
Asia,Taiwan,TWN,2004,22745432.0,11.403,3.814
Asia,Taiwan,TWN,2005,22824932.0,11.693,3.847
Asia,Taiwan,TWN,2006,22914644.0,12.069,3.881
Asia,Taiwan,TWN,2007,23006921.0,12.174,3.658
Asia,Taiwan,TWN,2008,23086238.0,11.564,3.287
Asia,Taiwan,TWN,2009,23164353.0,10.923,3.064
Asia,Taiwan,TWN,2010,23224049.0,11.657,3.117
Asia,Taiwan,TWN,2011,23273078.0,11.892,2.95
Asia,Taiwan,TWN,2012,23345963.0,11.706,2.821
Asia,Taiwan,TWN,2013,23416870.0,11.726,2.739
Asia,Taiwan,TWN,2014,23472811.0,11.799,2.743
Asia,Taiwan,TWN,2015,23529260.0,11.741,2.732
Asia,Taiwan,TWN,2016,23586140.0,11.88,2.829
Asia,Taiwan,TWN,2017,23632950.0,12.091,2.795
Asia,Taiwan,TWN,2018,23659308.0,12.01,2.626
Asia,Taiwan,TWN,2019,23674137.0,11.604,2.447
Asia,Taiwan,TWN,2020,23663461.0,11.514,2.331
Asia,Taiwan,TWN,2021,23558330.0,12.048,2.118
Asia,Taiwan,TWN,2022,23420107.0,11.699,2.257
Asia,Taiwan,TWN,2023,23317145.0,11.456,2.321
Asia,Tajikistan,TJK,1990,5398773.0,2.28,1.122
Asia,Tajikistan,TJK,1991,5541200.0,1.807,0.847
Asia,Tajikistan,TJK,1992,5649397.0,1.298,0.523
Asia,Tajikistan,TJK,1993,5725001.0,0.9,0.314
Asia,Tajikistan,TJK,1994,5825371.0,0.403,0.113
Asia,Tajikistan,TJK,1995,5948588.0,0.409,0.113
Asia,Tajikistan,TJK,1996,6066524.0,0.465,0.104
Asia,Tajikistan,TJK,1997,6139829.0,0.35,0.103
Asia,Tajikistan,TJK,1998,6176403.0,0.404,0.157
Asia,Tajikistan,TJK,1999,6208373.0,0.406,0.162
Asia,Tajikistan,TJK,2000,6284737.0,0.356,0.116
Asia,Tajikistan,TJK,2001,6407376.0,0.357,0.122
Asia,Tajikistan,TJK,2002,6531674.0,0.287,0.118
Asia,Tajikistan,TJK,2003,6658575.0,0.311,0.125
Asia,Tajikistan,TJK,2004,6790555.0,0.377,0.159
Asia,Tajikistan,TJK,2005,6924722.0,0.352,0.132
Asia,Tajikistan,TJK,2006,7057566.0,0.376,0.157
Asia,Tajikistan,TJK,2007,7194479.0,0.449,0.212
Asia,Tajikistan,TJK,2008,7338402.0,0.395,0.201
Asia,Tajikistan,TJK,2009,7490232.0,0.326,0.213
Asia,Tajikistan,TJK,2010,7652144.0,0.331,0.221
Asia,Tajikistan,TJK,2011,7824788.0,0.299,0.186
Asia,Tajikistan,TJK,2012,8014087.0,0.366,0.229
Asia,Tajikistan,TJK,2013,8216733.0,0.354,0.223
Asia,Tajikistan,TJK,2014,8425559.0,0.547,0.303
Asia,Tajikistan,TJK,2015,8643839.0,0.614,0.329
Asia,Tajikistan,TJK,2016,8865623.0,0.679,0.313
Asia,Tajikistan,TJK,2017,9085942.0,0.757,0.261
Asia,Tajikistan,TJK,2018,9307345.0,0.868,0.315
Asia,Tajikistan,TJK,2019,9529970.0,0.914,0.308
Asia,Tajikistan,TJK,2020,9749312.0,0.967,0.344
Asia,Tajikistan,TJK,2021,9966912.0,0.942,0.315
Asia,Tajikistan,TJK,2022,10182228.0,1.033,0.364
Asia,Tajikistan,TJK,2023,10389807.0,0.988,0.367
Africa,Tanzania,TZA,1990,26110210.0,0.081,0.072
Africa,Tanzania,TZA,1991,26780440.0,0.084,0.076
Africa,Tanzania,TZA,1992,27457599.0,0.079,0.071
Africa,Tanzania,TZA,1993,28332691.0,0.086,0.069
Africa,Tanzania,TZA,1994,29442357.0,0.07,0.061
Africa,Tanzania,TZA,1995,30383496.0,0.08,0.068
Africa,Tanzania,TZA,1996,30945761.0,0.082,0.067
Africa,Tanzania,TZA,1997,31578093.0,0.089,0.079
Africa,Tanzania,TZA,1998,32420461.0,0.077,0.063
Africa,Tanzania,TZA,1999,33300335.0,0.074,0.058
Africa,Tanzania,TZA,2000,34260142.0,0.075,0.059
Africa,Tanzania,TZA,2001,35198303.0,0.086,0.07
Africa,Tanzania,TZA,2002,36121301.0,0.096,0.079
Africa,Tanzania,TZA,2003,37089555.0,0.099,0.083
Africa,Tanzania,TZA,2004,38109666.0,0.111,0.086
Africa,Tanzania,TZA,2005,39182083.0,0.137,0.104
Africa,Tanzania,TZA,2006,40294900.0,0.146,0.108
Africa,Tanzania,TZA,2007,41435508.0,0.138,0.096
Africa,Tanzania,TZA,2008,42570728.0,0.141,0.094
Africa,Tanzania,TZA,2009,43633975.0,0.133,0.083
Africa,Tanzania,TZA,2010,44758491.0,0.161,0.102
Africa,Tanzania,TZA,2011,46029371.0,0.183,0.118
Africa,Tanzania,TZA,2012,47374261.0,0.219,0.153
Africa,Tanzania,TZA,2013,48824134.0,0.23,0.17
Africa,Tanzania,TZA,2014,50351506.0,0.218,0.148
Africa,Tanzania,TZA,2015,52020958.0,0.246,0.167
Africa,Tanzania,TZA,2016,53824012.0,0.251,0.158
Africa,Tanzania,TZA,2017,55652888.0,0.243,0.143
Africa,Tanzania,TZA,2018,57437134.0,0.248,0.143
Africa,Tanzania,TZA,2019,59174889.0,0.274,0.15
Africa,Tanzania,TZA,2020,60972803.0,0.262,0.15
Africa,Tanzania,TZA,2021,62830410.0,0.281,0.163
Africa,Tanzania,TZA,2022,64711822.0,0.304,0.168
Africa,Tanzania,TZA,2023,66617607.0,0.305,0.166
Asia,Thailand,THA,1990,54738329.0,1.581,0.972
Asia,Thailand,THA,1991,55637436.0,1.708,1.015
Asia,Thailand,THA,1992,56528832.0,1.867,1.104
Asia,Thailand,THA,1993,57408198.0,2.123,1.231
Asia,Thailand,THA,1994,58260855.0,2.349,1.346
Asia,Thailand,THA,1995,59098231.0,2.6,1.502
Asia,Thailand,THA,1996,59920059.0,2.897,1.617
Asia,Thailand,THA,1997,60724588.0,2.984,1.572
Asia,Thailand,THA,1998,61522632.0,2.596,1.388
Asia,Thailand,THA,1999,62299039.0,2.684,1.359
Asia,Thailand,THA,2000,63007815.0,2.656,1.259
Asia,Thailand,THA,2001,63651137.0,2.706,1.181
Asia,Thailand,THA,2002,64266433.0,2.873,1.228
Asia,Thailand,THA,2003,64868164.0,2.946,1.293
Asia,Thailand,THA,2004,65452049.0,3.168,1.402
Asia,Thailand,THA,2005,66017415.0,3.246,1.376
Asia,Thailand,THA,2006,66567685.0,3.242,1.312
Asia,Thailand,THA,2007,67102388.0,3.339,1.261
Asia,Thailand,THA,2008,67619835.0,3.316,1.161
Asia,Thailand,THA,2009,68121077.0,3.359,1.172
Asia,Thailand,THA,2010,68579443.0,3.514,1.178
Asia,Thailand,THA,2011,69007212.0,3.549,1.226
Asia,Thailand,THA,2012,69436091.0,3.778,1.308
Asia,Thailand,THA,2013,69845112.0,3.776,1.308
Asia,Thailand,THA,2014,70216362.0,3.881,1.298
Asia,Thailand,THA,2015,70540787.0,3.928,1.35
Asia,Thailand,THA,2016,70859835.0,4.009,1.396
Asia,Thailand,THA,2017,71160183.0,3.982,1.421
Asia,Thailand,THA,2018,71376081.0,4.039,1.434
Asia,Thailand,THA,2019,71522264.0,3.941,1.449
Asia,Thailand,THA,2020,71641484.0,3.796,1.344
Asia,Thailand,THA,2021,71727338.0,3.724,1.268
Asia,Thailand,THA,2022,71735321.0,3.8,1.475
Asia,Thailand,THA,2023,71702436.0,3.692,1.455
Africa,Togo,TGO,1990,3714023.0,0.263,0.155
Africa,Togo,TGO,1991,3822637.0,0.275,0.17
Africa,Togo,TGO,1992,3932581.0,0.262,0.168
Africa,Togo,TGO,1993,3887976.0,0.275,0.177
Africa,Togo,TGO,1994,3904183.0,0.258,0.176
Africa,Togo,TGO,1995,4110452.0,0.286,0.189
Africa,Togo,TGO,1996,4291129.0,0.295,0.199
Africa,Togo,TGO,1997,4438798.0,0.198,0.175
Africa,Togo,TGO,1998,4551633.0,0.283,0.201
Africa,Togo,TGO,1999,4665757.0,0.397,0.265
Africa,Togo,TGO,2000,4783721.0,0.278,0.211
Africa,Togo,TGO,2001,4904135.0,0.236,0.155
Africa,Togo,TGO,2002,5027128.0,0.263,0.165
Africa,Togo,TGO,2003,5154113.0,0.35,0.206
Africa,Togo,TGO,2004,5281320.0,0.33,0.189
Africa,Togo,TGO,2005,5413151.0,0.318,0.173
Africa,Togo,TGO,2006,5569659.0,0.269,0.147
Africa,Togo,TGO,2007,5748437.0,0.264,0.159
Africa,Togo,TGO,2008,5936140.0,0.257,0.177
Africa,Togo,TGO,2009,6130944.0,0.414,0.325
Africa,Togo,TGO,2010,6325791.0,0.41,0.323
Africa,Togo,TGO,2011,6500577.0,0.385,0.287
Africa,Togo,TGO,2012,6653719.0,0.333,0.237
Africa,Togo,TGO,2013,6798851.0,0.241,0.166
Africa,Togo,TGO,2014,6937647.0,0.215,0.152
Africa,Togo,TGO,2015,7071500.0,0.254,0.132
Africa,Togo,TGO,2016,7200883.0,0.318,0.204
Africa,Togo,TGO,2017,7324379.0,0.261,0.147
Africa,Togo,TGO,2018,7458205.0,0.273,0.182
Africa,Togo,TGO,2019,7619916.0,0.31,0.173
Africa,Togo,TGO,2020,7788058.0,0.353,0.224
Africa,Togo,TGO,2021,7936185.0,0.33,0.178
Africa,Togo,TGO,2022,8068616.0,0.339,0.181
Africa,Togo,TGO,2023,8223853.0,0.325,0.17
Oceania,Tonga,TON,1990,99717.0,0.808,0.808
Oceania,Tonga,TON,1991,99911.0,0.88,0.88
Oceania,Tonga,TON,1992,100045.0,0.732,0.732
Oceania,Tonga,TON,1993,100120.0,0.842,0.842
Oceania,Tonga,TON,1994,100187.0,0.878,0.878
Oceania,Tonga,TON,1995,100240.0,0.95,0.95
Oceania,Tonga,TON,1996,100294.0,0.767,0.767
Oceania,Tonga,TON,1997,100691.0,0.946,0.946
Oceania,Tonga,TON,1998,101406.0,0.903,0.903
Oceania,Tonga,TON,1999,102058.0,1.077,1.077
Oceania,Tonga,TON,2000,102695.0,0.963,0.963
Oceania,Tonga,TON,2001,103305.0,0.887,0.887
Oceania,Tonga,TON,2002,103888.0,0.917,0.917
Oceania,Tonga,TON,2003,104481.0,1.122,1.122
Oceania,Tonga,TON,2004,105088.0,1.081,1.081
Oceania,Tonga,TON,2005,105684.0,1.075,1.075
Oceania,Tonga,TON,2006,106266.0,1.207,1.207
Oceania,Tonga,TON,2007,106744.0,1.064,1.064
Oceania,Tonga,TON,2008,107036.0,0.993,0.993
Oceania,Tonga,TON,2009,107219.0,1.128,1.128
Oceania,Tonga,TON,2010,107415.0,1.092,1.092
Oceania,Tonga,TON,2011,107584.0,0.988,0.988
Oceania,Tonga,TON,2012,107476.0,0.989,0.989
Oceania,Tonga,TON,2013,107093.0,1.026,1.026
Oceania,Tonga,TON,2014,106627.0,0.997,0.997
Oceania,Tonga,TON,2015,106110.0,1.001,1.001
Oceania,Tonga,TON,2016,105536.0,1.319,1.319
Oceania,Tonga,TON,2017,105373.0,1.356,1.356
Oceania,Tonga,TON,2018,105590.0,1.249,1.249
Oceania,Tonga,TON,2019,105688.0,1.525,1.525
Oceania,Tonga,TON,2020,105721.0,1.317,1.317
Oceania,Tonga,TON,2021,105504.0,1.32,1.32
Oceania,Tonga,TON,2022,105053.0,1.395,1.395
Oceania,Tonga,TON,2023,104613.0,1.394,1.394
North America,Trinidad and Tobago,TTO,1990,1252215.0,13.559,2.838
North America,Trinidad and Tobago,TTO,1991,1262174.0,13.441,2.532
North America,Trinidad and Tobago,TTO,1992,1271681.0,15.018,3.818
North America,Trinidad and Tobago,TTO,1993,1280474.0,13.593,2.819
North America,Trinidad and Tobago,TTO,1994,1288353.0,11.908,2.258
North America,Trinidad and Tobago,TTO,1995,1295167.0,11.369,2.127
North America,Trinidad and Tobago,TTO,1996,1300937.0,14.181,3.498
North America,Trinidad and Tobago,TTO,1997,1305838.0,14.473,3.457
North America,Trinidad and Tobago,TTO,1998,1310226.0,15.182,2.466
North America,Trinidad and Tobago,TTO,1999,1314711.0,17.175,2.968
North America,Trinidad and Tobago,TTO,2000,1319781.0,18.45,3.237
North America,Trinidad and Tobago,TTO,2001,1325573.0,20.172,2.811
North America,Trinidad and Tobago,TTO,2002,1332017.0,21.533,2.712
North America,Trinidad and Tobago,TTO,2003,1338718.0,24.18,3.345
North America,Trinidad and Tobago,TTO,2004,1345386.0,24.297,1.909
North America,Trinidad and Tobago,TTO,2005,1352040.0,28.257,2.973
North America,Trinidad and Tobago,TTO,2006,1358706.0,31.433,2.945
North America,Trinidad and Tobago,TTO,2007,1365381.0,33.371,3.636
North America,Trinidad and Tobago,TTO,2008,1372090.0,32.39,3.656
North America,Trinidad and Tobago,TTO,2009,1379056.0,32.209,3.472
North America,Trinidad and Tobago,TTO,2010,1386657.0,33.961,3.345
North America,Trinidad and Tobago,TTO,2011,1394990.0,33.723,3.517
North America,Trinidad and Tobago,TTO,2012,1403814.0,32.881,3.364
North America,Trinidad and Tobago,TTO,2013,1412658.0,32.421,2.729
North America,Trinidad and Tobago,TTO,2014,1421135.0,32.978,3.349
North America,Trinidad and Tobago,TTO,2015,1429190.0,31.86,3.592
North America,Trinidad and Tobago,TTO,2016,1437031.0,27.743,2.822
North America,Trinidad and Tobago,TTO,2017,1445265.0,27.882,3.534
North America,Trinidad and Tobago,TTO,2018,1470522.0,27.41,2.674
North America,Trinidad and Tobago,TTO,2019,1484898.0,27.446,2.524
North America,Trinidad and Tobago,TTO,2020,1481026.0,23.661,2.323
North America,Trinidad and Tobago,TTO,2021,1487715.0,24.46,2.113
North America,Trinidad and Tobago,TTO,2022,1495923.0,25.063,2.783
North America,Trinidad and Tobago,TTO,2023,1502938.0,23.644,2.826
Africa,Tunisia,TUN,1990,8324509.0,1.757,1.084
Africa,Tunisia,TUN,1991,8501826.0,1.971,1.378
Africa,Tunisia,TUN,1992,8682509.0,1.825,1.169
Africa,Tunisia,TUN,1993,8857916.0,1.939,1.285
Africa,Tunisia,TUN,1994,9018447.0,1.858,1.069
Africa,Tunisia,TUN,1995,9161263.0,1.815,1.017
Africa,Tunisia,TUN,1996,9294433.0,1.852,1.037
Africa,Tunisia,TUN,1997,9421273.0,1.89,1.061
Africa,Tunisia,TUN,1998,9541669.0,1.917,1.046
Africa,Tunisia,TUN,1999,9655966.0,1.938,1.067
Africa,Tunisia,TUN,2000,9764940.0,1.99,1.082
Africa,Tunisia,TUN,2001,9869679.0,2.053,1.099
Africa,Tunisia,TUN,2002,9971521.0,2.044,1.101
Africa,Tunisia,TUN,2003,10071638.0,2.089,1.119
Africa,Tunisia,TUN,2004,10166170.0,2.178,1.147
Africa,Tunisia,TUN,2005,10255474.0,2.196,1.154
Africa,Tunisia,TUN,2006,10346408.0,2.215,1.144
Africa,Tunisia,TUN,2007,10441705.0,2.368,1.171
Africa,Tunisia,TUN,2008,10542637.0,2.414,1.135
Africa,Tunisia,TUN,2009,10650682.0,2.38,1.085
Africa,Tunisia,TUN,2010,10765984.0,2.591,1.068
Africa,Tunisia,TUN,2011,10886041.0,2.428,0.989
Africa,Tunisia,TUN,2012,11009649.0,2.561,0.983
Africa,Tunisia,TUN,2013,11141365.0,2.583,1.022
Africa,Tunisia,TUN,2014,11274295.0,2.65,1.051
Africa,Tunisia,TUN,2015,11402270.0,2.752,1.228
Africa,Tunisia,TUN,2016,11528676.0,2.686,1.187
Africa,Tunisia,TUN,2017,11650504.0,2.719,1.229
Africa,Tunisia,TUN,2018,11765515.0,2.645,1.168
Africa,Tunisia,TUN,2019,11875084.0,2.575,1.1
Africa,Tunisia,TUN,2020,11974058.0,2.409,1.041
Africa,Tunisia,TUN,2021,12048625.0,2.617,1.121
Africa,Tunisia,TUN,2022,12119338.0,2.54,1.106
Africa,Tunisia,TUN,2023,12200434.0,2.601,1.185
Asia,Turkey,TUR,1990,56015627.0,2.759,1.093
Asia,Turkey,TUR,1991,57009892.0,2.826,1.051
Asia,Turkey,TUR,1992,57990121.0,2.884,1.111
Asia,Turkey,TUR,1993,58999164.0,2.954,1.258
Asia,Turkey,TUR,1994,60033832.0,2.842,1.192
Asia,Turkey,TUR,1995,61024501.0,3.026,1.297
Asia,Turkey,TUR,1996,61951134.0,3.278,1.345
Asia,Turkey,TUR,1997,62852968.0,3.429,1.321
Asia,Turkey,TUR,1998,63734385.0,3.383,1.233
Asia,Turkey,TUR,1999,64591916.0,3.27,1.238
Asia,Turkey,TUR,2000,65425957.0,3.56,1.276
Asia,Turkey,TUR,2001,66245125.0,3.274,1.196
Asia,Turkey,TUR,2002,67048792.0,3.346,1.212
Asia,Turkey,TUR,2003,67831735.0,3.536,1.22
Asia,Turkey,TUR,2004,68592621.0,3.613,1.264
Asia,Turkey,TUR,2005,69329557.0,3.861,1.23
Asia,Turkey,TUR,2006,70045351.0,4.075,1.2
Asia,Turkey,TUR,2007,70750593.0,4.473,1.253
Asia,Turkey,TUR,2008,71562343.0,4.369,1.219
Asia,Turkey,TUR,2009,72464846.0,4.396,1.159
Asia,Turkey,TUR,2010,73346766.0,4.345,1.109
Asia,Turkey,TUR,2011,74215203.0,4.638,1.145
Asia,Turkey,TUR,2012,75197196.0,4.769,1.206
Asia,Turkey,TUR,2013,76403032.0,4.589,1.252
Asia,Turkey,TUR,2014,78036154.0,4.706,1.286
Asia,Turkey,TUR,2015,80014222.0,4.845,1.367
Asia,Turkey,TUR,2016,81652087.0,4.967,1.429
Asia,Turkey,TUR,2017,83083667.0,5.183,1.44
Asia,Turkey,TUR,2018,84415966.0,5.021,1.383
Asia,Turkey,TUR,2019,85357670.0,4.763,1.356
Asia,Turkey,TUR,2020,86091691.0,4.836,1.343
Asia,Turkey,TUR,2021,86686254.0,5.276,1.414
Asia,Turkey,TUR,2022,87058469.0,5.095,1.48
Asia,Turkey,TUR,2023,87270502.0,5.58,1.531
Asia,Turkmenistan,TKM,1990,3760561.0,8.871,3.809
Asia,Turkmenistan,TKM,1991,3855902.0,7.894,3.113
Asia,Turkmenistan,TKM,1992,3944689.0,8.111,4.396
Asia,Turkmenistan,TKM,1993,4032415.0,6.824,2.18
Asia,Turkmenistan,TKM,1994,4116662.0,8.312,2.141
Asia,Turkmenistan,TKM,1995,4191207.0,8.248,1.935
Asia,Turkmenistan,TKM,1996,4263818.0,7.424,2.209
Asia,Turkmenistan,TKM,1997,4336732.0,7.193,2.123
Asia,Turkmenistan,TKM,1998,4410511.0,7.583,2.677
Asia,Turkmenistan,TKM,1999,4492174.0,8.859,2.873
Asia,Turkmenistan,TKM,2000,4582675.0,8.589,2.692
Asia,Turkmenistan,TKM,2001,4675416.0,7.279,2.483
Asia,Turkmenistan,TKM,2002,4769473.0,6.317,2.752
Asia,Turkmenistan,TKM,2003,4863871.0,8.341,3.05
Asia,Turkmenistan,TKM,2004,4958091.0,9.954,3.095
Asia,Turkmenistan,TKM,2005,5052260.0,9.487,3.04
Asia,Turkmenistan,TKM,2006,5147103.0,9.617,2.914
Asia,Turkmenistan,TKM,2007,5244047.0,9.379,2.99
Asia,Turkmenistan,TKM,2008,5345033.0,11.12,3.031
Asia,Turkmenistan,TKM,2009,5451597.0,9.623,2.798
Asia,Turkmenistan,TKM,2010,5564356.0,10.636,3.053
Asia,Turkmenistan,TKM,2011,5683413.0,11.464,3.123
Asia,Turkmenistan,TKM,2012,5808548.0,11.524,3.198
Asia,Turkmenistan,TKM,2013,5939348.0,10.833,3.215
Asia,Turkmenistan,TKM,2014,6075286.0,10.337,3.289
Asia,Turkmenistan,TKM,2015,6215773.0,10.15,3.038
Asia,Turkmenistan,TKM,2016,6360041.0,9.763,2.826
Asia,Turkmenistan,TKM,2017,6507065.0,9.675,2.915
Asia,Turkmenistan,TKM,2018,6655523.0,9.211,2.702
Asia,Turkmenistan,TKM,2019,6803943.0,9.15,2.597
Asia,Turkmenistan,TKM,2020,6949915.0,9.051,2.335
Asia,Turkmenistan,TKM,2021,7092042.0,12.929,2.321
Asia,Turkmenistan,TKM,2022,7230197.0,14.116,2.376
Asia,Turkmenistan,TKM,2023,7364437.0,12.957,2.068
North America,Turks and Caicos Islands,TCA,1990,11708.0,5.007,5.007
North America,Turks and Caicos Islands,TCA,1991,12328.0,5.053,5.053
North America,Turks and Caicos Islands,TCA,1992,12992.0,4.794,4.794
North America,Turks and Caicos Islands,TCA,1993,13670.0,4.825,4.825
North America,Turks and Caicos Islands,TCA,1994,14368.0,4.845,4.845
North America,Turks and Caicos Islands,TCA,1995,15074.0,4.861,4.861
North America,Turks and Caicos Islands,TCA,1996,15786.0,4.642,4.642
North America,Turks and Caicos Islands,TCA,1997,16505.0,5.106,5.106
North America,Turks and Caicos Islands,TCA,1998,17236.0,5.102,5.102
North America,Turks and Caicos Islands,TCA,1999,17981.0,5.502,5.502
North America,Turks and Caicos Islands,TCA,2000,18754.0,5.666,5.666
North America,Turks and Caicos Islands,TCA,2001,19603.0,5.794,5.794
North America,Turks and Caicos Islands,TCA,2002,20619.0,7.286,7.286
North America,Turks and Caicos Islands,TCA,2003,21749.0,7.076,7.076
North America,Turks and Caicos Islands,TCA,2004,22881.0,7.046,7.046
North America,Turks and Caicos Islands,TCA,2005,24011.0,7.782,7.782
North America,Turks and Caicos Islands,TCA,2006,25146.0,8.597,8.597
North America,Turks and Caicos Islands,TCA,2007,26290.0,9.616,9.616
North America,Turks and Caicos Islands,TCA,2008,27452.0,9.61,9.61
North America,Turks and Caicos Islands,TCA,2009,28610.0,9.605,9.605
North America,Turks and Caicos Islands,TCA,2010,29763.0,9.479,9.479
North America,Turks and Caicos Islands,TCA,2011,30870.0,9.139,9.139
North America,Turks and Caicos Islands,TCA,2012,32152.0,8.775,8.775
North America,Turks and Caicos Islands,TCA,2013,33675.0,8.487,8.487
North America,Turks and Caicos Islands,TCA,2014,35077.0,8.774,8.774
North America,Turks and Caicos Islands,TCA,2015,36632.0,8.602,8.602
North America,Turks and Caicos Islands,TCA,2016,38342.0,8.505,8.505
North America,Turks and Caicos Islands,TCA,2017,39931.0,8.809,8.809
North America,Turks and Caicos Islands,TCA,2018,41580.0,8.636,8.636
North America,Turks and Caicos Islands,TCA,2019,43191.0,8.398,8.398
North America,Turks and Caicos Islands,TCA,2020,44405.0,8.086,8.086
North America,Turks and Caicos Islands,TCA,2021,45262.0,8.095,8.095
North America,Turks and Caicos Islands,TCA,2022,45869.0,7.97,7.97
North America,Turks and Caicos Islands,TCA,2023,46221.0,7.893,7.893
Oceania,Tuvalu,TUV,1990,8821.0,0.415,0.415
Oceania,Tuvalu,TUV,1991,8953.0,0.409,0.409
Oceania,Tuvalu,TUV,1992,9060.0,0.404,0.404
Oceania,Tuvalu,TUV,1993,9146.0,0.801,0.801
Oceania,Tuvalu,TUV,1994,9231.0,0.397,0.397
Oceania,Tuvalu,TUV,1995,9299.0,0.394,0.394
Oceania,Tuvalu,TUV,1996,9363.0,0.391,0.391
Oceania,Tuvalu,TUV,1997,9425.0,0.778,0.778
Oceania,Tuvalu,TUV,1998,9469.0,0.774,0.774
Oceania,Tuvalu,TUV,1999,9518.0,0.77,0.77
Oceania,Tuvalu,TUV,2000,9566.0,0.766,0.766
Oceania,Tuvalu,TUV,2001,9608.0,0.763,0.763
Oceania,Tuvalu,TUV,2002,9645.0,1.14,1.14
Oceania,Tuvalu,TUV,2003,9715.0,1.131,1.131
Oceania,Tuvalu,TUV,2004,9839.0,1.117,1.117
Oceania,Tuvalu,TUV,2005,9964.0,1.103,1.103
Oceania,Tuvalu,TUV,2006,10078.0,1.091,1.091
Oceania,Tuvalu,TUV,2007,10204.0,1.077,1.077
Oceania,Tuvalu,TUV,2008,10344.0,0.708,0.708
Oceania,Tuvalu,TUV,2009,10479.0,1.049,1.049
Oceania,Tuvalu,TUV,2010,10635.0,1.034,1.034
Oceania,Tuvalu,TUV,2011,10804.0,1.017,1.017
Oceania,Tuvalu,TUV,2012,10960.0,1.003,1.003
Oceania,Tuvalu,TUV,2013,11028.0,0.664,0.664
Oceania,Tuvalu,TUV,2014,11007.0,0.666,0.666
Oceania,Tuvalu,TUV,2015,10985.0,0.667,0.667
Oceania,Tuvalu,TUV,2016,10951.0,0.669,0.669
Oceania,Tuvalu,TUV,2017,10892.0,0.673,0.673
Oceania,Tuvalu,TUV,2018,10775.0,1.02,1.02
Oceania,Tuvalu,TUV,2019,10603.0,1.037,1.037
Oceania,Tuvalu,TUV,2020,10423.0,1.055,1.055
Oceania,Tuvalu,TUV,2021,10214.0,1.076,1.076
Oceania,Tuvalu,TUV,2022,10012.0,1.098,1.098
Oceania,Tuvalu,TUV,2023,9837.0,1.112,1.112
Africa,Uganda,UGA,1990,17569895.0,0.043,0.043
Africa,Uganda,UGA,1991,18155901.0,0.043,0.042
Africa,Uganda,UGA,1992,18785037.0,0.043,0.042
Africa,Uganda,UGA,1993,19445161.0,0.041,0.04
Africa,Uganda,UGA,1994,20108804.0,0.035,0.035
Africa,Uganda,UGA,1995,20665673.0,0.045,0.043
Africa,Uganda,UGA,1996,21231553.0,0.048,0.044
Africa,Uganda,UGA,1997,21856044.0,0.049,0.044
Africa,Uganda,UGA,1998,22515809.0,0.054,0.049
Africa,Uganda,UGA,1999,23257279.0,0.054,0.049
Africa,Uganda,UGA,2000,24000158.0,0.057,0.052
Africa,Uganda,UGA,2001,24745678.0,0.057,0.052
Africa,Uganda,UGA,2002,25532872.0,0.056,0.051
Africa,Uganda,UGA,2003,26352124.0,0.057,0.052
Africa,Uganda,UGA,2004,27154513.0,0.059,0.054
Africa,Uganda,UGA,2005,27963287.0,0.072,0.066
Africa,Uganda,UGA,2006,28794005.0,0.083,0.077
Africa,Uganda,UGA,2007,29653437.0,0.091,0.086
Africa,Uganda,UGA,2008,30539547.0,0.091,0.085
Africa,Uganda,UGA,2009,31451147.0,0.095,0.089
Africa,Uganda,UGA,2010,32390801.0,0.11,0.1
Africa,Uganda,UGA,2011,33354541.0,0.115,0.103
Africa,Uganda,UGA,2012,34337436.0,0.106,0.093
Africa,Uganda,UGA,2013,35337050.0,0.106,0.096
Africa,Uganda,UGA,2014,36395542.0,0.112,0.102
Africa,Uganda,UGA,2015,37531444.0,0.121,0.111
Africa,Uganda,UGA,2016,38799153.0,0.124,0.115
Africa,Uganda,UGA,2017,40177384.0,0.135,0.125
Africa,Uganda,UGA,2018,41565839.0,0.133,0.124
Africa,Uganda,UGA,2019,42999636.0,0.134,0.123
Africa,Uganda,UGA,2020,44457148.0,0.125,0.113
Africa,Uganda,UGA,2021,45910931.0,0.136,0.121
Africa,Uganda,UGA,2022,47312718.0,0.13,0.116
Africa,Uganda,UGA,2023,48656606.0,0.128,0.115
Europe,Ukraine,UKR,1990,52054096.0,13.573,3.951
Europe,Ukraine,UKR,1991,52170967.0,12.137,3.201
Europe,Ukraine,UKR,1992,52323675.0,11.267,2.467
Europe,Ukraine,UKR,1993,52350122.0,9.752,1.804
Europe,Ukraine,UKR,1994,52076000.0,8.058,1.489
Europe,Ukraine,UKR,1995,51665535.0,7.552,1.399
Europe,Ukraine,UKR,1996,51226111.0,6.868,1.186
Europe,Ukraine,UKR,1997,50786881.0,6.706,0.973
Europe,Ukraine,UKR,1998,50379728.0,6.528,0.844
Europe,Ukraine,UKR,1999,49976445.0,5.976,0.75
Europe,Ukraine,UKR,2000,49556654.0,5.764,0.637
Europe,Ukraine,UKR,2001,49106854.0,6.188,0.692
Europe,Ukraine,UKR,2002,48677280.0,6.079,0.726
Europe,Ukraine,UKR,2003,48315133.0,6.359,0.77
Europe,Ukraine,UKR,2004,47979502.0,6.474,0.759
Europe,Ukraine,UKR,2005,47585558.0,6.588,0.761
Europe,Ukraine,UKR,2006,47278691.0,7.044,0.856
Europe,Ukraine,UKR,2007,47062802.0,7.157,0.915
Europe,Ukraine,UKR,2008,46819168.0,6.963,0.936
Europe,Ukraine,UKR,2009,46623731.0,5.954,0.915
Europe,Ukraine,UKR,2010,46455997.0,6.336,0.856
Europe,Ukraine,UKR,2011,46307854.0,6.659,0.858
Europe,Ukraine,UKR,2012,46210051.0,6.588,0.832
Europe,Ukraine,UKR,2013,46126760.0,6.45,0.809
Europe,Ukraine,UKR,2014,45972379.0,5.606,0.768
Europe,Ukraine,UKR,2015,45784904.0,4.889,0.666
Europe,Ukraine,UKR,2016,45616831.0,5.132,0.748
Europe,Ukraine,UKR,2017,45436037.0,4.914,0.778
Europe,Ukraine,UKR,2018,45208903.0,5.13,0.779
Europe,Ukraine,UKR,2019,44957451.0,4.942,0.856
Europe,Ukraine,UKR,2020,44680008.0,4.635,0.781
Europe,Ukraine,UKR,2021,44298642.0,4.755,0.837
Europe,Ukraine,UKR,2022,41048768.0,3.485,0.765
Europe,Ukraine,UKR,2023,37732833.0,3.692,0.823
Asia,United Arab Emirates,ARE,1990,1898220.0,27.346,9.284
Asia,United Arab Emirates,ARE,1991,2006630.0,28.354,8.69
Asia,United Arab Emirates,ARE,1992,2114738.0,27.429,9.729
Asia,United Arab Emirates,ARE,1993,2222098.0,29.626,12.371
Asia,United Arab Emirates,ARE,1994,2328191.0,32.364,12.268
Asia,United Arab Emirates,ARE,1995,2434667.0,29.932,9.063
Asia,United Arab Emirates,ARE,1996,2597570.0,29.195,5.926
Asia,United Arab Emirates,ARE,1997,2817410.0,26.016,5.303
Asia,United Arab Emirates,ARE,1998,3040432.0,26.517,6.288
Asia,United Arab Emirates,ARE,1999,3266011.0,23.835,4.687
Asia,United Arab Emirates,ARE,2000,3493583.0,32.138,13.344
Asia,United Arab Emirates,ARE,2001,3723596.0,27.365,9.387
Asia,United Arab Emirates,ARE,2002,3956829.0,21.536,2.606
Asia,United Arab Emirates,ARE,2003,4192465.0,25.547,6.894
Asia,United Arab Emirates,ARE,2004,4428964.0,25.394,6.611
Asia,United Arab Emirates,ARE,2005,4664797.0,24.711,6.523
Asia,United Arab Emirates,ARE,2006,5009106.0,24.5,6.327
Asia,United Arab Emirates,ARE,2007,5624640.0,23.842,6.009
Asia,United Arab Emirates,ARE,2008,6302669.0,24.598,5.564
Asia,United Arab Emirates,ARE,2009,6707063.0,25.21,6.722
Asia,United Arab Emirates,ARE,2010,6938372.0,26.786,8.271
Asia,United Arab Emirates,ARE,2011,7199436.0,27.574,8.105
Asia,United Arab Emirates,ARE,2012,7497122.0,27.787,8.341
Asia,United Arab Emirates,ARE,2013,7831851.0,27.348,7.968
Asia,United Arab Emirates,ARE,2014,8236880.0,26.045,7.315
Asia,United Arab Emirates,ARE,2015,8674633.0,25.943,8.565
Asia,United Arab Emirates,ARE,2016,9030873.0,25.235,8.605
Asia,United Arab Emirates,ARE,2017,9234330.0,21.279,6.454
Asia,United Arab Emirates,ARE,2018,9346870.0,21.837,7.492
Asia,United Arab Emirates,ARE,2019,9377855.0,21.76,6.202
Asia,United Arab Emirates,ARE,2020,9448529.0,22.783,7.093
Asia,United Arab Emirates,ARE,2021,9789055.0,21.675,7.131
Asia,United Arab Emirates,ARE,2022,10242085.0,20.221,5.936
Asia,United Arab Emirates,ARE,2023,10642089.0,19.773,5.91
Europe,United Kingdom,GBR,1990,57367867.0,10.493,3.797
Europe,United Kingdom,GBR,1991,57555199.0,10.588,3.794
Europe,United Kingdom,GBR,1992,57719273.0,10.289,3.785
Europe,United Kingdom,GBR,1993,57861037.0,10.017,3.788
Europe,United Kingdom,GBR,1994,58003200.0,9.896,3.719
Europe,United Kingdom,GBR,1995,58154632.0,9.735,3.638
Europe,United Kingdom,GBR,1996,58298563.0,10.065,3.72
Europe,United Kingdom,GBR,1997,58447091.0,9.628,3.554
Europe,United Kingdom,GBR,1998,58626822.0,9.698,3.496
Europe,United Kingdom,GBR,1999,58838663.0,9.546,3.427
Europe,United Kingdom,GBR,2000,59057333.0,9.635,3.357
Europe,United Kingdom,GBR,2001,59288095.0,9.749,3.351
Europe,United Kingdom,GBR,2002,59540764.0,9.41,3.294
Europe,United Kingdom,GBR,2003,59820385.0,9.556,3.25
Europe,United Kingdom,GBR,2004,60169964.0,9.53,3.29
Europe,United Kingdom,GBR,2005,60596107.0,9.412,3.308
Europe,United Kingdom,GBR,2006,61051093.0,9.301,3.23
Europe,United Kingdom,GBR,2007,61535859.0,9.093,3.188
Europe,United Kingdom,GBR,2008,62027303.0,8.785,3.044
Europe,United Kingdom,GBR,2009,62506222.0,7.905,2.884
Europe,United Kingdom,GBR,2010,63006482.0,8.125,2.854
Europe,United Kingdom,GBR,2011,63509285.0,7.396,2.709
Europe,United Kingdom,GBR,2012,63960488.0,7.622,2.662
Europe,United Kingdom,GBR,2013,64389386.0,7.418,2.574
Europe,United Kingdom,GBR,2014,64865914.0,6.765,2.567
Europe,United Kingdom,GBR,2015,65382107.0,6.461,2.612
Europe,United Kingdom,GBR,2016,65893359.0,6.062,2.64
Europe,United Kingdom,GBR,2017,66354473.0,5.838,2.635
Europe,United Kingdom,GBR,2018,66752473.0,5.689,2.593
Europe,United Kingdom,GBR,2019,67110958.0,5.435,2.518
Europe,United Kingdom,GBR,2020,67351860.0,4.844,2.138
Europe,United Kingdom,GBR,2021,67668788.0,5.059,2.211
Europe,United Kingdom,GBR,2022,68179315.0,4.563,2.146
Europe,United Kingdom,GBR,2023,68682965.0,4.482,2.252
North America,United States,USA,1990,253373387.0,20.254,8.443
North America,United States,USA,1991,256471424.0,19.793,8.118
North America,United States,USA,1992,259606021.0,19.949,8.207
North America,United States,USA,1993,262633229.0,20.102,8.164
North America,United States,USA,1994,265474811.0,20.197,8.219
North America,United States,USA,1995,268205796.0,20.23,8.107
North America,United States,USA,1996,270860695.0,20.679,8.333
North America,United States,USA,1997,273468014.0,20.745,8.315
North America,United States,USA,1998,276119323.0,20.775,8.402
North America,United States,USA,1999,278785482.0,20.806,8.516
North America,United States,USA,2000,281484126.0,21.398,8.67
North America,United States,USA,2001,284279634.0,20.767,8.613
North America,United States,USA,2002,287084335.0,20.718,8.513
North America,United States,USA,2003,289908091.0,20.718,8.641
North America,United States,USA,2004,292786248.0,20.874,8.782
North America,United States,USA,2005,295716666.0,20.719,8.739
North America,United States,USA,2006,298730208.0,20.237,8.538
North America,United States,USA,2007,301844223.0,20.28,8.412
North America,United States,USA,2008,304970325.0,19.409,7.773
North America,United States,USA,2009,308023452.0,17.811,7.284
North America,United States,USA,2010,311062785.0,18.225,7.26
North America,United States,USA,2011,314105075.0,17.634,7.044
North America,United States,USA,2012,317115349.0,16.812,6.787
North America,United States,USA,2013,320110752.0,17.099,6.805
North America,United States,USA,2014,323115377.0,17.119,6.841
North America,United States,USA,2015,326126496.0,16.461,6.856
North America,United States,USA,2016,329179423.0,15.935,6.842
North America,United States,USA,2017,332204657.0,15.639,6.8
North America,United States,USA,2018,335056492.0,16.001,6.881
North America,United States,USA,2019,337790069.0,15.5,6.808
North America,United States,USA,2020,339436156.0,13.817,5.867
North America,United States,USA,2021,340161438.0,14.758,6.416
North America,United States,USA,2022,341534041.0,14.802,6.438
North America,United States,USA,2023,343477330.0,14.319,6.402
South America,Uruguay,URY,1990,3104404.0,1.281,1.204
South America,Uruguay,URY,1991,3122357.0,1.453,1.377
South America,Uruguay,URY,1992,3139704.0,1.641,1.565
South America,Uruguay,URY,1993,3156351.0,1.409,1.335
South America,Uruguay,URY,1994,3172839.0,1.274,1.17
South America,Uruguay,URY,1995,3189438.0,1.431,1.344
South America,Uruguay,URY,1996,3206329.0,1.688,1.588
South America,Uruguay,URY,1997,3223349.0,1.713,1.6
South America,Uruguay,URY,1998,3239286.0,1.745,1.619
South America,Uruguay,URY,1999,3254020.0,2.056,1.931
South America,Uruguay,URY,2000,3266212.0,1.616,1.498
South America,Uruguay,URY,2001,3274257.0,1.539,1.38
South America,Uruguay,URY,2002,3278868.0,1.394,1.243
South America,Uruguay,URY,2003,3281188.0,1.383,1.205
South America,Uruguay,URY,2004,3283157.0,1.698,1.553
South America,Uruguay,URY,2005,3285776.0,1.746,1.606
South America,Uruguay,URY,2006,3289508.0,2.01,1.859
South America,Uruguay,URY,2007,3295155.0,1.809,1.663
South America,Uruguay,URY,2008,3302184.0,2.489,2.352
South America,Uruguay,URY,2009,3310093.0,2.414,2.236
South America,Uruguay,URY,2010,3318581.0,1.905,1.749
South America,Uruguay,URY,2011,3326829.0,2.31,2.139
South America,Uruguay,URY,2012,3335406.0,2.58,2.44
South America,Uruguay,URY,2013,3345335.0,2.239,2.107
South America,Uruguay,URY,2014,3356343.0,1.991,1.866
South America,Uruguay,URY,2015,3368022.0,2.001,1.866
South America,Uruguay,URY,2016,3379279.0,1.93,1.811
South America,Uruguay,URY,2017,3388444.0,1.815,1.684
South America,Uruguay,URY,2018,3394538.0,1.936,1.807
South America,Uruguay,URY,2019,3397206.0,1.886,1.751
South America,Uruguay,URY,2020,3398966.0,1.906,1.772
South America,Uruguay,URY,2021,3396693.0,2.305,2.158
South America,Uruguay,URY,2022,3390913.0,2.212,2.061
South America,Uruguay,URY,2023,3388083.0,2.251,2.094
Asia,Uzbekistan,UZB,1990,20464963.0,5.039,1.425
Asia,Uzbekistan,UZB,1991,20962908.0,4.881,1.372
Asia,Uzbekistan,UZB,1992,21485095.0,5.166,1.022
Asia,Uzbekistan,UZB,1993,21987960.0,5.258,1.106
Asia,Uzbekistan,UZB,1994,22463295.0,4.887,0.901
Asia,Uzbekistan,UZB,1995,22917588.0,4.573,0.813
Asia,Uzbekistan,UZB,1996,23351981.0,4.633,0.777
Asia,Uzbekistan,UZB,1997,23758961.0,4.589,0.789
Asia,Uzbekistan,UZB,1998,24134930.0,5.012,0.766
Asia,Uzbekistan,UZB,1999,24476013.0,5.049,0.788
Asia,Uzbekistan,UZB,2000,24787052.0,4.982,0.776
Asia,Uzbekistan,UZB,2001,25090289.0,5.031,0.758
Asia,Uzbekistan,UZB,2002,25399987.0,5.22,0.737
Asia,Uzbekistan,UZB,2003,25711261.0,5.068,0.777
Asia,Uzbekistan,UZB,2004,26029350.0,4.96,0.715
Asia,Uzbekistan,UZB,2005,26356977.0,4.614,0.547
Asia,Uzbekistan,UZB,2006,26699046.0,4.678,0.542
Asia,Uzbekistan,UZB,2007,27076013.0,4.573,0.509
Asia,Uzbekistan,UZB,2008,27494780.0,4.669,0.476
Asia,Uzbekistan,UZB,2009,27939333.0,3.91,0.417
Asia,Uzbekistan,UZB,2010,28385509.0,3.793,0.383
Asia,Uzbekistan,UZB,2011,28823194.0,4.051,0.345
Asia,Uzbekistan,UZB,2012,29261908.0,4.062,0.305
Asia,Uzbekistan,UZB,2013,29724065.0,3.781,0.346
Asia,Uzbekistan,UZB,2014,30222994.0,3.557,0.334
Asia,Uzbekistan,UZB,2015,30749349.0,3.362,0.333
Asia,Uzbekistan,UZB,2016,31284565.0,3.511,0.343
Asia,Uzbekistan,UZB,2017,31819172.0,3.422,0.349
Asia,Uzbekistan,UZB,2018,32373489.0,3.161,0.361
Asia,Uzbekistan,UZB,2019,32964700.0,3.275,0.343
Asia,Uzbekistan,UZB,2020,33586373.0,3.22,0.372
Asia,Uzbekistan,UZB,2021,34243696.0,3.597,0.325
Asia,Uzbekistan,UZB,2022,34938953.0,3.409,0.329
Asia,Uzbekistan,UZB,2023,35652311.0,3.446,0.326
Oceania,Vanuatu,VUT,1990,148073.0,0.445,0.445
Oceania,Vanuatu,VUT,1991,151807.0,0.434,0.434
Oceania,Vanuatu,VUT,1992,155619.0,0.4,0.4
Oceania,Vanuatu,VUT,1993,159475.0,0.391,0.391
Oceania,Vanuatu,VUT,1994,163328.0,0.381,0.381
Oceania,Vanuatu,VUT,1995,167155.0,0.395,0.395
Oceania,Vanuatu,VUT,1996,170926.0,0.429,0.429
Oceania,Vanuatu,VUT,1997,174638.0,0.441,0.441
Oceania,Vanuatu,VUT,1998,178322.0,0.431,0.431
Oceania,Vanuatu,VUT,1999,182056.0,0.443,0.443
Oceania,Vanuatu,VUT,2000,186290.0,0.452,0.452
Oceania,Vanuatu,VUT,2001,191047.0,0.422,0.422
Oceania,Vanuatu,VUT,2002,195871.0,0.393,0.393
Oceania,Vanuatu,VUT,2003,200760.0,0.383,0.383
Oceania,Vanuatu,VUT,2004,205720.0,0.356,0.356
Oceania,Vanuatu,VUT,2005,210772.0,0.348,0.348
Oceania,Vanuatu,VUT,2006,215939.0,0.339,0.339
Oceania,Vanuatu,VUT,2007,221291.0,0.348,0.348
Oceania,Vanuatu,VUT,2008,226908.0,0.388,0.388
Oceania,Vanuatu,VUT,2009,232740.0,0.52,0.52
Oceania,Vanuatu,VUT,2010,238256.0,0.523,0.523
Oceania,Vanuatu,VUT,2011,243483.0,0.542,0.542
Oceania,Vanuatu,VUT,2012,248894.0,0.471,0.471
Oceania,Vanuatu,VUT,2013,254495.0,0.432,0.432
Oceania,Vanuatu,VUT,2014,260247.0,0.605,0.605
Oceania,Vanuatu,VUT,2015,266115.0,0.496,0.496
Oceania,Vanuatu,VUT,2016,272097.0,0.552,0.552
Oceania,Vanuatu,VUT,2017,278518.0,0.5,0.5
Oceania,Vanuatu,VUT,2018,285273.0,0.617,0.617
Oceania,Vanuatu,VUT,2019,291995.0,0.565,0.565
Oceania,Vanuatu,VUT,2020,298867.0,0.687,0.687
Oceania,Vanuatu,VUT,2021,305882.0,0.707,0.707
Oceania,Vanuatu,VUT,2022,313061.0,0.605,0.605
Oceania,Vanuatu,VUT,2023,320422.0,0.588,0.588
South America,Venezuela,VEN,1990,19827005.0,6.096,3.394
South America,Venezuela,VEN,1991,20304898.0,5.625,2.929
South America,Venezuela,VEN,1992,20780946.0,5.04,3.504
South America,Venezuela,VEN,1993,21254525.0,5.789,3.21
South America,Venezuela,VEN,1994,21725186.0,5.48,2.883
South America,Venezuela,VEN,1995,22193822.0,5.625,2.702
South America,Venezuela,VEN,1996,22662117.0,5.222,2.06
South America,Venezuela,VEN,1997,23131691.0,5.609,2.399
South America,Venezuela,VEN,1998,23601341.0,5.72,2.864
South America,Venezuela,VEN,1999,24066595.0,5.947,3.573
South America,Venezuela,VEN,2000,24526707.0,5.826,3.367
South America,Venezuela,VEN,2001,24979934.0,5.229,2.995
South America,Venezuela,VEN,2002,25435674.0,6.457,3.99
South America,Venezuela,VEN,2003,25892710.0,5.962,3.676
South America,Venezuela,VEN,2004,26340843.0,5.423,3.24
South America,Venezuela,VEN,2005,26785797.0,5.541,3.631
South America,Venezuela,VEN,2006,27224691.0,5.724,3.697
South America,Venezuela,VEN,2007,27649369.0,5.576,3.591
South America,Venezuela,VEN,2008,28053694.0,5.552,3.621
South America,Venezuela,VEN,2009,28438296.0,5.351,3.477
South America,Venezuela,VEN,2010,28813101.0,6.58,4.607
South America,Venezuela,VEN,2011,29185220.0,5.781,3.645
South America,Venezuela,VEN,2012,29553829.0,5.95,3.606
South America,Venezuela,VEN,2013,29912195.0,6.634,4.288
South America,Venezuela,VEN,2014,30254080.0,5.817,3.527
South America,Venezuela,VEN,2015,30573968.0,5.44,3.218
South America,Venezuela,VEN,2016,30765719.0,4.964,2.719
South America,Venezuela,VEN,2017,30565331.0,4.551,2.469
South America,Venezuela,VEN,2018,29807591.0,3.732,1.77
South America,Venezuela,VEN,2019,28938096.0,3.643,1.802
South America,Venezuela,VEN,2020,28444080.0,2.844,1.346
South America,Venezuela,VEN,2021,28237830.0,3.361,1.43
South America,Venezuela,VEN,2022,28213015.0,3.843,1.834
South America,Venezuela,VEN,2023,28300861.0,4.226,2.211
Asia,Vietnam,VNM,1990,65504551.0,0.325,0.139
Asia,Vietnam,VNM,1991,66891778.0,0.32,0.12
Asia,Vietnam,VNM,1992,68260336.0,0.314,0.128
Asia,Vietnam,VNM,1993,69586394.0,0.328,0.174
Asia,Vietnam,VNM,1994,70854393.0,0.386,0.186
Asia,Vietnam,VNM,1995,72049945.0,0.418,0.183
Asia,Vietnam,VNM,1996,73156456.0,0.485,0.218
Asia,Vietnam,VNM,1997,74226890.0,0.613,0.248
Asia,Vietnam,VNM,1998,75299665.0,0.636,0.253
Asia,Vietnam,VNM,1999,76287454.0,0.636,0.265
Asia,Vietnam,VNM,2000,77154016.0,0.699,0.301
Asia,Vietnam,VNM,2001,77969357.0,0.782,0.328
Asia,Vietnam,VNM,2002,78772227.0,0.883,0.364
Asia,Vietnam,VNM,2003,79563778.0,0.971,0.371
Asia,Vietnam,VNM,2004,80338977.0,1.107,0.422
Asia,Vietnam,VNM,2005,81088309.0,1.182,0.418
Asia,Vietnam,VNM,2006,82167901.0,1.213,0.395
Asia,Vietnam,VNM,2007,83633374.0,1.213,0.447
Asia,Vietnam,VNM,2008,85175789.0,1.342,0.475
Asia,Vietnam,VNM,2009,86460023.0,1.44,0.501
Asia,Vietnam,VNM,2010,87455148.0,1.596,0.564
Asia,Vietnam,VNM,2011,88468315.0,1.725,0.533
Asia,Vietnam,VNM,2012,89510355.0,1.612,0.494
Asia,Vietnam,VNM,2013,90573103.0,1.672,0.485
Asia,Vietnam,VNM,2014,91679582.0,1.964,0.52
Asia,Vietnam,VNM,2015,92823254.0,2.299,0.635
Asia,Vietnam,VNM,2016,94000115.0,2.351,0.589
Asia,Vietnam,VNM,2017,95176978.0,2.392,0.599
Asia,Vietnam,VNM,2018,96237319.0,2.655,0.661
Asia,Vietnam,VNM,2019,97173778.0,3.492,0.729
Asia,Vietnam,VNM,2020,98079196.0,3.697,0.697
Asia,Vietnam,VNM,2021,98935101.0,3.176,0.648
Asia,Vietnam,VNM,2022,99680656.0,3.237,0.73
Asia,Vietnam,VNM,2023,100352189.0,3.462,0.779
Oceania,Wallis and Futuna,WLF,1990,13503.0,1.357,1.357
Oceania,Wallis and Futuna,WLF,1991,13654.0,1.342,1.342
Oceania,Wallis and Futuna,WLF,1992,13799.0,1.328,1.328
Oceania,Wallis and Futuna,WLF,1993,13949.0,1.576,1.576
Oceania,Wallis and Futuna,WLF,1994,14084.0,1.561,1.561
Oceania,Wallis and Futuna,WLF,1995,14222.0,1.546,1.546
Oceania,Wallis and Futuna,WLF,1996,14340.0,1.533,1.533
Oceania,Wallis and Futuna,WLF,1997,14438.0,1.523,1.523
Oceania,Wallis and Futuna,WLF,1998,14553.0,1.511,1.511
Oceania,Wallis and Futuna,WLF,1999,14675.0,1.498,1.498
Oceania,Wallis and Futuna,WLF,2000,14804.0,1.485,1.485
Oceania,Wallis and Futuna,WLF,2001,14931.0,1.718,1.718
Oceania,Wallis and Futuna,WLF,2002,15048.0,1.704,1.704
Oceania,Wallis and Futuna,WLF,2003,15071.0,1.702,1.702
Oceania,Wallis and Futuna,WLF,2004,14916.0,1.719,1.719
Oceania,Wallis and Futuna,WLF,2005,14635.0,1.753,1.753
Oceania,Wallis and Futuna,WLF,2006,14333.0,1.789,1.789
Oceania,Wallis and Futuna,WLF,2007,14020.0,1.829,1.829
Oceania,Wallis and Futuna,WLF,2008,13706.0,1.871,1.871
Oceania,Wallis and Futuna,WLF,2009,13436.0,1.909,1.909
Oceania,Wallis and Futuna,WLF,2010,13189.0,1.945,1.945
Oceania,Wallis and Futuna,WLF,2011,12942.0,1.982,1.982
Oceania,Wallis and Futuna,WLF,2012,12709.0,2.018,2.018
Oceania,Wallis and Futuna,WLF,2013,12500.0,2.052,2.052
Oceania,Wallis and Futuna,WLF,2014,12328.0,2.08,2.08
Oceania,Wallis and Futuna,WLF,2015,12185.0,2.105,2.105
Oceania,Wallis and Futuna,WLF,2016,12057.0,2.127,2.127
Oceania,Wallis and Futuna,WLF,2017,11945.0,2.147,2.147
Oceania,Wallis and Futuna,WLF,2018,11827.0,2.169,2.169
Oceania,Wallis and Futuna,WLF,2019,11711.0,2.19,2.19
Oceania,Wallis and Futuna,WLF,2020,11640.0,2.518,2.518
Oceania,Wallis and Futuna,WLF,2021,11590.0,2.529,2.529
Oceania,Wallis and Futuna,WLF,2022,11501.0,2.549,2.549
Oceania,Wallis and Futuna,WLF,2023,11394.0,2.56,2.56
Asia,Yemen,YEM,1990,13887863.0,0.689,0.661
Asia,Yemen,YEM,1991,14430205.0,0.636,0.608
Asia,Yemen,YEM,1992,14989497.0,0.662,0.637
Asia,Yemen,YEM,1993,15563919.0,0.558,0.533
Asia,Yemen,YEM,1994,16149147.0,0.617,0.536
Asia,Yemen,YEM,1995,16740057.0,0.665,0.592
Asia,Yemen,YEM,1996,17313181.0,0.657,0.584
Asia,Yemen,YEM,1997,17873943.0,0.686,0.606
Asia,Yemen,YEM,1998,18446015.0,0.701,0.628
Asia,Yemen,YEM,1999,19029421.0,0.778,0.691
Asia,Yemen,YEM,2000,19624139.0,0.807,0.711
Asia,Yemen,YEM,2001,20226146.0,0.85,0.764
Asia,Yemen,YEM,2002,20835092.0,0.802,0.719
Asia,Yemen,YEM,2003,21456379.0,0.867,0.77
Asia,Yemen,YEM,2004,22095161.0,0.91,0.819
Asia,Yemen,YEM,2005,22790082.0,0.956,0.845
Asia,Yemen,YEM,2006,23543090.0,1.015,0.874
Asia,Yemen,YEM,2007,24318090.0,0.974,0.826
Asia,Yemen,YEM,2008,25111941.0,0.977,0.842
Asia,Yemen,YEM,2009,25927723.0,1.037,0.868
Asia,Yemen,YEM,2010,26754383.0,0.965,0.751
Asia,Yemen,YEM,2011,27582902.0,0.82,0.632
Asia,Yemen,YEM,2012,28433655.0,0.72,0.539
Asia,Yemen,YEM,2013,29312955.0,0.931,0.727
Asia,Yemen,YEM,2014,30226311.0,0.88,0.687
Asia,Yemen,YEM,2015,31159378.0,0.453,0.309
Asia,Yemen,YEM,2016,32109023.0,0.313,0.236
Asia,Yemen,YEM,2017,33090923.0,0.278,0.222
Asia,Yemen,YEM,2018,34085181.0,0.338,0.279
Asia,Yemen,YEM,2019,35111416.0,0.336,0.267
Asia,Yemen,YEM,2020,36134867.0,0.298,0.225
Asia,Yemen,YEM,2021,37140234.0,0.286,0.211
Asia,Yemen,YEM,2022,38222878.0,0.272,0.208
Asia,Yemen,YEM,2023,39390800.0,0.257,0.204
Africa,Zambia,ZMB,1990,7786163.0,0.309,0.179
Africa,Zambia,ZMB,1991,7981653.0,0.298,0.174
Africa,Zambia,ZMB,1992,8176677.0,0.297,0.173
Africa,Zambia,ZMB,1993,8373920.0,0.294,0.172
Africa,Zambia,ZMB,1994,8576270.0,0.279,0.168
Africa,Zambia,ZMB,1995,8785768.0,0.244,0.192
Africa,Zambia,ZMB,1996,9004059.0,0.204,0.142
Africa,Zambia,ZMB,1997,9237064.0,0.255,0.186
Africa,Zambia,ZMB,1998,9482414.0,0.24,0.177
Africa,Zambia,ZMB,1999,9740013.0,0.183,0.141
Africa,Zambia,ZMB,2000,10017633.0,0.178,0.134
Africa,Zambia,ZMB,2001,10325186.0,0.183,0.145
Africa,Zambia,ZMB,2002,10647955.0,0.184,0.147
Africa,Zambia,ZMB,2003,10983604.0,0.189,0.147
Africa,Zambia,ZMB,2004,11338201.0,0.186,0.151
Africa,Zambia,ZMB,2005,11718819.0,0.191,0.15
Africa,Zambia,ZMB,2006,12129560.0,0.184,0.155
Africa,Zambia,ZMB,2007,12565093.0,0.183,0.143
Africa,Zambia,ZMB,2008,13021327.0,0.196,0.155
Africa,Zambia,ZMB,2009,13490395.0,0.218,0.163
Africa,Zambia,ZMB,2010,13965592.0,0.223,0.165
Africa,Zambia,ZMB,2011,14437796.0,0.234,0.183
Africa,Zambia,ZMB,2012,14913631.0,0.28,0.215
Africa,Zambia,ZMB,2013,15399000.0,0.287,0.211
Africa,Zambia,ZMB,2014,15895320.0,0.332,0.23
Africa,Zambia,ZMB,2015,16399092.0,0.337,0.236
Africa,Zambia,ZMB,2016,16914428.0,0.353,0.25
Africa,Zambia,ZMB,2017,17441328.0,0.428,0.234
Africa,Zambia,ZMB,2018,17973574.0,0.482,0.201
Africa,Zambia,ZMB,2019,18513839.0,0.478,0.24
Africa,Zambia,ZMB,2020,19059394.0,0.524,0.235
Africa,Zambia,ZMB,2021,19603610.0,0.477,0.244
Africa,Zambia,ZMB,2022,20152935.0,0.543,0.247
Africa,Zambia,ZMB,2023,20723967.0,0.571,0.245
Africa,Zimbabwe,ZWE,1990,10137287.0,1.533,0.181
Africa,Zimbabwe,ZWE,1991,10404820.0,1.489,0.227
Africa,Zimbabwe,ZWE,1992,10702697.0,1.561,0.263
Africa,Zimbabwe,ZWE,1993,10860285.0,1.476,0.282
Africa,Zimbabwe,ZWE,1994,10873146.0,1.599,0.312
Africa,Zimbabwe,ZWE,1995,10974607.0,1.368,0.366
Africa,Zimbabwe,ZWE,1996,11158364.0,1.335,0.358
Africa,Zimbabwe,ZWE,1997,11369833.0,1.223,0.348
Africa,Zimbabwe,ZWE,1998,11594299.0,1.218,0.341
Africa,Zimbabwe,ZWE,1999,11783454.0,1.334,0.4
Africa,Zimbabwe,ZWE,2000,11892055.0,1.162,0.276
Africa,Zimbabwe,ZWE,2001,11971904.0,1.045,0.221
Africa,Zimbabwe,ZWE,2002,12087661.0,0.984,0.209
Africa,Zimbabwe,ZWE,2003,12232324.0,0.867,0.185
Africa,Zimbabwe,ZWE,2004,12365901.0,0.762,0.147
Africa,Zimbabwe,ZWE,2005,12483433.0,0.857,0.159
Africa,Zimbabwe,ZWE,2006,12636442.0,0.82,0.151
Africa,Zimbabwe,ZWE,2007,12804062.0,0.768,0.146
Africa,Zimbabwe,ZWE,2008,12959154.0,0.596,0.124
Africa,Zimbabwe,ZWE,2009,13142791.0,0.628,0.125
Africa,Zimbabwe,ZWE,2010,13356551.0,0.655,0.145
Africa,Zimbabwe,ZWE,2011,13595421.0,0.762,0.24
Africa,Zimbabwe,ZWE,2012,13817887.0,0.815,0.267
Africa,Zimbabwe,ZWE,2013,14013811.0,0.833,0.293
Africa,Zimbabwe,ZWE,2014,14207367.0,0.841,0.262
Africa,Zimbabwe,ZWE,2015,14399008.0,0.835,0.261
Africa,Zimbabwe,ZWE,2016,14600297.0,0.725,0.233
Africa,Zimbabwe,ZWE,2017,14812484.0,0.664,0.227
Africa,Zimbabwe,ZWE,2018,15034457.0,0.746,0.277
Africa,Zimbabwe,ZWE,2019,15271377.0,0.672,0.248
Africa,Zimbabwe,ZWE,2020,15526887.0,0.547,0.197
Africa,Zimbabwe,ZWE,2021,15797220.0,0.647,0.237
Africa,Zimbabwe,ZWE,2022,16069061.0,0.761,0.291
Africa,Zimbabwe,ZWE,2023,16340829.0,0.823,0.292
